[   27410ms] [WARNING] [.WebGL-0x1ff403b55400] GL_INVALID_OPERATION: glDrawElements: Must have element array buffer bound. @ http://localhost:8080/:0
[   27499ms] [WARNING] [.WebGL-0x1ff403b55400] GL_INVALID_OPERATION: glDrawElements: Must have element array buffer bound. @ http://localhost:8080/:0
[   27566ms] [WARNING] [.WebGL-0x1ff403b55400] GL_INVALID_OPERATION: glDrawElements: Must have element array buffer bound. @ http://localhost:8080/:0
[   27630ms] [WARNING] [.WebGL-0x1ff403b55400] GL_INVALID_OPERATION: glDrawElements: Must have element array buffer bound. @ http://localhost:8080/:0
[   27689ms] [WARNING] [.WebGL-0x1ff403b55400] GL_INVALID_OPERATION: glDrawElements: Must have element array buffer bound. @ http://localhost:8080/:0
[   27744ms] [WARNING] [.WebGL-0x1ff403b55400] GL_INVALID_OPERATION: glDrawElements: Must have element array buffer bound. @ http://localhost:8080/:0
[   27791ms] [WARNING] [.WebGL-0x1ff403b55400] GL_INVALID_OPERATION: glDrawElements: Must have element array buffer bound. @ http://localhost:8080/:0
[   27835ms] [WARNING] [.WebGL-0x1ff403b55400] GL_INVALID_OPERATION: glDrawElements: Must have element array buffer bound. @ http://localhost:8080/:0
[   27878ms] [WARNING] [.WebGL-0x1ff403b55400] GL_INVALID_OPERATION: glDrawElements: Must have element array buffer bound. @ http://localhost:8080/:0
[   27923ms] [WARNING] [.WebGL-0x1ff403b55400] GL_INVALID_OPERATION: glDrawElements: Must have element array buffer bound. @ http://localhost:8080/:0
[   27967ms] [WARNING] [.WebGL-0x1ff403b55400] GL_INVALID_OPERATION: glDrawElements: Must have element array buffer bound. @ http://localhost:8080/:0
[   28012ms] [WARNING] [.WebGL-0x1ff403b55400] GL_INVALID_OPERATION: glDrawElements: Must have element array buffer bound. @ http://localhost:8080/:0
[   28056ms] [WARNING] [.WebGL-0x1ff403b55400] GL_INVALID_OPERATION: glDrawElements: Must have element array buffer bound. @ http://localhost:8080/:0
[   28100ms] [WARNING] [.WebGL-0x1ff403b55400] GL_INVALID_OPERATION: glDrawElements: Must have element array buffer bound. @ http://localhost:8080/:0
[   28143ms] [WARNING] [.WebGL-0x1ff403b55400] GL_INVALID_OPERATION: glDrawElements: Must have element array buffer bound. @ http://localhost:8080/:0
[   28190ms] [WARNING] [.WebGL-0x1ff403b55400] GL_INVALID_OPERATION: glDrawElements: Must have element array buffer bound. @ http://localhost:8080/:0
[   28236ms] [WARNING] [.WebGL-0x1ff403b55400] GL_INVALID_OPERATION: glDrawElements: Must have element array buffer bound. @ http://localhost:8080/:0
[   28283ms] [WARNING] [.WebGL-0x1ff403b55400] GL_INVALID_OPERATION: glDrawElements: Must have element array buffer bound. @ http://localhost:8080/:0
[   28325ms] [WARNING] [.WebGL-0x1ff403b55400] GL_INVALID_OPERATION: glDrawElements: Must have element array buffer bound. @ http://localhost:8080/:0
[   28370ms] [WARNING] [.WebGL-0x1ff403b55400] GL_INVALID_OPERATION: glDrawElements: Must have element array buffer bound. @ http://localhost:8080/:0
[   28416ms] [WARNING] [.WebGL-0x1ff403b55400] GL_INVALID_OPERATION: glDrawElements: Must have element array buffer bound. @ http://localhost:8080/:0
[   28468ms] [WARNING] [.WebGL-0x1ff403b55400] GL_INVALID_OPERATION: glDrawElements: Must have element array buffer bound. @ http://localhost:8080/:0
[   28520ms] [WARNING] [.WebGL-0x1ff403b55400] GL_INVALID_OPERATION: glDrawElements: Must have element array buffer bound. @ http://localhost:8080/:0
[   28577ms] [WARNING] [.WebGL-0x1ff403b55400] GL_INVALID_OPERATION: glDrawElements: Must have element array buffer bound. @ http://localhost:8080/:0
[   28626ms] [WARNING] [.WebGL-0x1ff403b55400] GL_INVALID_OPERATION: glDrawElements: Must have element array buffer bound. @ http://localhost:8080/:0
[   28679ms] [WARNING] [.WebGL-0x1ff403b55400] GL_INVALID_OPERATION: glDrawElements: Must have element array buffer bound. @ http://localhost:8080/:0
[   28732ms] [WARNING] [.WebGL-0x1ff403b55400] GL_INVALID_OPERATION: glDrawElements: Must have element array buffer bound. @ http://localhost:8080/:0
[   28782ms] [WARNING] [.WebGL-0x1ff403b55400] GL_INVALID_OPERATION: glDrawElements: Must have element array buffer bound. @ http://localhost:8080/:0
[   28830ms] [WARNING] [.WebGL-0x1ff403b55400] GL_INVALID_OPERATION: glDrawElements: Must have element array buffer bound. @ http://localhost:8080/:0
[   28877ms] [WARNING] [.WebGL-0x1ff403b55400] GL_INVALID_OPERATION: glDrawElements: Must have element array buffer bound. @ http://localhost:8080/:0
[   28925ms] [WARNING] [.WebGL-0x1ff403b55400] GL_INVALID_OPERATION: glDrawElements: Must have element array buffer bound. @ http://localhost:8080/:0
[   28973ms] [WARNING] [.WebGL-0x1ff403b55400] GL_INVALID_OPERATION: glDrawElements: Must have element array buffer bound. @ http://localhost:8080/:0
[   29019ms] [WARNING] [.WebGL-0x1ff403b55400] GL_INVALID_OPERATION: glDrawElements: Must have element array buffer bound. @ http://localhost:8080/:0
[   29070ms] [WARNING] [.WebGL-0x1ff403b55400] GL_INVALID_OPERATION: glDrawElements: Must have element array buffer bound. @ http://localhost:8080/:0
[   29119ms] [WARNING] [.WebGL-0x1ff403b55400] GL_INVALID_OPERATION: glDrawElements: Must have element array buffer bound. @ http://localhost:8080/:0
[   29166ms] [WARNING] [.WebGL-0x1ff403b55400] GL_INVALID_OPERATION: glDrawElements: Must have element array buffer bound. @ http://localhost:8080/:0
[   29213ms] [WARNING] [.WebGL-0x1ff403b55400] GL_INVALID_OPERATION: glDrawElements: Must have element array buffer bound. @ http://localhost:8080/:0
[   29259ms] [WARNING] [.WebGL-0x1ff403b55400] GL_INVALID_OPERATION: glDrawElements: Must have element array buffer bound. @ http://localhost:8080/:0
[   29305ms] [WARNING] [.WebGL-0x1ff403b55400] GL_INVALID_OPERATION: glDrawElements: Must have element array buffer bound. @ http://localhost:8080/:0
[   29350ms] [WARNING] [.WebGL-0x1ff403b55400] GL_INVALID_OPERATION: glDrawElements: Must have element array buffer bound. @ http://localhost:8080/:0
[   29395ms] [WARNING] [.WebGL-0x1ff403b55400] GL_INVALID_OPERATION: glDrawElements: Must have element array buffer bound. @ http://localhost:8080/:0
[   29448ms] [WARNING] [.WebGL-0x1ff403b55400] GL_INVALID_OPERATION: glDrawElements: Must have element array buffer bound. @ http://localhost:8080/:0
[   29497ms] [WARNING] [.WebGL-0x1ff403b55400] GL_INVALID_OPERATION: glDrawElements: Must have element array buffer bound. @ http://localhost:8080/:0
[   29549ms] [WARNING] [.WebGL-0x1ff403b55400] GL_INVALID_OPERATION: glDrawElements: Must have element array buffer bound. @ http://localhost:8080/:0
[   29595ms] [WARNING] [.WebGL-0x1ff403b55400] GL_INVALID_OPERATION: glDrawElements: Must have element array buffer bound. @ http://localhost:8080/:0
[   29640ms] [WARNING] [.WebGL-0x1ff403b55400] GL_INVALID_OPERATION: glDrawElements: Must have element array buffer bound. @ http://localhost:8080/:0
[   29684ms] [WARNING] [.WebGL-0x1ff403b55400] GL_INVALID_OPERATION: glDrawElements: Must have element array buffer bound. @ http://localhost:8080/:0
[   29731ms] [WARNING] [.WebGL-0x1ff403b55400] GL_INVALID_OPERATION: glDrawElements: Must have element array buffer bound. @ http://localhost:8080/:0
[   29778ms] [WARNING] [.WebGL-0x1ff403b55400] GL_INVALID_OPERATION: glDrawElements: Must have element array buffer bound. @ http://localhost:8080/:0
[   29824ms] [WARNING] [.WebGL-0x1ff403b55400] GL_INVALID_OPERATION: glDrawElements: Must have element array buffer bound. @ http://localhost:8080/:0
[   29870ms] [WARNING] [.WebGL-0x1ff403b55400] GL_INVALID_OPERATION: glDrawElements: Must have element array buffer bound. @ http://localhost:8080/:0
[   29916ms] [WARNING] [.WebGL-0x1ff403b55400] GL_INVALID_OPERATION: glDrawElements: Must have element array buffer bound. @ http://localhost:8080/:0
[   29963ms] [WARNING] [.WebGL-0x1ff403b55400] GL_INVALID_OPERATION: glDrawElements: Must have element array buffer bound. @ http://localhost:8080/:0
[   30007ms] [WARNING] [.WebGL-0x1ff403b55400] GL_INVALID_OPERATION: glDrawElements: Must have element array buffer bound. @ http://localhost:8080/:0
[   30055ms] [WARNING] [.WebGL-0x1ff403b55400] GL_INVALID_OPERATION: glDrawElements: Must have element array buffer bound. @ http://localhost:8080/:0
[   30105ms] [WARNING] [.WebGL-0x1ff403b55400] GL_INVALID_OPERATION: glDrawElements: Must have element array buffer bound. @ http://localhost:8080/:0
[   30157ms] [WARNING] [.WebGL-0x1ff403b55400] GL_INVALID_OPERATION: glDrawElements: Must have element array buffer bound. @ http://localhost:8080/:0
[   30203ms] [WARNING] [.WebGL-0x1ff403b55400] GL_INVALID_OPERATION: glDrawElements: Must have element array buffer bound. @ http://localhost:8080/:0
[   30251ms] [WARNING] [.WebGL-0x1ff403b55400] GL_INVALID_OPERATION: glDrawElements: Must have element array buffer bound. @ http://localhost:8080/:0
[   30294ms] [WARNING] [.WebGL-0x1ff403b55400] GL_INVALID_OPERATION: glDrawElements: Must have element array buffer bound. @ http://localhost:8080/:0
[   30338ms] [WARNING] [.WebGL-0x1ff403b55400] GL_INVALID_OPERATION: glDrawElements: Must have element array buffer bound. @ http://localhost:8080/:0
[   30383ms] [WARNING] [.WebGL-0x1ff403b55400] GL_INVALID_OPERATION: glDrawElements: Must have element array buffer bound. @ http://localhost:8080/:0
[   30428ms] [WARNING] [.WebGL-0x1ff403b55400] GL_INVALID_OPERATION: glDrawElements: Must have element array buffer bound. @ http://localhost:8080/:0
[   30473ms] [WARNING] [.WebGL-0x1ff403b55400] GL_INVALID_OPERATION: glDrawElements: Must have element array buffer bound. @ http://localhost:8080/:0
[   30520ms] [WARNING] [.WebGL-0x1ff403b55400] GL_INVALID_OPERATION: glDrawElements: Must have element array buffer bound. @ http://localhost:8080/:0
[   30566ms] [WARNING] [.WebGL-0x1ff403b55400] GL_INVALID_OPERATION: glDrawElements: Must have element array buffer bound. @ http://localhost:8080/:0
[   30610ms] [WARNING] [.WebGL-0x1ff403b55400] GL_INVALID_OPERATION: glDrawElements: Must have element array buffer bound. @ http://localhost:8080/:0
[   30654ms] [WARNING] [.WebGL-0x1ff403b55400] GL_INVALID_OPERATION: glDrawElements: Must have element array buffer bound. @ http://localhost:8080/:0
[   30700ms] [WARNING] [.WebGL-0x1ff403b55400] GL_INVALID_OPERATION: glDrawElements: Must have element array buffer bound. @ http://localhost:8080/:0
[   30746ms] [WARNING] [.WebGL-0x1ff403b55400] GL_INVALID_OPERATION: glDrawElements: Must have element array buffer bound. @ http://localhost:8080/:0
[   30791ms] [WARNING] [.WebGL-0x1ff403b55400] GL_INVALID_OPERATION: glDrawElements: Must have element array buffer bound. @ http://localhost:8080/:0
[   30837ms] [WARNING] [.WebGL-0x1ff403b55400] GL_INVALID_OPERATION: glDrawElements: Must have element array buffer bound. @ http://localhost:8080/:0
[   30883ms] [WARNING] [.WebGL-0x1ff403b55400] GL_INVALID_OPERATION: glDrawElements: Must have element array buffer bound. @ http://localhost:8080/:0
[   30929ms] [WARNING] [.WebGL-0x1ff403b55400] GL_INVALID_OPERATION: glDrawElements: Must have element array buffer bound. @ http://localhost:8080/:0
[   30977ms] [WARNING] [.WebGL-0x1ff403b55400] GL_INVALID_OPERATION: glDrawElements: Must have element array buffer bound. @ http://localhost:8080/:0
[   31023ms] [WARNING] [.WebGL-0x1ff403b55400] GL_INVALID_OPERATION: glDrawElements: Must have element array buffer bound. @ http://localhost:8080/:0
[   31069ms] [WARNING] [.WebGL-0x1ff403b55400] GL_INVALID_OPERATION: glDrawElements: Must have element array buffer bound. @ http://localhost:8080/:0
[   31114ms] [WARNING] [.WebGL-0x1ff403b55400] GL_INVALID_OPERATION: glDrawElements: Must have element array buffer bound. @ http://localhost:8080/:0
[   31160ms] [WARNING] [.WebGL-0x1ff403b55400] GL_INVALID_OPERATION: glDrawElements: Must have element array buffer bound. @ http://localhost:8080/:0
[   31206ms] [WARNING] [.WebGL-0x1ff403b55400] GL_INVALID_OPERATION: glDrawElements: Must have element array buffer bound. @ http://localhost:8080/:0
[   31250ms] [WARNING] [.WebGL-0x1ff403b55400] GL_INVALID_OPERATION: glDrawElements: Must have element array buffer bound. @ http://localhost:8080/:0
[   31297ms] [WARNING] [.WebGL-0x1ff403b55400] GL_INVALID_OPERATION: glDrawElements: Must have element array buffer bound. @ http://localhost:8080/:0
[   31341ms] [WARNING] [.WebGL-0x1ff403b55400] GL_INVALID_OPERATION: glDrawElements: Must have element array buffer bound. @ http://localhost:8080/:0
[   31387ms] [WARNING] [.WebGL-0x1ff403b55400] GL_INVALID_OPERATION: glDrawElements: Must have element array buffer bound. @ http://localhost:8080/:0
[   31432ms] [WARNING] [.WebGL-0x1ff403b55400] GL_INVALID_OPERATION: glDrawElements: Must have element array buffer bound. @ http://localhost:8080/:0
[   31479ms] [WARNING] [.WebGL-0x1ff403b55400] GL_INVALID_OPERATION: glDrawElements: Must have element array buffer bound. @ http://localhost:8080/:0
[   31524ms] [WARNING] [.WebGL-0x1ff403b55400] GL_INVALID_OPERATION: glDrawElements: Must have element array buffer bound. @ http://localhost:8080/:0
[   31572ms] [WARNING] [.WebGL-0x1ff403b55400] GL_INVALID_OPERATION: glDrawElements: Must have element array buffer bound. @ http://localhost:8080/:0
[   31617ms] [WARNING] [.WebGL-0x1ff403b55400] GL_INVALID_OPERATION: glDrawElements: Must have element array buffer bound. @ http://localhost:8080/:0
[   31662ms] [WARNING] [.WebGL-0x1ff403b55400] GL_INVALID_OPERATION: glDrawElements: Must have element array buffer bound. @ http://localhost:8080/:0
[   31707ms] [WARNING] [.WebGL-0x1ff403b55400] GL_INVALID_OPERATION: glDrawElements: Must have element array buffer bound. @ http://localhost:8080/:0
[   31753ms] [WARNING] [.WebGL-0x1ff403b55400] GL_INVALID_OPERATION: glDrawElements: Must have element array buffer bound. @ http://localhost:8080/:0
[   31799ms] [WARNING] [.WebGL-0x1ff403b55400] GL_INVALID_OPERATION: glDrawElements: Must have element array buffer bound. @ http://localhost:8080/:0
[   31845ms] [WARNING] [.WebGL-0x1ff403b55400] GL_INVALID_OPERATION: glDrawElements: Must have element array buffer bound. @ http://localhost:8080/:0
[   31892ms] [WARNING] [.WebGL-0x1ff403b55400] GL_INVALID_OPERATION: glDrawElements: Must have element array buffer bound. @ http://localhost:8080/:0
[   31945ms] [WARNING] [.WebGL-0x1ff403b55400] GL_INVALID_OPERATION: glDrawElements: Must have element array buffer bound. @ http://localhost:8080/:0
[   31993ms] [WARNING] [.WebGL-0x1ff403b55400] GL_INVALID_OPERATION: glDrawElements: Must have element array buffer bound. @ http://localhost:8080/:0
[   32038ms] [WARNING] [.WebGL-0x1ff403b55400] GL_INVALID_OPERATION: glDrawElements: Must have element array buffer bound. @ http://localhost:8080/:0
[   32082ms] [WARNING] [.WebGL-0x1ff403b55400] GL_INVALID_OPERATION: glDrawElements: Must have element array buffer bound. @ http://localhost:8080/:0
[   32127ms] [WARNING] [.WebGL-0x1ff403b55400] GL_INVALID_OPERATION: glDrawElements: Must have element array buffer bound. @ http://localhost:8080/:0
[   32171ms] [WARNING] [.WebGL-0x1ff403b55400] GL_INVALID_OPERATION: glDrawElements: Must have element array buffer bound. @ http://localhost:8080/:0
[   32226ms] [WARNING] [.WebGL-0x1ff403b55400] GL_INVALID_OPERATION: glDrawElements: Must have element array buffer bound. @ http://localhost:8080/:0
[   32277ms] [WARNING] [.WebGL-0x1ff403b55400] GL_INVALID_OPERATION: glDrawElements: Must have element array buffer bound. @ http://localhost:8080/:0
[   32329ms] [WARNING] [.WebGL-0x1ff403b55400] GL_INVALID_OPERATION: glDrawElements: Must have element array buffer bound. @ http://localhost:8080/:0
[   32378ms] [WARNING] [.WebGL-0x1ff403b55400] GL_INVALID_OPERATION: glDrawElements: Must have element array buffer bound. @ http://localhost:8080/:0
[   32428ms] [WARNING] [.WebGL-0x1ff403b55400] GL_INVALID_OPERATION: glDrawElements: Must have element array buffer bound. @ http://localhost:8080/:0
[   32479ms] [WARNING] [.WebGL-0x1ff403b55400] GL_INVALID_OPERATION: glDrawElements: Must have element array buffer bound. @ http://localhost:8080/:0
[   32530ms] [WARNING] [.WebGL-0x1ff403b55400] GL_INVALID_OPERATION: glDrawElements: Must have element array buffer bound. @ http://localhost:8080/:0
[   32585ms] [WARNING] [.WebGL-0x1ff403b55400] GL_INVALID_OPERATION: glDrawElements: Must have element array buffer bound. @ http://localhost:8080/:0
[   32637ms] [WARNING] [.WebGL-0x1ff403b55400] GL_INVALID_OPERATION: glDrawElements: Must have element array buffer bound. @ http://localhost:8080/:0
[   32691ms] [WARNING] [.WebGL-0x1ff403b55400] GL_INVALID_OPERATION: glDrawElements: Must have element array buffer bound. @ http://localhost:8080/:0
[   32747ms] [WARNING] [.WebGL-0x1ff403b55400] GL_INVALID_OPERATION: glDrawElements: Must have element array buffer bound. @ http://localhost:8080/:0
[   32801ms] [WARNING] [.WebGL-0x1ff403b55400] GL_INVALID_OPERATION: glDrawElements: Must have element array buffer bound. @ http://localhost:8080/:0
[   32854ms] [WARNING] [.WebGL-0x1ff403b55400] GL_INVALID_OPERATION: glDrawElements: Must have element array buffer bound. @ http://localhost:8080/:0
[   32909ms] [WARNING] [.WebGL-0x1ff403b55400] GL_INVALID_OPERATION: glDrawElements: Must have element array buffer bound. @ http://localhost:8080/:0
[   32969ms] [WARNING] [.WebGL-0x1ff403b55400] GL_INVALID_OPERATION: glDrawElements: Must have element array buffer bound. @ http://localhost:8080/:0
[   33023ms] [WARNING] [.WebGL-0x1ff403b55400] GL_INVALID_OPERATION: glDrawElements: Must have element array buffer bound. @ http://localhost:8080/:0
[   33077ms] [WARNING] [.WebGL-0x1ff403b55400] GL_INVALID_OPERATION: glDrawElements: Must have element array buffer bound. @ http://localhost:8080/:0
[   33135ms] [WARNING] [.WebGL-0x1ff403b55400] GL_INVALID_OPERATION: glDrawElements: Must have element array buffer bound. @ http://localhost:8080/:0
[   33193ms] [WARNING] [.WebGL-0x1ff403b55400] GL_INVALID_OPERATION: glDrawElements: Must have element array buffer bound. @ http://localhost:8080/:0
[   33250ms] [WARNING] [.WebGL-0x1ff403b55400] GL_INVALID_OPERATION: glDrawElements: Must have element array buffer bound. @ http://localhost:8080/:0
[   33310ms] [WARNING] [.WebGL-0x1ff403b55400] GL_INVALID_OPERATION: glDrawElements: Must have element array buffer bound. @ http://localhost:8080/:0
[   33370ms] [WARNING] [.WebGL-0x1ff403b55400] GL_INVALID_OPERATION: glDrawElements: Must have element array buffer bound. @ http://localhost:8080/:0
[   33429ms] [WARNING] [.WebGL-0x1ff403b55400] GL_INVALID_OPERATION: glDrawElements: Must have element array buffer bound. @ http://localhost:8080/:0
[   33487ms] [WARNING] [.WebGL-0x1ff403b55400] GL_INVALID_OPERATION: glDrawElements: Must have element array buffer bound. @ http://localhost:8080/:0
[   33543ms] [WARNING] [.WebGL-0x1ff403b55400] GL_INVALID_OPERATION: glDrawElements: Must have element array buffer bound. @ http://localhost:8080/:0
[   33597ms] [WARNING] [.WebGL-0x1ff403b55400] GL_INVALID_OPERATION: glDrawElements: Must have element array buffer bound. @ http://localhost:8080/:0
[   33650ms] [WARNING] [.WebGL-0x1ff403b55400] GL_INVALID_OPERATION: glDrawElements: Must have element array buffer bound. @ http://localhost:8080/:0
[   33704ms] [WARNING] [.WebGL-0x1ff403b55400] GL_INVALID_OPERATION: glDrawElements: Must have element array buffer bound. @ http://localhost:8080/:0
[   33756ms] [WARNING] [.WebGL-0x1ff403b55400] GL_INVALID_OPERATION: glDrawElements: Must have element array buffer bound. @ http://localhost:8080/:0
[   33810ms] [WARNING] [.WebGL-0x1ff403b55400] GL_INVALID_OPERATION: glDrawElements: Must have element array buffer bound. @ http://localhost:8080/:0
[   33863ms] [WARNING] [.WebGL-0x1ff403b55400] GL_INVALID_OPERATION: glDrawElements: Must have element array buffer bound. @ http://localhost:8080/:0
[   33916ms] [WARNING] [.WebGL-0x1ff403b55400] GL_INVALID_OPERATION: glDrawElements: Must have element array buffer bound. @ http://localhost:8080/:0
[   33967ms] [WARNING] [.WebGL-0x1ff403b55400] GL_INVALID_OPERATION: glDrawElements: Must have element array buffer bound. @ http://localhost:8080/:0
[   34021ms] [WARNING] [.WebGL-0x1ff403b55400] GL_INVALID_OPERATION: glDrawElements: Must have element array buffer bound. @ http://localhost:8080/:0
[   34077ms] [WARNING] [.WebGL-0x1ff403b55400] GL_INVALID_OPERATION: glDrawElements: Must have element array buffer bound. @ http://localhost:8080/:0
[   34131ms] [WARNING] [.WebGL-0x1ff403b55400] GL_INVALID_OPERATION: glDrawElements: Must have element array buffer bound. @ http://localhost:8080/:0
[   34185ms] [WARNING] [.WebGL-0x1ff403b55400] GL_INVALID_OPERATION: glDrawElements: Must have element array buffer bound. @ http://localhost:8080/:0
[   34238ms] [WARNING] [.WebGL-0x1ff403b55400] GL_INVALID_OPERATION: glDrawElements: Must have element array buffer bound. @ http://localhost:8080/:0
[   34289ms] [WARNING] [.WebGL-0x1ff403b55400] GL_INVALID_OPERATION: glDrawElements: Must have element array buffer bound. @ http://localhost:8080/:0
[   34337ms] [WARNING] [.WebGL-0x1ff403b55400] GL_INVALID_OPERATION: glDrawElements: Must have element array buffer bound. @ http://localhost:8080/:0
[   34389ms] [WARNING] [.WebGL-0x1ff403b55400] GL_INVALID_OPERATION: glDrawElements: Must have element array buffer bound. @ http://localhost:8080/:0
[   34437ms] [WARNING] [.WebGL-0x1ff403b55400] GL_INVALID_OPERATION: glDrawElements: Must have element array buffer bound. @ http://localhost:8080/:0
[   34489ms] [WARNING] [.WebGL-0x1ff403b55400] GL_INVALID_OPERATION: glDrawElements: Must have element array buffer bound. @ http://localhost:8080/:0
[   34544ms] [WARNING] [.WebGL-0x1ff403b55400] GL_INVALID_OPERATION: glDrawElements: Must have element array buffer bound. @ http://localhost:8080/:0
[   34597ms] [WARNING] [.WebGL-0x1ff403b55400] GL_INVALID_OPERATION: glDrawElements: Must have element array buffer bound. @ http://localhost:8080/:0
[   34647ms] [WARNING] [.WebGL-0x1ff403b55400] GL_INVALID_OPERATION: glDrawElements: Must have element array buffer bound. @ http://localhost:8080/:0
[   34697ms] [WARNING] [.WebGL-0x1ff403b55400] GL_INVALID_OPERATION: glDrawElements: Must have element array buffer bound. @ http://localhost:8080/:0
[   34746ms] [WARNING] [.WebGL-0x1ff403b55400] GL_INVALID_OPERATION: glDrawElements: Must have element array buffer bound. @ http://localhost:8080/:0
[   34795ms] [WARNING] [.WebGL-0x1ff403b55400] GL_INVALID_OPERATION: glDrawElements: Must have element array buffer bound. @ http://localhost:8080/:0
[   34846ms] [WARNING] [.WebGL-0x1ff403b55400] GL_INVALID_OPERATION: glDrawElements: Must have element array buffer bound. @ http://localhost:8080/:0
[   34895ms] [WARNING] [.WebGL-0x1ff403b55400] GL_INVALID_OPERATION: glDrawElements: Must have element array buffer bound. @ http://localhost:8080/:0
[   34945ms] [WARNING] [.WebGL-0x1ff403b55400] GL_INVALID_OPERATION: glDrawElements: Must have element array buffer bound. @ http://localhost:8080/:0
[   34995ms] [WARNING] [.WebGL-0x1ff403b55400] GL_INVALID_OPERATION: glDrawElements: Must have element array buffer bound. @ http://localhost:8080/:0
[   35045ms] [WARNING] [.WebGL-0x1ff403b55400] GL_INVALID_OPERATION: glDrawElements: Must have element array buffer bound. @ http://localhost:8080/:0
[   35093ms] [WARNING] [.WebGL-0x1ff403b55400] GL_INVALID_OPERATION: glDrawElements: Must have element array buffer bound. @ http://localhost:8080/:0
[   35139ms] [WARNING] [.WebGL-0x1ff403b55400] GL_INVALID_OPERATION: glDrawElements: Must have element array buffer bound. @ http://localhost:8080/:0
[   35183ms] [WARNING] [.WebGL-0x1ff403b55400] GL_INVALID_OPERATION: glDrawElements: Must have element array buffer bound. @ http://localhost:8080/:0
[   35230ms] [WARNING] [.WebGL-0x1ff403b55400] GL_INVALID_OPERATION: glDrawElements: Must have element array buffer bound. @ http://localhost:8080/:0
[   35279ms] [WARNING] [.WebGL-0x1ff403b55400] GL_INVALID_OPERATION: glDrawElements: Must have element array buffer bound. @ http://localhost:8080/:0
[   35324ms] [WARNING] [.WebGL-0x1ff403b55400] GL_INVALID_OPERATION: glDrawElements: Must have element array buffer bound. @ http://localhost:8080/:0
[   35370ms] [WARNING] [.WebGL-0x1ff403b55400] GL_INVALID_OPERATION: glDrawElements: Must have element array buffer bound. @ http://localhost:8080/:0
[   35421ms] [WARNING] [.WebGL-0x1ff403b55400] GL_INVALID_OPERATION: glDrawElements: Must have element array buffer bound. @ http://localhost:8080/:0
[   35468ms] [WARNING] [.WebGL-0x1ff403b55400] GL_INVALID_OPERATION: glDrawElements: Must have element array buffer bound. @ http://localhost:8080/:0
[   35516ms] [WARNING] [.WebGL-0x1ff403b55400] GL_INVALID_OPERATION: glDrawElements: Must have element array buffer bound. @ http://localhost:8080/:0
[   35565ms] [WARNING] [.WebGL-0x1ff403b55400] GL_INVALID_OPERATION: glDrawElements: Must have element array buffer bound. @ http://localhost:8080/:0
[   35614ms] [WARNING] [.WebGL-0x1ff403b55400] GL_INVALID_OPERATION: glDrawElements: Must have element array buffer bound. @ http://localhost:8080/:0
[   35664ms] [WARNING] [.WebGL-0x1ff403b55400] GL_INVALID_OPERATION: glDrawElements: Must have element array buffer bound. @ http://localhost:8080/:0
[   35711ms] [WARNING] [.WebGL-0x1ff403b55400] GL_INVALID_OPERATION: glDrawElements: Must have element array buffer bound. @ http://localhost:8080/:0
[   35761ms] [WARNING] [.WebGL-0x1ff403b55400] GL_INVALID_OPERATION: glDrawElements: Must have element array buffer bound. @ http://localhost:8080/:0
[   35806ms] [WARNING] [.WebGL-0x1ff403b55400] GL_INVALID_OPERATION: glDrawElements: Must have element array buffer bound. @ http://localhost:8080/:0
[   35850ms] [WARNING] [.WebGL-0x1ff403b55400] GL_INVALID_OPERATION: glDrawElements: Must have element array buffer bound. @ http://localhost:8080/:0
[   35898ms] [WARNING] [.WebGL-0x1ff403b55400] GL_INVALID_OPERATION: glDrawElements: Must have element array buffer bound. @ http://localhost:8080/:0
[   35942ms] [WARNING] [.WebGL-0x1ff403b55400] GL_INVALID_OPERATION: glDrawElements: Must have element array buffer bound. @ http://localhost:8080/:0
[   35987ms] [WARNING] [.WebGL-0x1ff403b55400] GL_INVALID_OPERATION: glDrawElements: Must have element array buffer bound. @ http://localhost:8080/:0
[   36032ms] [WARNING] [.WebGL-0x1ff403b55400] GL_INVALID_OPERATION: glDrawElements: Must have element array buffer bound. @ http://localhost:8080/:0
[   36079ms] [WARNING] [.WebGL-0x1ff403b55400] GL_INVALID_OPERATION: glDrawElements: Must have element array buffer bound. @ http://localhost:8080/:0
[   36123ms] [WARNING] [.WebGL-0x1ff403b55400] GL_INVALID_OPERATION: glDrawElements: Must have element array buffer bound. @ http://localhost:8080/:0
[   36168ms] [WARNING] [.WebGL-0x1ff403b55400] GL_INVALID_OPERATION: glDrawElements: Must have element array buffer bound. @ http://localhost:8080/:0
[   36214ms] [WARNING] [.WebGL-0x1ff403b55400] GL_INVALID_OPERATION: glDrawElements: Must have element array buffer bound. @ http://localhost:8080/:0
[   36259ms] [WARNING] [.WebGL-0x1ff403b55400] GL_INVALID_OPERATION: glDrawElements: Must have element array buffer bound. @ http://localhost:8080/:0
[   36304ms] [WARNING] [.WebGL-0x1ff403b55400] GL_INVALID_OPERATION: glDrawElements: Must have element array buffer bound. @ http://localhost:8080/:0
[   36348ms] [WARNING] [.WebGL-0x1ff403b55400] GL_INVALID_OPERATION: glDrawElements: Must have element array buffer bound. @ http://localhost:8080/:0
[   36393ms] [WARNING] [.WebGL-0x1ff403b55400] GL_INVALID_OPERATION: glDrawElements: Must have element array buffer bound. @ http://localhost:8080/:0
[   36440ms] [WARNING] [.WebGL-0x1ff403b55400] GL_INVALID_OPERATION: glDrawElements: Must have element array buffer bound. @ http://localhost:8080/:0
[   36485ms] [WARNING] [.WebGL-0x1ff403b55400] GL_INVALID_OPERATION: glDrawElements: Must have element array buffer bound. @ http://localhost:8080/:0
[   36527ms] [WARNING] [.WebGL-0x1ff403b55400] GL_INVALID_OPERATION: glDrawElements: Must have element array buffer bound. @ http://localhost:8080/:0
[   36567ms] [WARNING] [.WebGL-0x1ff403b55400] GL_INVALID_OPERATION: glDrawElements: Must have element array buffer bound. @ http://localhost:8080/:0
[   36608ms] [WARNING] [.WebGL-0x1ff403b55400] GL_INVALID_OPERATION: glDrawElements: Must have element array buffer bound. @ http://localhost:8080/:0
[   36648ms] [WARNING] [.WebGL-0x1ff403b55400] GL_INVALID_OPERATION: glDrawElements: Must have element array buffer bound. @ http://localhost:8080/:0
[   36693ms] [WARNING] [.WebGL-0x1ff403b55400] GL_INVALID_OPERATION: glDrawElements: Must have element array buffer bound. @ http://localhost:8080/:0
[   36737ms] [WARNING] [.WebGL-0x1ff403b55400] GL_INVALID_OPERATION: glDrawElements: Must have element array buffer bound. @ http://localhost:8080/:0
[   36782ms] [WARNING] [.WebGL-0x1ff403b55400] GL_INVALID_OPERATION: glDrawElements: Must have element array buffer bound. @ http://localhost:8080/:0
[   36827ms] [WARNING] [.WebGL-0x1ff403b55400] GL_INVALID_OPERATION: glDrawElements: Must have element array buffer bound. @ http://localhost:8080/:0
[   36870ms] [WARNING] [.WebGL-0x1ff403b55400] GL_INVALID_OPERATION: glDrawElements: Must have element array buffer bound. @ http://localhost:8080/:0
[   36912ms] [WARNING] [.WebGL-0x1ff403b55400] GL_INVALID_OPERATION: glDrawElements: Must have element array buffer bound. @ http://localhost:8080/:0
[   36959ms] [WARNING] [.WebGL-0x1ff403b55400] GL_INVALID_OPERATION: glDrawElements: Must have element array buffer bound. @ http://localhost:8080/:0
[   37004ms] [WARNING] [.WebGL-0x1ff403b55400] GL_INVALID_OPERATION: glDrawElements: Must have element array buffer bound. @ http://localhost:8080/:0
[   37053ms] [WARNING] [.WebGL-0x1ff403b55400] GL_INVALID_OPERATION: glDrawElements: Must have element array buffer bound. @ http://localhost:8080/:0
[   37105ms] [WARNING] [.WebGL-0x1ff403b55400] GL_INVALID_OPERATION: glDrawElements: Must have element array buffer bound. @ http://localhost:8080/:0
[   37154ms] [WARNING] [.WebGL-0x1ff403b55400] GL_INVALID_OPERATION: glDrawElements: Must have element array buffer bound. @ http://localhost:8080/:0
[   37199ms] [WARNING] [.WebGL-0x1ff403b55400] GL_INVALID_OPERATION: glDrawElements: Must have element array buffer bound. @ http://localhost:8080/:0
[   37250ms] [WARNING] [.WebGL-0x1ff403b55400] GL_INVALID_OPERATION: glDrawElements: Must have element array buffer bound. @ http://localhost:8080/:0
[   37296ms] [WARNING] [.WebGL-0x1ff403b55400] GL_INVALID_OPERATION: glDrawElements: Must have element array buffer bound. @ http://localhost:8080/:0
[   37346ms] [WARNING] [.WebGL-0x1ff403b55400] GL_INVALID_OPERATION: glDrawElements: Must have element array buffer bound. @ http://localhost:8080/:0
[   37393ms] [WARNING] [.WebGL-0x1ff403b55400] GL_INVALID_OPERATION: glDrawElements: Must have element array buffer bound. @ http://localhost:8080/:0
[   37441ms] [WARNING] [.WebGL-0x1ff403b55400] GL_INVALID_OPERATION: glDrawElements: Must have element array buffer bound. @ http://localhost:8080/:0
[   37488ms] [WARNING] [.WebGL-0x1ff403b55400] GL_INVALID_OPERATION: glDrawElements: Must have element array buffer bound. @ http://localhost:8080/:0
[   37536ms] [WARNING] [.WebGL-0x1ff403b55400] GL_INVALID_OPERATION: glDrawElements: Must have element array buffer bound. @ http://localhost:8080/:0
[   37586ms] [WARNING] [.WebGL-0x1ff403b55400] GL_INVALID_OPERATION: glDrawElements: Must have element array buffer bound. @ http://localhost:8080/:0
[   37925ms] [WARNING] [.WebGL-0x1ff403b55400] GL_INVALID_OPERATION: glDrawElements: Must have element array buffer bound. @ http://localhost:8080/:0
[   38012ms] [WARNING] [.WebGL-0x1ff403b55400] GL_INVALID_OPERATION: glDrawElements: Must have element array buffer bound. @ http://localhost:8080/:0
[   38089ms] [WARNING] [.WebGL-0x1ff403b55400] GL_INVALID_OPERATION: glDrawElements: Must have element array buffer bound. @ http://localhost:8080/:0
[   38155ms] [WARNING] [.WebGL-0x1ff403b55400] GL_INVALID_OPERATION: glDrawElements: Must have element array buffer bound. @ http://localhost:8080/:0
[   38216ms] [WARNING] [.WebGL-0x1ff403b55400] GL_INVALID_OPERATION: glDrawElements: Must have element array buffer bound. @ http://localhost:8080/:0
[   38277ms] [WARNING] [.WebGL-0x1ff403b55400] GL_INVALID_OPERATION: glDrawElements: Must have element array buffer bound. @ http://localhost:8080/:0
[   38341ms] [WARNING] [.WebGL-0x1ff403b55400] GL_INVALID_OPERATION: glDrawElements: Must have element array buffer bound. @ http://localhost:8080/:0
[   38400ms] [WARNING] [.WebGL-0x1ff403b55400] GL_INVALID_OPERATION: glDrawElements: Must have element array buffer bound. @ http://localhost:8080/:0
[   38459ms] [WARNING] [.WebGL-0x1ff403b55400] GL_INVALID_OPERATION: glDrawElements: Must have element array buffer bound. @ http://localhost:8080/:0
[   38520ms] [WARNING] [.WebGL-0x1ff403b55400] GL_INVALID_OPERATION: glDrawElements: Must have element array buffer bound. @ http://localhost:8080/:0
[   38581ms] [WARNING] [.WebGL-0x1ff403b55400] GL_INVALID_OPERATION: glDrawElements: Must have element array buffer bound. @ http://localhost:8080/:0
[   38653ms] [WARNING] [.WebGL-0x1ff403b55400] GL_INVALID_OPERATION: glDrawElements: Must have element array buffer bound. @ http://localhost:8080/:0
[   38716ms] [WARNING] [.WebGL-0x1ff403b55400] GL_INVALID_OPERATION: glDrawElements: Must have element array buffer bound. @ http://localhost:8080/:0
[   38781ms] [WARNING] [.WebGL-0x1ff403b55400] GL_INVALID_OPERATION: glDrawElements: Must have element array buffer bound. @ http://localhost:8080/:0
[   38845ms] [WARNING] [.WebGL-0x1ff403b55400] GL_INVALID_OPERATION: glDrawElements: Must have element array buffer bound. @ http://localhost:8080/:0
[   38907ms] [WARNING] [.WebGL-0x1ff403b55400] GL_INVALID_OPERATION: glDrawElements: Must have element array buffer bound. @ http://localhost:8080/:0
[   39191ms] [WARNING] [.WebGL-0x1ff403b55400] GL_INVALID_OPERATION: glDrawElements: Must have element array buffer bound. @ http://localhost:8080/:0
[   39269ms] [WARNING] [.WebGL-0x1ff403b55400] GL_INVALID_OPERATION: glDrawElements: Must have element array buffer bound. @ http://localhost:8080/:0
[   39341ms] [WARNING] [.WebGL-0x1ff403b55400] GL_INVALID_OPERATION: glDrawElements: Must have element array buffer bound. @ http://localhost:8080/:0
[   39408ms] [WARNING] [.WebGL-0x1ff403b55400] GL_INVALID_OPERATION: glDrawElements: Must have element array buffer bound. @ http://localhost:8080/:0
[   39466ms] [WARNING] [.WebGL-0x1ff403b55400] GL_INVALID_OPERATION: glDrawElements: Must have element array buffer bound. @ http://localhost:8080/:0
[   39518ms] [WARNING] [.WebGL-0x1ff403b55400] GL_INVALID_OPERATION: glDrawElements: Must have element array buffer bound. @ http://localhost:8080/:0
[   39568ms] [WARNING] [.WebGL-0x1ff403b55400] GL_INVALID_OPERATION: glDrawElements: Must have element array buffer bound. @ http://localhost:8080/:0
[   39618ms] [WARNING] [.WebGL-0x1ff403b55400] GL_INVALID_OPERATION: glDrawElements: Must have element array buffer bound. @ http://localhost:8080/:0
[   39669ms] [WARNING] [.WebGL-0x1ff403b55400] GL_INVALID_OPERATION: glDrawElements: Must have element array buffer bound. @ http://localhost:8080/:0
[   39717ms] [WARNING] [.WebGL-0x1ff403b55400] GL_INVALID_OPERATION: glDrawElements: Must have element array buffer bound. @ http://localhost:8080/:0
[   39765ms] [WARNING] [.WebGL-0x1ff403b55400] GL_INVALID_OPERATION: glDrawElements: Must have element array buffer bound. @ http://localhost:8080/:0
[   39821ms] [WARNING] [.WebGL-0x1ff403b55400] GL_INVALID_OPERATION: glDrawElements: Must have element array buffer bound. @ http://localhost:8080/:0
[   39875ms] [WARNING] [.WebGL-0x1ff403b55400] GL_INVALID_OPERATION: glDrawElements: Must have element array buffer bound. @ http://localhost:8080/:0
[   39981ms] [WARNING] [.WebGL-0x1ff403b55400] GL_INVALID_OPERATION: glDrawElements: Must have element array buffer bound. @ http://localhost:8080/:0
[   39982ms] [WARNING] [.WebGL-0x1ff403b55400] GL_INVALID_OPERATION: glDrawElements: Must have element array buffer bound. @ http://localhost:8080/:0
[   40034ms] [WARNING] [.WebGL-0x1ff403b55400] GL_INVALID_OPERATION: glDrawElements: Must have element array buffer bound. @ http://localhost:8080/:0
[   40085ms] [WARNING] [.WebGL-0x1ff403b55400] GL_INVALID_OPERATION: glDrawElements: Must have element array buffer bound. @ http://localhost:8080/:0
[   40135ms] [WARNING] [.WebGL-0x1ff403b55400] GL_INVALID_OPERATION: glDrawElements: Must have element array buffer bound. @ http://localhost:8080/:0
[   40341ms] [WARNING] [.WebGL-0x1ff403b55400] GL_INVALID_OPERATION: glDrawElements: Must have element array buffer bound. @ http://localhost:8080/:0
[   40406ms] [WARNING] [.WebGL-0x1ff403b55400] GL_INVALID_OPERATION: glDrawElements: Must have element array buffer bound. @ http://localhost:8080/:0
[   40465ms] [WARNING] [.WebGL-0x1ff403b55400] GL_INVALID_OPERATION: glDrawElements: Must have element array buffer bound. @ http://localhost:8080/:0
[   40521ms] [WARNING] [.WebGL-0x1ff403b55400] GL_INVALID_OPERATION: glDrawElements: Must have element array buffer bound. @ http://localhost:8080/:0
[   40578ms] [WARNING] [.WebGL-0x1ff403b55400] GL_INVALID_OPERATION: glDrawElements: Must have element array buffer bound. @ http://localhost:8080/:0
[   40634ms] [WARNING] [.WebGL-0x1ff403b55400] GL_INVALID_OPERATION: glDrawElements: Must have element array buffer bound. @ http://localhost:8080/:0
[   40688ms] [WARNING] [.WebGL-0x1ff403b55400] GL_INVALID_OPERATION: glDrawElements: Must have element array buffer bound. @ http://localhost:8080/:0
[   40745ms] [WARNING] [.WebGL-0x1ff403b55400] GL_INVALID_OPERATION: glDrawElements: Must have element array buffer bound. @ http://localhost:8080/:0
[   40802ms] [WARNING] [.WebGL-0x1ff403b55400] GL_INVALID_OPERATION: glDrawElements: Must have element array buffer bound. @ http://localhost:8080/:0
[   40864ms] [WARNING] [.WebGL-0x1ff403b55400] GL_INVALID_OPERATION: glDrawElements: Must have element array buffer bound. @ http://localhost:8080/:0
[   40921ms] [WARNING] [.WebGL-0x1ff403b55400] GL_INVALID_OPERATION: glDrawElements: Must have element array buffer bound. @ http://localhost:8080/:0
[   40977ms] [WARNING] [.WebGL-0x1ff403b55400] GL_INVALID_OPERATION: glDrawElements: Must have element array buffer bound. @ http://localhost:8080/:0
[   40977ms] [WARNING] WebGL: too many errors, no more errors will be reported to the console for this context. @ http://localhost:8080/:0
[19603489ms] [WARNING] WebGL: CONTEXT_LOST_WEBGL: loseContext: context lost @ http://localhost:8080/:0
[19603775ms] [WARNING] BJS - [20:09:42]: WebGL context lost. @ https://cdn.babylonjs.com/babylon.js:0
[19604851ms] [WARNING] WebGL: INVALID_OPERATION: bindBuffer: object does not belong to this context @ https://cdn.babylonjs.com/babylon.js:0
[19604851ms] [WARNING] WebGL: INVALID_OPERATION: bufferSubData: no buffer @ https://cdn.babylonjs.com/babylon.js:0
[19604851ms] [WARNING] WebGL: INVALID_OPERATION: bindBuffer: object does not belong to this context @ https://cdn.babylonjs.com/babylon.js:0
[19604851ms] [WARNING] WebGL: INVALID_OPERATION: bufferSubData: no buffer @ https://cdn.babylonjs.com/babylon.js:0
[19604852ms] [WARNING] WebGL: INVALID_OPERATION: bindBuffer: object does not belong to this context @ https://cdn.babylonjs.com/babylon.js:0
[19604852ms] [WARNING] WebGL: INVALID_OPERATION: bufferSubData: no buffer @ https://cdn.babylonjs.com/babylon.js:0
[19604852ms] [WARNING] WebGL: INVALID_OPERATION: bindBuffer: object does not belong to this context @ https://cdn.babylonjs.com/babylon.js:0
[19604852ms] [WARNING] WebGL: INVALID_OPERATION: bufferSubData: no buffer @ https://cdn.babylonjs.com/babylon.js:0
[19604853ms] [WARNING] WebGL: INVALID_OPERATION: bindBuffer: object does not belong to this context @ https://cdn.babylonjs.com/babylon.js:0
[19604853ms] [WARNING] WebGL: INVALID_OPERATION: bufferSubData: no buffer @ https://cdn.babylonjs.com/babylon.js:0
[19604854ms] [WARNING] WebGL: INVALID_OPERATION: bindFramebuffer: object does not belong to this context @ https://cdn.babylonjs.com/babylon.js:0
[19604854ms] [WARNING] WebGL: INVALID_OPERATION: framebufferTexture2D: object does not belong to this context @ https://cdn.babylonjs.com/babylon.js:0
[19604857ms] [WARNING] WebGL: INVALID_OPERATION: bindBuffer: object does not belong to this context @ https://cdn.babylonjs.com/babylon.js:0
[19604858ms] [WARNING] WebGL: INVALID_OPERATION: bufferSubData: no buffer @ https://cdn.babylonjs.com/babylon.js:0
[19604860ms] [WARNING] WebGL: INVALID_OPERATION: useProgram: object does not belong to this context @ https://cdn.babylonjs.com/babylon.js:0
[19604862ms] [WARNING] WebGL: INVALID_OPERATION: bindVertexArray: object does not belong to this context @ https://cdn.babylonjs.com/babylon.js:0
[19604863ms] [WARNING] WebGL: INVALID_OPERATION: bindBufferBase: object does not belong to this context @ https://cdn.babylonjs.com/babylon.js:0
[19604864ms] [WARNING] WebGL: INVALID_OPERATION: uniformMatrix4fv: location is not from the associated program @ https://cdn.babylonjs.com/babylon.js:0
[19604865ms] [WARNING] WebGL: INVALID_OPERATION: drawElements: no valid shader program in use @ https://cdn.babylonjs.com/babylon.js:0
[19604865ms] [WARNING] WebGL: INVALID_OPERATION: bindVertexArray: object does not belong to this context @ https://cdn.babylonjs.com/babylon.js:0
[19604865ms] [WARNING] WebGL: INVALID_OPERATION: uniformMatrix4fv: location is not from the associated program @ https://cdn.babylonjs.com/babylon.js:0
[19604865ms] [WARNING] WebGL: INVALID_OPERATION: drawElements: no valid shader program in use @ https://cdn.babylonjs.com/babylon.js:0
[19604865ms] [WARNING] WebGL: INVALID_OPERATION: bindVertexArray: object does not belong to this context @ https://cdn.babylonjs.com/babylon.js:0
[19604866ms] [WARNING] WebGL: INVALID_OPERATION: uniformMatrix4fv: location is not from the associated program @ https://cdn.babylonjs.com/babylon.js:0
[19604866ms] [WARNING] WebGL: INVALID_OPERATION: drawElements: no valid shader program in use @ https://cdn.babylonjs.com/babylon.js:0
[19604866ms] [WARNING] WebGL: INVALID_OPERATION: bindVertexArray: object does not belong to this context @ https://cdn.babylonjs.com/babylon.js:0
[19604866ms] [WARNING] WebGL: INVALID_OPERATION: uniformMatrix4fv: location is not from the associated program @ https://cdn.babylonjs.com/babylon.js:0
[19604867ms] [WARNING] WebGL: INVALID_OPERATION: drawElements: no valid shader program in use @ https://cdn.babylonjs.com/babylon.js:0
[19604867ms] [WARNING] WebGL: INVALID_OPERATION: bindVertexArray: object does not belong to this context @ https://cdn.babylonjs.com/babylon.js:0
[19604867ms] [WARNING] WebGL: INVALID_OPERATION: uniformMatrix4fv: location is not from the associated program @ https://cdn.babylonjs.com/babylon.js:0
[19604867ms] [WARNING] WebGL: INVALID_OPERATION: drawElements: no valid shader program in use @ https://cdn.babylonjs.com/babylon.js:0
[19604867ms] [WARNING] WebGL: INVALID_OPERATION: bindVertexArray: object does not belong to this context @ https://cdn.babylonjs.com/babylon.js:0
[19604867ms] [WARNING] WebGL: INVALID_OPERATION: uniformMatrix4fv: location is not from the associated program @ https://cdn.babylonjs.com/babylon.js:0
[19604867ms] [WARNING] WebGL: INVALID_OPERATION: drawElements: no valid shader program in use @ https://cdn.babylonjs.com/babylon.js:0
[19604868ms] [WARNING] WebGL: INVALID_OPERATION: bindVertexArray: object does not belong to this context @ https://cdn.babylonjs.com/babylon.js:0
[19604868ms] [WARNING] WebGL: INVALID_OPERATION: uniformMatrix4fv: location is not from the associated program @ https://cdn.babylonjs.com/babylon.js:0
[19604868ms] [WARNING] WebGL: INVALID_OPERATION: drawElements: no valid shader program in use @ https://cdn.babylonjs.com/babylon.js:0
[19604868ms] [WARNING] WebGL: INVALID_OPERATION: bindVertexArray: object does not belong to this context @ https://cdn.babylonjs.com/babylon.js:0
[19604868ms] [WARNING] WebGL: INVALID_OPERATION: uniformMatrix4fv: location is not from the associated program @ https://cdn.babylonjs.com/babylon.js:0
[19604868ms] [WARNING] WebGL: INVALID_OPERATION: drawElements: no valid shader program in use @ https://cdn.babylonjs.com/babylon.js:0
[19604868ms] [WARNING] WebGL: INVALID_OPERATION: bindVertexArray: object does not belong to this context @ https://cdn.babylonjs.com/babylon.js:0
[19604868ms] [WARNING] WebGL: INVALID_OPERATION: uniformMatrix4fv: location is not from the associated program @ https://cdn.babylonjs.com/babylon.js:0
[19604868ms] [WARNING] WebGL: INVALID_OPERATION: drawElements: no valid shader program in use @ https://cdn.babylonjs.com/babylon.js:0
[19604868ms] [WARNING] WebGL: INVALID_OPERATION: bindVertexArray: object does not belong to this context @ https://cdn.babylonjs.com/babylon.js:0
[19604868ms] [WARNING] WebGL: INVALID_OPERATION: uniformMatrix4fv: location is not from the associated program @ https://cdn.babylonjs.com/babylon.js:0
[19604868ms] [WARNING] WebGL: INVALID_OPERATION: drawElements: no valid shader program in use @ https://cdn.babylonjs.com/babylon.js:0
[19604869ms] [WARNING] WebGL: INVALID_OPERATION: bindVertexArray: object does not belong to this context @ https://cdn.babylonjs.com/babylon.js:0
[19604869ms] [WARNING] WebGL: INVALID_OPERATION: uniformMatrix4fv: location is not from the associated program @ https://cdn.babylonjs.com/babylon.js:0
[19604869ms] [WARNING] WebGL: INVALID_OPERATION: drawElements: no valid shader program in use @ https://cdn.babylonjs.com/babylon.js:0
[19604869ms] [WARNING] WebGL: INVALID_OPERATION: bindVertexArray: object does not belong to this context @ https://cdn.babylonjs.com/babylon.js:0
[19604869ms] [WARNING] WebGL: INVALID_OPERATION: uniformMatrix4fv: location is not from the associated program @ https://cdn.babylonjs.com/babylon.js:0
[19604869ms] [WARNING] WebGL: INVALID_OPERATION: drawElements: no valid shader program in use @ https://cdn.babylonjs.com/babylon.js:0
[19604869ms] [WARNING] WebGL: INVALID_OPERATION: bindVertexArray: object does not belong to this context @ https://cdn.babylonjs.com/babylon.js:0
[19604869ms] [WARNING] WebGL: INVALID_OPERATION: uniformMatrix4fv: location is not from the associated program @ https://cdn.babylonjs.com/babylon.js:0
[19604869ms] [WARNING] WebGL: INVALID_OPERATION: drawElements: no valid shader program in use @ https://cdn.babylonjs.com/babylon.js:0
[19604869ms] [WARNING] WebGL: INVALID_OPERATION: bindVertexArray: object does not belong to this context @ https://cdn.babylonjs.com/babylon.js:0
[19604869ms] [WARNING] WebGL: INVALID_OPERATION: uniformMatrix4fv: location is not from the associated program @ https://cdn.babylonjs.com/babylon.js:0
[19604869ms] [WARNING] WebGL: INVALID_OPERATION: drawElements: no valid shader program in use @ https://cdn.babylonjs.com/babylon.js:0
[19604869ms] [WARNING] WebGL: INVALID_OPERATION: bindVertexArray: object does not belong to this context @ https://cdn.babylonjs.com/babylon.js:0
[19604870ms] [WARNING] WebGL: INVALID_OPERATION: uniformMatrix4fv: location is not from the associated program @ https://cdn.babylonjs.com/babylon.js:0
[19604870ms] [WARNING] WebGL: INVALID_OPERATION: drawElements: no valid shader program in use @ https://cdn.babylonjs.com/babylon.js:0
[19604870ms] [WARNING] WebGL: INVALID_OPERATION: bindVertexArray: object does not belong to this context @ https://cdn.babylonjs.com/babylon.js:0
[19604870ms] [WARNING] WebGL: INVALID_OPERATION: uniformMatrix4fv: location is not from the associated program @ https://cdn.babylonjs.com/babylon.js:0
[19604870ms] [WARNING] WebGL: INVALID_OPERATION: drawElements: no valid shader program in use @ https://cdn.babylonjs.com/babylon.js:0
[19604870ms] [WARNING] WebGL: INVALID_OPERATION: bindVertexArray: object does not belong to this context @ https://cdn.babylonjs.com/babylon.js:0
[19604870ms] [WARNING] WebGL: INVALID_OPERATION: uniformMatrix4fv: location is not from the associated program @ https://cdn.babylonjs.com/babylon.js:0
[19604870ms] [WARNING] WebGL: INVALID_OPERATION: drawElements: no valid shader program in use @ https://cdn.babylonjs.com/babylon.js:0
[19604870ms] [WARNING] WebGL: INVALID_OPERATION: bindVertexArray: object does not belong to this context @ https://cdn.babylonjs.com/babylon.js:0
[19604870ms] [WARNING] WebGL: INVALID_OPERATION: uniformMatrix4fv: location is not from the associated program @ https://cdn.babylonjs.com/babylon.js:0
[19604870ms] [WARNING] WebGL: INVALID_OPERATION: drawElements: no valid shader program in use @ https://cdn.babylonjs.com/babylon.js:0
[19604870ms] [WARNING] WebGL: INVALID_OPERATION: bindVertexArray: object does not belong to this context @ https://cdn.babylonjs.com/babylon.js:0
[19604870ms] [WARNING] WebGL: INVALID_OPERATION: uniformMatrix4fv: location is not from the associated program @ https://cdn.babylonjs.com/babylon.js:0
[19604870ms] [WARNING] WebGL: INVALID_OPERATION: drawElements: no valid shader program in use @ https://cdn.babylonjs.com/babylon.js:0
[19604870ms] [WARNING] WebGL: INVALID_OPERATION: bindVertexArray: object does not belong to this context @ https://cdn.babylonjs.com/babylon.js:0
[19604870ms] [WARNING] WebGL: INVALID_OPERATION: uniformMatrix4fv: location is not from the associated program @ https://cdn.babylonjs.com/babylon.js:0
[19604871ms] [WARNING] WebGL: INVALID_OPERATION: drawElements: no valid shader program in use @ https://cdn.babylonjs.com/babylon.js:0
[19604871ms] [WARNING] WebGL: INVALID_OPERATION: bindVertexArray: object does not belong to this context @ https://cdn.babylonjs.com/babylon.js:0
[19604871ms] [WARNING] WebGL: INVALID_OPERATION: uniformMatrix4fv: location is not from the associated program @ https://cdn.babylonjs.com/babylon.js:0
[19604871ms] [WARNING] WebGL: INVALID_OPERATION: drawElements: no valid shader program in use @ https://cdn.babylonjs.com/babylon.js:0
[19604871ms] [WARNING] WebGL: INVALID_OPERATION: bindVertexArray: object does not belong to this context @ https://cdn.babylonjs.com/babylon.js:0
[19604871ms] [WARNING] WebGL: INVALID_OPERATION: uniformMatrix4fv: location is not from the associated program @ https://cdn.babylonjs.com/babylon.js:0
[19604871ms] [WARNING] WebGL: INVALID_OPERATION: drawElements: no valid shader program in use @ https://cdn.babylonjs.com/babylon.js:0
[19604871ms] [WARNING] WebGL: INVALID_OPERATION: bindVertexArray: object does not belong to this context @ https://cdn.babylonjs.com/babylon.js:0
[19604871ms] [WARNING] WebGL: INVALID_OPERATION: uniformMatrix4fv: location is not from the associated program @ https://cdn.babylonjs.com/babylon.js:0
[19604871ms] [WARNING] WebGL: INVALID_OPERATION: drawElements: no valid shader program in use @ https://cdn.babylonjs.com/babylon.js:0
[19604871ms] [WARNING] WebGL: INVALID_OPERATION: bindVertexArray: object does not belong to this context @ https://cdn.babylonjs.com/babylon.js:0
[19604871ms] [WARNING] WebGL: INVALID_OPERATION: uniformMatrix4fv: location is not from the associated program @ https://cdn.babylonjs.com/babylon.js:0
[19604871ms] [WARNING] WebGL: INVALID_OPERATION: drawElements: no valid shader program in use @ https://cdn.babylonjs.com/babylon.js:0
[19604871ms] [WARNING] WebGL: INVALID_OPERATION: bindVertexArray: object does not belong to this context @ https://cdn.babylonjs.com/babylon.js:0
[19604871ms] [WARNING] WebGL: INVALID_OPERATION: uniformMatrix4fv: location is not from the associated program @ https://cdn.babylonjs.com/babylon.js:0
[19604871ms] [WARNING] WebGL: INVALID_OPERATION: drawElements: no valid shader program in use @ https://cdn.babylonjs.com/babylon.js:0
[19604871ms] [WARNING] WebGL: INVALID_OPERATION: bindVertexArray: object does not belong to this context @ https://cdn.babylonjs.com/babylon.js:0
[19604871ms] [WARNING] WebGL: INVALID_OPERATION: uniformMatrix4fv: location is not from the associated program @ https://cdn.babylonjs.com/babylon.js:0
[19604872ms] [WARNING] WebGL: INVALID_OPERATION: drawElements: no valid shader program in use @ https://cdn.babylonjs.com/babylon.js:0
[19604872ms] [WARNING] WebGL: INVALID_OPERATION: bindVertexArray: object does not belong to this context @ https://cdn.babylonjs.com/babylon.js:0
[19604872ms] [WARNING] WebGL: INVALID_OPERATION: uniformMatrix4fv: location is not from the associated program @ https://cdn.babylonjs.com/babylon.js:0
[19604872ms] [WARNING] WebGL: INVALID_OPERATION: drawElements: no valid shader program in use @ https://cdn.babylonjs.com/babylon.js:0
[19604872ms] [WARNING] WebGL: INVALID_OPERATION: bindVertexArray: object does not belong to this context @ https://cdn.babylonjs.com/babylon.js:0
[19604872ms] [WARNING] WebGL: INVALID_OPERATION: uniformMatrix4fv: location is not from the associated program @ https://cdn.babylonjs.com/babylon.js:0
[19604872ms] [WARNING] WebGL: INVALID_OPERATION: drawElements: no valid shader program in use @ https://cdn.babylonjs.com/babylon.js:0
[19604872ms] [WARNING] WebGL: INVALID_OPERATION: bindVertexArray: object does not belong to this context @ https://cdn.babylonjs.com/babylon.js:0
[19604872ms] [WARNING] WebGL: INVALID_OPERATION: uniformMatrix4fv: location is not from the associated program @ https://cdn.babylonjs.com/babylon.js:0
[19604872ms] [WARNING] WebGL: INVALID_OPERATION: drawElements: no valid shader program in use @ https://cdn.babylonjs.com/babylon.js:0
[19604872ms] [WARNING] WebGL: INVALID_OPERATION: bindVertexArray: object does not belong to this context @ https://cdn.babylonjs.com/babylon.js:0
[19604872ms] [WARNING] WebGL: INVALID_OPERATION: uniformMatrix4fv: location is not from the associated program @ https://cdn.babylonjs.com/babylon.js:0
[19604872ms] [WARNING] WebGL: INVALID_OPERATION: drawElements: no valid shader program in use @ https://cdn.babylonjs.com/babylon.js:0
[19604872ms] [WARNING] WebGL: INVALID_OPERATION: bindVertexArray: object does not belong to this context @ https://cdn.babylonjs.com/babylon.js:0
[19604873ms] [WARNING] WebGL: INVALID_OPERATION: uniformMatrix4fv: location is not from the associated program @ https://cdn.babylonjs.com/babylon.js:0
[19604873ms] [WARNING] WebGL: INVALID_OPERATION: drawElements: no valid shader program in use @ https://cdn.babylonjs.com/babylon.js:0
[19604873ms] [WARNING] WebGL: INVALID_OPERATION: bindVertexArray: object does not belong to this context @ https://cdn.babylonjs.com/babylon.js:0
[19604873ms] [WARNING] WebGL: INVALID_OPERATION: uniformMatrix4fv: location is not from the associated program @ https://cdn.babylonjs.com/babylon.js:0
[19604873ms] [WARNING] WebGL: INVALID_OPERATION: drawElements: no valid shader program in use @ https://cdn.babylonjs.com/babylon.js:0
[19604873ms] [WARNING] WebGL: INVALID_OPERATION: bindVertexArray: object does not belong to this context @ https://cdn.babylonjs.com/babylon.js:0
[19604873ms] [WARNING] WebGL: INVALID_OPERATION: uniformMatrix4fv: location is not from the associated program @ https://cdn.babylonjs.com/babylon.js:0
[19604873ms] [WARNING] WebGL: INVALID_OPERATION: drawElements: no valid shader program in use @ https://cdn.babylonjs.com/babylon.js:0
[19604873ms] [WARNING] WebGL: INVALID_OPERATION: bindVertexArray: object does not belong to this context @ https://cdn.babylonjs.com/babylon.js:0
[19604873ms] [WARNING] WebGL: INVALID_OPERATION: uniformMatrix4fv: location is not from the associated program @ https://cdn.babylonjs.com/babylon.js:0
[19604873ms] [WARNING] WebGL: INVALID_OPERATION: drawElements: no valid shader program in use @ https://cdn.babylonjs.com/babylon.js:0
[19604873ms] [WARNING] WebGL: INVALID_OPERATION: bindVertexArray: object does not belong to this context @ https://cdn.babylonjs.com/babylon.js:0
[19604873ms] [WARNING] WebGL: INVALID_OPERATION: uniformMatrix4fv: location is not from the associated program @ https://cdn.babylonjs.com/babylon.js:0
[19604873ms] [WARNING] WebGL: INVALID_OPERATION: drawElements: no valid shader program in use @ https://cdn.babylonjs.com/babylon.js:0
[19604874ms] [WARNING] WebGL: INVALID_OPERATION: bindVertexArray: object does not belong to this context @ https://cdn.babylonjs.com/babylon.js:0
[19604874ms] [WARNING] WebGL: INVALID_OPERATION: uniformMatrix4fv: location is not from the associated program @ https://cdn.babylonjs.com/babylon.js:0
[19604874ms] [WARNING] WebGL: INVALID_OPERATION: drawElements: no valid shader program in use @ https://cdn.babylonjs.com/babylon.js:0
[19604874ms] [WARNING] WebGL: INVALID_OPERATION: bindVertexArray: object does not belong to this context @ https://cdn.babylonjs.com/babylon.js:0
[19604874ms] [WARNING] WebGL: INVALID_OPERATION: uniformMatrix4fv: location is not from the associated program @ https://cdn.babylonjs.com/babylon.js:0
[19604874ms] [WARNING] WebGL: INVALID_OPERATION: drawElements: no valid shader program in use @ https://cdn.babylonjs.com/babylon.js:0
[19604874ms] [WARNING] WebGL: INVALID_OPERATION: bindVertexArray: object does not belong to this context @ https://cdn.babylonjs.com/babylon.js:0
[19604874ms] [WARNING] WebGL: INVALID_OPERATION: uniformMatrix4fv: location is not from the associated program @ https://cdn.babylonjs.com/babylon.js:0
[19604874ms] [WARNING] WebGL: INVALID_OPERATION: drawElements: no valid shader program in use @ https://cdn.babylonjs.com/babylon.js:0
[19604874ms] [WARNING] WebGL: INVALID_OPERATION: bindVertexArray: object does not belong to this context @ https://cdn.babylonjs.com/babylon.js:0
[19604874ms] [WARNING] WebGL: INVALID_OPERATION: uniformMatrix4fv: location is not from the associated program @ https://cdn.babylonjs.com/babylon.js:0
[19604874ms] [WARNING] WebGL: INVALID_OPERATION: drawElements: no valid shader program in use @ https://cdn.babylonjs.com/babylon.js:0
[19604874ms] [WARNING] WebGL: INVALID_OPERATION: bindVertexArray: object does not belong to this context @ https://cdn.babylonjs.com/babylon.js:0
[19604875ms] [WARNING] WebGL: INVALID_OPERATION: uniformMatrix4fv: location is not from the associated program @ https://cdn.babylonjs.com/babylon.js:0
[19604875ms] [WARNING] WebGL: INVALID_OPERATION: drawElements: no valid shader program in use @ https://cdn.babylonjs.com/babylon.js:0
[19604875ms] [WARNING] WebGL: INVALID_OPERATION: bindVertexArray: object does not belong to this context @ https://cdn.babylonjs.com/babylon.js:0
[19604875ms] [WARNING] WebGL: INVALID_OPERATION: uniformMatrix4fv: location is not from the associated program @ https://cdn.babylonjs.com/babylon.js:0
[19604875ms] [WARNING] WebGL: INVALID_OPERATION: drawElements: no valid shader program in use @ https://cdn.babylonjs.com/babylon.js:0
[19604875ms] [WARNING] WebGL: INVALID_OPERATION: bindVertexArray: object does not belong to this context @ https://cdn.babylonjs.com/babylon.js:0
[19604875ms] [WARNING] WebGL: INVALID_OPERATION: uniformMatrix4fv: location is not from the associated program @ https://cdn.babylonjs.com/babylon.js:0
[19604875ms] [WARNING] WebGL: INVALID_OPERATION: drawElements: no valid shader program in use @ https://cdn.babylonjs.com/babylon.js:0
[19604875ms] [WARNING] WebGL: INVALID_OPERATION: bindVertexArray: object does not belong to this context @ https://cdn.babylonjs.com/babylon.js:0
[19604875ms] [WARNING] WebGL: INVALID_OPERATION: uniformMatrix4fv: location is not from the associated program @ https://cdn.babylonjs.com/babylon.js:0
[19604875ms] [WARNING] WebGL: INVALID_OPERATION: drawElements: no valid shader program in use @ https://cdn.babylonjs.com/babylon.js:0
[19604875ms] [WARNING] WebGL: INVALID_OPERATION: bindVertexArray: object does not belong to this context @ https://cdn.babylonjs.com/babylon.js:0
[19604875ms] [WARNING] WebGL: INVALID_OPERATION: uniformMatrix4fv: location is not from the associated program @ https://cdn.babylonjs.com/babylon.js:0
[19604875ms] [WARNING] WebGL: INVALID_OPERATION: drawElements: no valid shader program in use @ https://cdn.babylonjs.com/babylon.js:0
[19604876ms] [WARNING] WebGL: INVALID_OPERATION: bindVertexArray: object does not belong to this context @ https://cdn.babylonjs.com/babylon.js:0
[19604876ms] [WARNING] WebGL: INVALID_OPERATION: uniformMatrix4fv: location is not from the associated program @ https://cdn.babylonjs.com/babylon.js:0
[19604876ms] [WARNING] WebGL: INVALID_OPERATION: drawElements: no valid shader program in use @ https://cdn.babylonjs.com/babylon.js:0
[19604876ms] [WARNING] WebGL: INVALID_OPERATION: bindVertexArray: object does not belong to this context @ https://cdn.babylonjs.com/babylon.js:0
[19604876ms] [WARNING] WebGL: INVALID_OPERATION: uniformMatrix4fv: location is not from the associated program @ https://cdn.babylonjs.com/babylon.js:0
[19604876ms] [WARNING] WebGL: INVALID_OPERATION: drawElements: no valid shader program in use @ https://cdn.babylonjs.com/babylon.js:0
[19604876ms] [WARNING] WebGL: INVALID_OPERATION: bindVertexArray: object does not belong to this context @ https://cdn.babylonjs.com/babylon.js:0
[19604876ms] [WARNING] WebGL: INVALID_OPERATION: uniformMatrix4fv: location is not from the associated program @ https://cdn.babylonjs.com/babylon.js:0
[19604876ms] [WARNING] WebGL: INVALID_OPERATION: drawElements: no valid shader program in use @ https://cdn.babylonjs.com/babylon.js:0
[19604876ms] [WARNING] WebGL: INVALID_OPERATION: bindVertexArray: object does not belong to this context @ https://cdn.babylonjs.com/babylon.js:0
[19604876ms] [WARNING] WebGL: INVALID_OPERATION: uniformMatrix4fv: location is not from the associated program @ https://cdn.babylonjs.com/babylon.js:0
[19604876ms] [WARNING] WebGL: INVALID_OPERATION: drawElements: no valid shader program in use @ https://cdn.babylonjs.com/babylon.js:0
[19604876ms] [WARNING] WebGL: INVALID_OPERATION: bindVertexArray: object does not belong to this context @ https://cdn.babylonjs.com/babylon.js:0
[19604876ms] [WARNING] WebGL: INVALID_OPERATION: uniformMatrix4fv: location is not from the associated program @ https://cdn.babylonjs.com/babylon.js:0
[19604877ms] [WARNING] WebGL: INVALID_OPERATION: drawElements: no valid shader program in use @ https://cdn.babylonjs.com/babylon.js:0
[19604877ms] [WARNING] WebGL: INVALID_OPERATION: bindVertexArray: object does not belong to this context @ https://cdn.babylonjs.com/babylon.js:0
[19604877ms] [WARNING] WebGL: INVALID_OPERATION: uniformMatrix4fv: location is not from the associated program @ https://cdn.babylonjs.com/babylon.js:0
[19604877ms] [WARNING] WebGL: INVALID_OPERATION: drawElements: no valid shader program in use @ https://cdn.babylonjs.com/babylon.js:0
[19604877ms] [WARNING] WebGL: INVALID_OPERATION: bindVertexArray: object does not belong to this context @ https://cdn.babylonjs.com/babylon.js:0
[19604877ms] [WARNING] WebGL: INVALID_OPERATION: uniformMatrix4fv: location is not from the associated program @ https://cdn.babylonjs.com/babylon.js:0
[19604877ms] [WARNING] WebGL: INVALID_OPERATION: drawElements: no valid shader program in use @ https://cdn.babylonjs.com/babylon.js:0
[19604878ms] [WARNING] WebGL: INVALID_OPERATION: bindVertexArray: object does not belong to this context @ https://cdn.babylonjs.com/babylon.js:0
[19604878ms] [WARNING] WebGL: INVALID_OPERATION: uniformMatrix4fv: location is not from the associated program @ https://cdn.babylonjs.com/babylon.js:0
[19604878ms] [WARNING] WebGL: INVALID_OPERATION: drawElements: no valid shader program in use @ https://cdn.babylonjs.com/babylon.js:0
[19604878ms] [WARNING] WebGL: INVALID_OPERATION: bindVertexArray: object does not belong to this context @ https://cdn.babylonjs.com/babylon.js:0
[19604878ms] [WARNING] WebGL: INVALID_OPERATION: uniformMatrix4fv: location is not from the associated program @ https://cdn.babylonjs.com/babylon.js:0
[19604878ms] [WARNING] WebGL: INVALID_OPERATION: drawElements: no valid shader program in use @ https://cdn.babylonjs.com/babylon.js:0
[19604878ms] [WARNING] WebGL: INVALID_OPERATION: bindVertexArray: object does not belong to this context @ https://cdn.babylonjs.com/babylon.js:0
[19604878ms] [WARNING] WebGL: INVALID_OPERATION: uniformMatrix4fv: location is not from the associated program @ https://cdn.babylonjs.com/babylon.js:0
[19604878ms] [WARNING] WebGL: INVALID_OPERATION: drawElements: no valid shader program in use @ https://cdn.babylonjs.com/babylon.js:0
[19604878ms] [WARNING] WebGL: INVALID_OPERATION: bindVertexArray: object does not belong to this context @ https://cdn.babylonjs.com/babylon.js:0
[19604878ms] [WARNING] WebGL: INVALID_OPERATION: uniformMatrix4fv: location is not from the associated program @ https://cdn.babylonjs.com/babylon.js:0
[19604878ms] [WARNING] WebGL: INVALID_OPERATION: drawElements: no valid shader program in use @ https://cdn.babylonjs.com/babylon.js:0
[19604879ms] [WARNING] WebGL: INVALID_OPERATION: bindVertexArray: object does not belong to this context @ https://cdn.babylonjs.com/babylon.js:0
[19604879ms] [WARNING] WebGL: INVALID_OPERATION: uniformMatrix4fv: location is not from the associated program @ https://cdn.babylonjs.com/babylon.js:0
[19604879ms] [WARNING] WebGL: INVALID_OPERATION: drawElements: no valid shader program in use @ https://cdn.babylonjs.com/babylon.js:0
[19604879ms] [WARNING] WebGL: INVALID_OPERATION: bindVertexArray: object does not belong to this context @ https://cdn.babylonjs.com/babylon.js:0
[19604879ms] [WARNING] WebGL: INVALID_OPERATION: uniformMatrix4fv: location is not from the associated program @ https://cdn.babylonjs.com/babylon.js:0
[19604879ms] [WARNING] WebGL: INVALID_OPERATION: drawElements: no valid shader program in use @ https://cdn.babylonjs.com/babylon.js:0
[19604879ms] [WARNING] WebGL: INVALID_OPERATION: bindVertexArray: object does not belong to this context @ https://cdn.babylonjs.com/babylon.js:0
[19604879ms] [WARNING] WebGL: INVALID_OPERATION: uniformMatrix4fv: location is not from the associated program @ https://cdn.babylonjs.com/babylon.js:0
[19604879ms] [WARNING] WebGL: INVALID_OPERATION: drawElements: no valid shader program in use @ https://cdn.babylonjs.com/babylon.js:0
[19604879ms] [WARNING] WebGL: INVALID_OPERATION: bindVertexArray: object does not belong to this context @ https://cdn.babylonjs.com/babylon.js:0
[19604879ms] [WARNING] WebGL: INVALID_OPERATION: uniformMatrix4fv: location is not from the associated program @ https://cdn.babylonjs.com/babylon.js:0
[19604880ms] [WARNING] WebGL: INVALID_OPERATION: drawElements: no valid shader program in use @ https://cdn.babylonjs.com/babylon.js:0
[19604880ms] [WARNING] WebGL: INVALID_OPERATION: bindVertexArray: object does not belong to this context @ https://cdn.babylonjs.com/babylon.js:0
[19604880ms] [WARNING] WebGL: INVALID_OPERATION: uniformMatrix4fv: location is not from the associated program @ https://cdn.babylonjs.com/babylon.js:0
[19604880ms] [WARNING] WebGL: INVALID_OPERATION: drawElements: no valid shader program in use @ https://cdn.babylonjs.com/babylon.js:0
[19604880ms] [WARNING] WebGL: INVALID_OPERATION: bindVertexArray: object does not belong to this context @ https://cdn.babylonjs.com/babylon.js:0
[19604880ms] [WARNING] WebGL: INVALID_OPERATION: uniformMatrix4fv: location is not from the associated program @ https://cdn.babylonjs.com/babylon.js:0
[19604880ms] [WARNING] WebGL: INVALID_OPERATION: drawElements: no valid shader program in use @ https://cdn.babylonjs.com/babylon.js:0
[19604881ms] [WARNING] WebGL: INVALID_OPERATION: bindVertexArray: object does not belong to this context @ https://cdn.babylonjs.com/babylon.js:0
[19604881ms] [WARNING] WebGL: INVALID_OPERATION: uniformMatrix4fv: location is not from the associated program @ https://cdn.babylonjs.com/babylon.js:0
[19604881ms] [WARNING] WebGL: INVALID_OPERATION: drawElements: no valid shader program in use @ https://cdn.babylonjs.com/babylon.js:0
[19604881ms] [WARNING] WebGL: INVALID_OPERATION: bindVertexArray: object does not belong to this context @ https://cdn.babylonjs.com/babylon.js:0
[19604881ms] [WARNING] WebGL: INVALID_OPERATION: uniformMatrix4fv: location is not from the associated program @ https://cdn.babylonjs.com/babylon.js:0
[19604881ms] [WARNING] WebGL: INVALID_OPERATION: drawElements: no valid shader program in use @ https://cdn.babylonjs.com/babylon.js:0
[19604881ms] [WARNING] WebGL: INVALID_OPERATION: bindVertexArray: object does not belong to this context @ https://cdn.babylonjs.com/babylon.js:0
[19604881ms] [WARNING] WebGL: INVALID_OPERATION: uniformMatrix4fv: location is not from the associated program @ https://cdn.babylonjs.com/babylon.js:0
[19604881ms] [WARNING] WebGL: INVALID_OPERATION: drawElements: no valid shader program in use @ https://cdn.babylonjs.com/babylon.js:0
[19604882ms] [WARNING] WebGL: INVALID_OPERATION: bindVertexArray: object does not belong to this context @ https://cdn.babylonjs.com/babylon.js:0
[19604882ms] [WARNING] WebGL: INVALID_OPERATION: uniformMatrix4fv: location is not from the associated program @ https://cdn.babylonjs.com/babylon.js:0
[19604882ms] [WARNING] WebGL: INVALID_OPERATION: drawElements: no valid shader program in use @ https://cdn.babylonjs.com/babylon.js:0
[19604882ms] [WARNING] WebGL: INVALID_OPERATION: bindVertexArray: object does not belong to this context @ https://cdn.babylonjs.com/babylon.js:0
[19604882ms] [WARNING] WebGL: INVALID_OPERATION: uniformMatrix4fv: location is not from the associated program @ https://cdn.babylonjs.com/babylon.js:0
[19604882ms] [WARNING] WebGL: INVALID_OPERATION: drawElements: no valid shader program in use @ https://cdn.babylonjs.com/babylon.js:0
[19604882ms] [WARNING] WebGL: INVALID_OPERATION: bindVertexArray: object does not belong to this context @ https://cdn.babylonjs.com/babylon.js:0
[19604882ms] [WARNING] WebGL: INVALID_OPERATION: uniformMatrix4fv: location is not from the associated program @ https://cdn.babylonjs.com/babylon.js:0
[19604882ms] [WARNING] WebGL: INVALID_OPERATION: drawElements: no valid shader program in use @ https://cdn.babylonjs.com/babylon.js:0
[19604882ms] [WARNING] WebGL: INVALID_OPERATION: bindVertexArray: object does not belong to this context @ https://cdn.babylonjs.com/babylon.js:0
[19604882ms] [WARNING] WebGL: INVALID_OPERATION: uniformMatrix4fv: location is not from the associated program @ https://cdn.babylonjs.com/babylon.js:0
[19604882ms] [WARNING] WebGL: INVALID_OPERATION: drawElements: no valid shader program in use @ https://cdn.babylonjs.com/babylon.js:0
[19604882ms] [WARNING] WebGL: INVALID_OPERATION: bindVertexArray: object does not belong to this context @ https://cdn.babylonjs.com/babylon.js:0
[19604882ms] [WARNING] WebGL: INVALID_OPERATION: uniformMatrix4fv: location is not from the associated program @ https://cdn.babylonjs.com/babylon.js:0
[19604882ms] [WARNING] WebGL: INVALID_OPERATION: drawElements: no valid shader program in use @ https://cdn.babylonjs.com/babylon.js:0
[19604883ms] [WARNING] WebGL: INVALID_OPERATION: bindVertexArray: object does not belong to this context @ https://cdn.babylonjs.com/babylon.js:0
[19604883ms] [WARNING] WebGL: INVALID_OPERATION: uniformMatrix4fv: location is not from the associated program @ https://cdn.babylonjs.com/babylon.js:0
[19604883ms] [WARNING] WebGL: INVALID_OPERATION: drawElements: no valid shader program in use @ https://cdn.babylonjs.com/babylon.js:0
[19604883ms] [WARNING] WebGL: INVALID_OPERATION: bindVertexArray: object does not belong to this context @ https://cdn.babylonjs.com/babylon.js:0
[19604883ms] [WARNING] WebGL: INVALID_OPERATION: uniformMatrix4fv: location is not from the associated program @ https://cdn.babylonjs.com/babylon.js:0
[19604883ms] [WARNING] WebGL: INVALID_OPERATION: drawElements: no valid shader program in use @ https://cdn.babylonjs.com/babylon.js:0
[19604883ms] [WARNING] WebGL: INVALID_OPERATION: bindVertexArray: object does not belong to this context @ https://cdn.babylonjs.com/babylon.js:0
[19604883ms] [WARNING] WebGL: INVALID_OPERATION: uniformMatrix4fv: location is not from the associated program @ https://cdn.babylonjs.com/babylon.js:0
[19604883ms] [WARNING] WebGL: INVALID_OPERATION: drawElements: no valid shader program in use @ https://cdn.babylonjs.com/babylon.js:0
[19604884ms] [WARNING] WebGL: INVALID_OPERATION: bindFramebuffer: object does not belong to this context @ https://cdn.babylonjs.com/babylon.js:0
[19604887ms] [WARNING] WebGL: INVALID_OPERATION: useProgram: object does not belong to this context @ https://cdn.babylonjs.com/babylon.js:0
[19604887ms] [WARNING] WebGL: INVALID_OPERATION: bindVertexArray: object does not belong to this context @ https://cdn.babylonjs.com/babylon.js:0
[19604887ms] [WARNING] WebGL: INVALID_OPERATION: uniformMatrix4fv: location is not from the associated program @ https://cdn.babylonjs.com/babylon.js:0
[19604888ms] [WARNING] WebGL: INVALID_OPERATION: uniformMatrix4fv: location is not from the associated program @ https://cdn.babylonjs.com/babylon.js:0
[19604888ms] [WARNING] WebGL: INVALID_OPERATION: drawElements: no valid shader program in use @ https://cdn.babylonjs.com/babylon.js:0
[19604888ms] [WARNING] WebGL: INVALID_OPERATION: bindVertexArray: object does not belong to this context @ https://cdn.babylonjs.com/babylon.js:0
[19604889ms] [WARNING] WebGL: INVALID_OPERATION: uniformMatrix4fv: location is not from the associated program @ https://cdn.babylonjs.com/babylon.js:0
[19604889ms] [WARNING] WebGL: INVALID_OPERATION: drawElements: no valid shader program in use @ https://cdn.babylonjs.com/babylon.js:0
[19604889ms] [WARNING] WebGL: INVALID_OPERATION: bindVertexArray: object does not belong to this context @ https://cdn.babylonjs.com/babylon.js:0
[19604889ms] [WARNING] WebGL: INVALID_OPERATION: uniformMatrix4fv: location is not from the associated program @ https://cdn.babylonjs.com/babylon.js:0
[19604889ms] [WARNING] WebGL: INVALID_OPERATION: drawElements: no valid shader program in use @ https://cdn.babylonjs.com/babylon.js:0
[19604889ms] [WARNING] WebGL: INVALID_OPERATION: bindVertexArray: object does not belong to this context @ https://cdn.babylonjs.com/babylon.js:0
[19604889ms] [WARNING] WebGL: INVALID_OPERATION: uniformMatrix4fv: location is not from the associated program @ https://cdn.babylonjs.com/babylon.js:0
[19604889ms] [WARNING] WebGL: INVALID_OPERATION: drawElements: no valid shader program in use @ https://cdn.babylonjs.com/babylon.js:0
[19604889ms] [WARNING] WebGL: INVALID_OPERATION: bindVertexArray: object does not belong to this context @ https://cdn.babylonjs.com/babylon.js:0
[19604889ms] [WARNING] WebGL: INVALID_OPERATION: uniformMatrix4fv: location is not from the associated program @ https://cdn.babylonjs.com/babylon.js:0
[19604889ms] [WARNING] WebGL: INVALID_OPERATION: drawElements: no valid shader program in use @ https://cdn.babylonjs.com/babylon.js:0
[19604889ms] [WARNING] WebGL: INVALID_OPERATION: useProgram: object does not belong to this context @ https://cdn.babylonjs.com/babylon.js:0
[19604890ms] [WARNING] WebGL: INVALID_OPERATION: bindBuffer: object does not belong to this context @ https://cdn.babylonjs.com/babylon.js:0
[19604890ms] [WARNING] WebGL: INVALID_OPERATION: uniformMatrix4fv: location is not from the associated program @ https://cdn.babylonjs.com/babylon.js:0
[19604890ms] [WARNING] WebGL: INVALID_OPERATION: drawElements: no valid shader program in use @ https://cdn.babylonjs.com/babylon.js:0
[19604890ms] [WARNING] WebGL: INVALID_OPERATION: useProgram: object does not belong to this context @ https://cdn.babylonjs.com/babylon.js:0
[19604890ms] [WARNING] WebGL: INVALID_OPERATION: bindVertexArray: object does not belong to this context @ https://cdn.babylonjs.com/babylon.js:0
[19604890ms] [WARNING] WebGL: too many errors, no more errors will be reported to the console for this context. @ https://cdn.babylonjs.com/babylon.js:0
[19645102ms] [WARNING] BJS - [20:10:23]: WebGL context successfully restored. @ https://cdn.babylonjs.com/babylon.js:0
[20671977ms] [WARNING] BJS - [20:27:30]: WebGL context lost. @ https://cdn.babylonjs.com/babylon.js:0
[20673037ms] [WARNING] WebGL: INVALID_OPERATION: bindBuffer: object does not belong to this context @ https://cdn.babylonjs.com/babylon.js:0
[20673038ms] [WARNING] WebGL: INVALID_OPERATION: bufferSubData: no buffer @ https://cdn.babylonjs.com/babylon.js:0
[20673038ms] [WARNING] WebGL: INVALID_OPERATION: bindBuffer: object does not belong to this context @ https://cdn.babylonjs.com/babylon.js:0
[20673038ms] [WARNING] WebGL: INVALID_OPERATION: bufferSubData: no buffer @ https://cdn.babylonjs.com/babylon.js:0
[20673038ms] [WARNING] WebGL: INVALID_OPERATION: bindBuffer: object does not belong to this context @ https://cdn.babylonjs.com/babylon.js:0
[20673039ms] [WARNING] WebGL: INVALID_OPERATION: bufferSubData: no buffer @ https://cdn.babylonjs.com/babylon.js:0
[20673039ms] [WARNING] WebGL: INVALID_OPERATION: bindBuffer: object does not belong to this context @ https://cdn.babylonjs.com/babylon.js:0
[20673039ms] [WARNING] WebGL: INVALID_OPERATION: bufferSubData: no buffer @ https://cdn.babylonjs.com/babylon.js:0
[20673039ms] [WARNING] WebGL: INVALID_OPERATION: bindBuffer: object does not belong to this context @ https://cdn.babylonjs.com/babylon.js:0
[20673039ms] [WARNING] WebGL: INVALID_OPERATION: bufferSubData: no buffer @ https://cdn.babylonjs.com/babylon.js:0
[20673040ms] [WARNING] WebGL: INVALID_OPERATION: bindFramebuffer: object does not belong to this context @ https://cdn.babylonjs.com/babylon.js:0
[20673041ms] [WARNING] WebGL: INVALID_OPERATION: framebufferTexture2D: object does not belong to this context @ https://cdn.babylonjs.com/babylon.js:0
[20673043ms] [WARNING] WebGL: INVALID_OPERATION: bindBuffer: object does not belong to this context @ https://cdn.babylonjs.com/babylon.js:0
[20673043ms] [WARNING] WebGL: INVALID_OPERATION: bufferSubData: no buffer @ https://cdn.babylonjs.com/babylon.js:0
[20673044ms] [WARNING] WebGL: INVALID_OPERATION: useProgram: object does not belong to this context @ https://cdn.babylonjs.com/babylon.js:0
[20673045ms] [WARNING] WebGL: INVALID_OPERATION: bindVertexArray: object does not belong to this context @ https://cdn.babylonjs.com/babylon.js:0
[20673045ms] [WARNING] WebGL: INVALID_OPERATION: bindBufferBase: object does not belong to this context @ https://cdn.babylonjs.com/babylon.js:0
[20673046ms] [WARNING] WebGL: INVALID_OPERATION: uniformMatrix4fv: location is not from the associated program @ https://cdn.babylonjs.com/babylon.js:0
[20673046ms] [WARNING] WebGL: INVALID_OPERATION: drawElements: no valid shader program in use @ https://cdn.babylonjs.com/babylon.js:0
[20673046ms] [WARNING] WebGL: INVALID_OPERATION: bindVertexArray: object does not belong to this context @ https://cdn.babylonjs.com/babylon.js:0
[20673046ms] [WARNING] WebGL: INVALID_OPERATION: uniformMatrix4fv: location is not from the associated program @ https://cdn.babylonjs.com/babylon.js:0
[20673046ms] [WARNING] WebGL: INVALID_OPERATION: drawElements: no valid shader program in use @ https://cdn.babylonjs.com/babylon.js:0
[20673046ms] [WARNING] WebGL: INVALID_OPERATION: bindVertexArray: object does not belong to this context @ https://cdn.babylonjs.com/babylon.js:0
[20673047ms] [WARNING] WebGL: INVALID_OPERATION: uniformMatrix4fv: location is not from the associated program @ https://cdn.babylonjs.com/babylon.js:0
[20673047ms] [WARNING] WebGL: INVALID_OPERATION: drawElements: no valid shader program in use @ https://cdn.babylonjs.com/babylon.js:0
[20673047ms] [WARNING] WebGL: INVALID_OPERATION: bindVertexArray: object does not belong to this context @ https://cdn.babylonjs.com/babylon.js:0
[20673048ms] [WARNING] WebGL: INVALID_OPERATION: uniformMatrix4fv: location is not from the associated program @ https://cdn.babylonjs.com/babylon.js:0
[20673048ms] [WARNING] WebGL: INVALID_OPERATION: drawElements: no valid shader program in use @ https://cdn.babylonjs.com/babylon.js:0
[20673048ms] [WARNING] WebGL: INVALID_OPERATION: bindVertexArray: object does not belong to this context @ https://cdn.babylonjs.com/babylon.js:0
[20673048ms] [WARNING] WebGL: INVALID_OPERATION: uniformMatrix4fv: location is not from the associated program @ https://cdn.babylonjs.com/babylon.js:0
[20673048ms] [WARNING] WebGL: INVALID_OPERATION: drawElements: no valid shader program in use @ https://cdn.babylonjs.com/babylon.js:0
[20673048ms] [WARNING] WebGL: INVALID_OPERATION: bindVertexArray: object does not belong to this context @ https://cdn.babylonjs.com/babylon.js:0
[20673048ms] [WARNING] WebGL: INVALID_OPERATION: uniformMatrix4fv: location is not from the associated program @ https://cdn.babylonjs.com/babylon.js:0
[20673048ms] [WARNING] WebGL: INVALID_OPERATION: drawElements: no valid shader program in use @ https://cdn.babylonjs.com/babylon.js:0
[20673048ms] [WARNING] WebGL: INVALID_OPERATION: bindVertexArray: object does not belong to this context @ https://cdn.babylonjs.com/babylon.js:0
[20673048ms] [WARNING] WebGL: INVALID_OPERATION: uniformMatrix4fv: location is not from the associated program @ https://cdn.babylonjs.com/babylon.js:0
[20673048ms] [WARNING] WebGL: INVALID_OPERATION: drawElements: no valid shader program in use @ https://cdn.babylonjs.com/babylon.js:0
[20673049ms] [WARNING] WebGL: INVALID_OPERATION: bindVertexArray: object does not belong to this context @ https://cdn.babylonjs.com/babylon.js:0
[20673049ms] [WARNING] WebGL: INVALID_OPERATION: uniformMatrix4fv: location is not from the associated program @ https://cdn.babylonjs.com/babylon.js:0
[20673049ms] [WARNING] WebGL: INVALID_OPERATION: drawElements: no valid shader program in use @ https://cdn.babylonjs.com/babylon.js:0
[20673049ms] [WARNING] WebGL: INVALID_OPERATION: bindVertexArray: object does not belong to this context @ https://cdn.babylonjs.com/babylon.js:0
[20673049ms] [WARNING] WebGL: INVALID_OPERATION: uniformMatrix4fv: location is not from the associated program @ https://cdn.babylonjs.com/babylon.js:0
[20673049ms] [WARNING] WebGL: INVALID_OPERATION: drawElements: no valid shader program in use @ https://cdn.babylonjs.com/babylon.js:0
[20673049ms] [WARNING] WebGL: INVALID_OPERATION: bindVertexArray: object does not belong to this context @ https://cdn.babylonjs.com/babylon.js:0
[20673049ms] [WARNING] WebGL: INVALID_OPERATION: uniformMatrix4fv: location is not from the associated program @ https://cdn.babylonjs.com/babylon.js:0
[20673049ms] [WARNING] WebGL: INVALID_OPERATION: drawElements: no valid shader program in use @ https://cdn.babylonjs.com/babylon.js:0
[20673049ms] [WARNING] WebGL: INVALID_OPERATION: bindVertexArray: object does not belong to this context @ https://cdn.babylonjs.com/babylon.js:0
[20673049ms] [WARNING] WebGL: INVALID_OPERATION: uniformMatrix4fv: location is not from the associated program @ https://cdn.babylonjs.com/babylon.js:0
[20673050ms] [WARNING] WebGL: INVALID_OPERATION: drawElements: no valid shader program in use @ https://cdn.babylonjs.com/babylon.js:0
[20673050ms] [WARNING] WebGL: INVALID_OPERATION: bindVertexArray: object does not belong to this context @ https://cdn.babylonjs.com/babylon.js:0
[20673050ms] [WARNING] WebGL: INVALID_OPERATION: uniformMatrix4fv: location is not from the associated program @ https://cdn.babylonjs.com/babylon.js:0
[20673050ms] [WARNING] WebGL: INVALID_OPERATION: drawElements: no valid shader program in use @ https://cdn.babylonjs.com/babylon.js:0
[20673050ms] [WARNING] WebGL: INVALID_OPERATION: bindVertexArray: object does not belong to this context @ https://cdn.babylonjs.com/babylon.js:0
[20673050ms] [WARNING] WebGL: INVALID_OPERATION: uniformMatrix4fv: location is not from the associated program @ https://cdn.babylonjs.com/babylon.js:0
[20673050ms] [WARNING] WebGL: INVALID_OPERATION: drawElements: no valid shader program in use @ https://cdn.babylonjs.com/babylon.js:0
[20673050ms] [WARNING] WebGL: INVALID_OPERATION: bindVertexArray: object does not belong to this context @ https://cdn.babylonjs.com/babylon.js:0
[20673050ms] [WARNING] WebGL: INVALID_OPERATION: uniformMatrix4fv: location is not from the associated program @ https://cdn.babylonjs.com/babylon.js:0
[20673050ms] [WARNING] WebGL: INVALID_OPERATION: drawElements: no valid shader program in use @ https://cdn.babylonjs.com/babylon.js:0
[20673050ms] [WARNING] WebGL: INVALID_OPERATION: bindVertexArray: object does not belong to this context @ https://cdn.babylonjs.com/babylon.js:0
[20673051ms] [WARNING] WebGL: INVALID_OPERATION: uniformMatrix4fv: location is not from the associated program @ https://cdn.babylonjs.com/babylon.js:0
[20673051ms] [WARNING] WebGL: INVALID_OPERATION: drawElements: no valid shader program in use @ https://cdn.babylonjs.com/babylon.js:0
[20673051ms] [WARNING] WebGL: INVALID_OPERATION: bindVertexArray: object does not belong to this context @ https://cdn.babylonjs.com/babylon.js:0
[20673051ms] [WARNING] WebGL: INVALID_OPERATION: uniformMatrix4fv: location is not from the associated program @ https://cdn.babylonjs.com/babylon.js:0
[20673051ms] [WARNING] WebGL: INVALID_OPERATION: drawElements: no valid shader program in use @ https://cdn.babylonjs.com/babylon.js:0
[20673051ms] [WARNING] WebGL: INVALID_OPERATION: bindVertexArray: object does not belong to this context @ https://cdn.babylonjs.com/babylon.js:0
[20673051ms] [WARNING] WebGL: INVALID_OPERATION: uniformMatrix4fv: location is not from the associated program @ https://cdn.babylonjs.com/babylon.js:0
[20673051ms] [WARNING] WebGL: INVALID_OPERATION: drawElements: no valid shader program in use @ https://cdn.babylonjs.com/babylon.js:0
[20673051ms] [WARNING] WebGL: INVALID_OPERATION: bindVertexArray: object does not belong to this context @ https://cdn.babylonjs.com/babylon.js:0
[20673051ms] [WARNING] WebGL: INVALID_OPERATION: uniformMatrix4fv: location is not from the associated program @ https://cdn.babylonjs.com/babylon.js:0
[20673051ms] [WARNING] WebGL: INVALID_OPERATION: drawElements: no valid shader program in use @ https://cdn.babylonjs.com/babylon.js:0
[20673051ms] [WARNING] WebGL: INVALID_OPERATION: bindVertexArray: object does not belong to this context @ https://cdn.babylonjs.com/babylon.js:0
[20673051ms] [WARNING] WebGL: INVALID_OPERATION: uniformMatrix4fv: location is not from the associated program @ https://cdn.babylonjs.com/babylon.js:0
[20673051ms] [WARNING] WebGL: INVALID_OPERATION: drawElements: no valid shader program in use @ https://cdn.babylonjs.com/babylon.js:0
[20673051ms] [WARNING] WebGL: INVALID_OPERATION: bindVertexArray: object does not belong to this context @ https://cdn.babylonjs.com/babylon.js:0
[20673051ms] [WARNING] WebGL: INVALID_OPERATION: uniformMatrix4fv: location is not from the associated program @ https://cdn.babylonjs.com/babylon.js:0
[20673051ms] [WARNING] WebGL: INVALID_OPERATION: drawElements: no valid shader program in use @ https://cdn.babylonjs.com/babylon.js:0
[20673052ms] [WARNING] WebGL: INVALID_OPERATION: bindVertexArray: object does not belong to this context @ https://cdn.babylonjs.com/babylon.js:0
[20673052ms] [WARNING] WebGL: INVALID_OPERATION: uniformMatrix4fv: location is not from the associated program @ https://cdn.babylonjs.com/babylon.js:0
[20673052ms] [WARNING] WebGL: INVALID_OPERATION: drawElements: no valid shader program in use @ https://cdn.babylonjs.com/babylon.js:0
[20673052ms] [WARNING] WebGL: INVALID_OPERATION: bindVertexArray: object does not belong to this context @ https://cdn.babylonjs.com/babylon.js:0
[20673052ms] [WARNING] WebGL: INVALID_OPERATION: uniformMatrix4fv: location is not from the associated program @ https://cdn.babylonjs.com/babylon.js:0
[20673052ms] [WARNING] WebGL: INVALID_OPERATION: drawElements: no valid shader program in use @ https://cdn.babylonjs.com/babylon.js:0
[20673052ms] [WARNING] WebGL: INVALID_OPERATION: bindVertexArray: object does not belong to this context @ https://cdn.babylonjs.com/babylon.js:0
[20673052ms] [WARNING] WebGL: INVALID_OPERATION: uniformMatrix4fv: location is not from the associated program @ https://cdn.babylonjs.com/babylon.js:0
[20673052ms] [WARNING] WebGL: INVALID_OPERATION: drawElements: no valid shader program in use @ https://cdn.babylonjs.com/babylon.js:0
[20673052ms] [WARNING] WebGL: INVALID_OPERATION: bindVertexArray: object does not belong to this context @ https://cdn.babylonjs.com/babylon.js:0
[20673052ms] [WARNING] WebGL: INVALID_OPERATION: uniformMatrix4fv: location is not from the associated program @ https://cdn.babylonjs.com/babylon.js:0
[20673052ms] [WARNING] WebGL: INVALID_OPERATION: drawElements: no valid shader program in use @ https://cdn.babylonjs.com/babylon.js:0
[20673052ms] [WARNING] WebGL: INVALID_OPERATION: bindVertexArray: object does not belong to this context @ https://cdn.babylonjs.com/babylon.js:0
[20673052ms] [WARNING] WebGL: INVALID_OPERATION: uniformMatrix4fv: location is not from the associated program @ https://cdn.babylonjs.com/babylon.js:0
[20673052ms] [WARNING] WebGL: INVALID_OPERATION: drawElements: no valid shader program in use @ https://cdn.babylonjs.com/babylon.js:0
[20673052ms] [WARNING] WebGL: INVALID_OPERATION: bindVertexArray: object does not belong to this context @ https://cdn.babylonjs.com/babylon.js:0
[20673052ms] [WARNING] WebGL: INVALID_OPERATION: uniformMatrix4fv: location is not from the associated program @ https://cdn.babylonjs.com/babylon.js:0
[20673052ms] [WARNING] WebGL: INVALID_OPERATION: drawElements: no valid shader program in use @ https://cdn.babylonjs.com/babylon.js:0
[20673053ms] [WARNING] WebGL: INVALID_OPERATION: bindVertexArray: object does not belong to this context @ https://cdn.babylonjs.com/babylon.js:0
[20673053ms] [WARNING] WebGL: INVALID_OPERATION: uniformMatrix4fv: location is not from the associated program @ https://cdn.babylonjs.com/babylon.js:0
[20673053ms] [WARNING] WebGL: INVALID_OPERATION: drawElements: no valid shader program in use @ https://cdn.babylonjs.com/babylon.js:0
[20673053ms] [WARNING] WebGL: INVALID_OPERATION: bindVertexArray: object does not belong to this context @ https://cdn.babylonjs.com/babylon.js:0
[20673053ms] [WARNING] WebGL: INVALID_OPERATION: uniformMatrix4fv: location is not from the associated program @ https://cdn.babylonjs.com/babylon.js:0
[20673053ms] [WARNING] WebGL: INVALID_OPERATION: drawElements: no valid shader program in use @ https://cdn.babylonjs.com/babylon.js:0
[20673053ms] [WARNING] WebGL: INVALID_OPERATION: bindVertexArray: object does not belong to this context @ https://cdn.babylonjs.com/babylon.js:0
[20673053ms] [WARNING] WebGL: INVALID_OPERATION: uniformMatrix4fv: location is not from the associated program @ https://cdn.babylonjs.com/babylon.js:0
[20673053ms] [WARNING] WebGL: INVALID_OPERATION: drawElements: no valid shader program in use @ https://cdn.babylonjs.com/babylon.js:0
[20673054ms] [WARNING] WebGL: INVALID_OPERATION: bindVertexArray: object does not belong to this context @ https://cdn.babylonjs.com/babylon.js:0
[20673054ms] [WARNING] WebGL: INVALID_OPERATION: uniformMatrix4fv: location is not from the associated program @ https://cdn.babylonjs.com/babylon.js:0
[20673054ms] [WARNING] WebGL: INVALID_OPERATION: drawElements: no valid shader program in use @ https://cdn.babylonjs.com/babylon.js:0
[20673054ms] [WARNING] WebGL: INVALID_OPERATION: bindVertexArray: object does not belong to this context @ https://cdn.babylonjs.com/babylon.js:0
[20673054ms] [WARNING] WebGL: INVALID_OPERATION: uniformMatrix4fv: location is not from the associated program @ https://cdn.babylonjs.com/babylon.js:0
[20673054ms] [WARNING] WebGL: INVALID_OPERATION: drawElements: no valid shader program in use @ https://cdn.babylonjs.com/babylon.js:0
[20673054ms] [WARNING] WebGL: INVALID_OPERATION: bindVertexArray: object does not belong to this context @ https://cdn.babylonjs.com/babylon.js:0
[20673054ms] [WARNING] WebGL: INVALID_OPERATION: uniformMatrix4fv: location is not from the associated program @ https://cdn.babylonjs.com/babylon.js:0
[20673054ms] [WARNING] WebGL: INVALID_OPERATION: drawElements: no valid shader program in use @ https://cdn.babylonjs.com/babylon.js:0
[20673054ms] [WARNING] WebGL: INVALID_OPERATION: bindVertexArray: object does not belong to this context @ https://cdn.babylonjs.com/babylon.js:0
[20673054ms] [WARNING] WebGL: INVALID_OPERATION: uniformMatrix4fv: location is not from the associated program @ https://cdn.babylonjs.com/babylon.js:0
[20673054ms] [WARNING] WebGL: INVALID_OPERATION: drawElements: no valid shader program in use @ https://cdn.babylonjs.com/babylon.js:0
[20673054ms] [WARNING] WebGL: INVALID_OPERATION: bindVertexArray: object does not belong to this context @ https://cdn.babylonjs.com/babylon.js:0
[20673054ms] [WARNING] WebGL: INVALID_OPERATION: uniformMatrix4fv: location is not from the associated program @ https://cdn.babylonjs.com/babylon.js:0
[20673054ms] [WARNING] WebGL: INVALID_OPERATION: drawElements: no valid shader program in use @ https://cdn.babylonjs.com/babylon.js:0
[20673054ms] [WARNING] WebGL: INVALID_OPERATION: bindVertexArray: object does not belong to this context @ https://cdn.babylonjs.com/babylon.js:0
[20673054ms] [WARNING] WebGL: INVALID_OPERATION: uniformMatrix4fv: location is not from the associated program @ https://cdn.babylonjs.com/babylon.js:0
[20673054ms] [WARNING] WebGL: INVALID_OPERATION: drawElements: no valid shader program in use @ https://cdn.babylonjs.com/babylon.js:0
[20673055ms] [WARNING] WebGL: INVALID_OPERATION: bindVertexArray: object does not belong to this context @ https://cdn.babylonjs.com/babylon.js:0
[20673055ms] [WARNING] WebGL: INVALID_OPERATION: uniformMatrix4fv: location is not from the associated program @ https://cdn.babylonjs.com/babylon.js:0
[20673055ms] [WARNING] WebGL: INVALID_OPERATION: drawElements: no valid shader program in use @ https://cdn.babylonjs.com/babylon.js:0
[20673055ms] [WARNING] WebGL: INVALID_OPERATION: bindVertexArray: object does not belong to this context @ https://cdn.babylonjs.com/babylon.js:0
[20673055ms] [WARNING] WebGL: INVALID_OPERATION: uniformMatrix4fv: location is not from the associated program @ https://cdn.babylonjs.com/babylon.js:0
[20673055ms] [WARNING] WebGL: INVALID_OPERATION: drawElements: no valid shader program in use @ https://cdn.babylonjs.com/babylon.js:0
[20673055ms] [WARNING] WebGL: INVALID_OPERATION: bindVertexArray: object does not belong to this context @ https://cdn.babylonjs.com/babylon.js:0
[20673055ms] [WARNING] WebGL: INVALID_OPERATION: uniformMatrix4fv: location is not from the associated program @ https://cdn.babylonjs.com/babylon.js:0
[20673055ms] [WARNING] WebGL: INVALID_OPERATION: drawElements: no valid shader program in use @ https://cdn.babylonjs.com/babylon.js:0
[20673055ms] [WARNING] WebGL: INVALID_OPERATION: bindVertexArray: object does not belong to this context @ https://cdn.babylonjs.com/babylon.js:0
[20673055ms] [WARNING] WebGL: INVALID_OPERATION: uniformMatrix4fv: location is not from the associated program @ https://cdn.babylonjs.com/babylon.js:0
[20673055ms] [WARNING] WebGL: INVALID_OPERATION: drawElements: no valid shader program in use @ https://cdn.babylonjs.com/babylon.js:0
[20673055ms] [WARNING] WebGL: INVALID_OPERATION: bindVertexArray: object does not belong to this context @ https://cdn.babylonjs.com/babylon.js:0
[20673056ms] [WARNING] WebGL: INVALID_OPERATION: uniformMatrix4fv: location is not from the associated program @ https://cdn.babylonjs.com/babylon.js:0
[20673056ms] [WARNING] WebGL: INVALID_OPERATION: drawElements: no valid shader program in use @ https://cdn.babylonjs.com/babylon.js:0
[20673056ms] [WARNING] WebGL: INVALID_OPERATION: bindVertexArray: object does not belong to this context @ https://cdn.babylonjs.com/babylon.js:0
[20673056ms] [WARNING] WebGL: INVALID_OPERATION: uniformMatrix4fv: location is not from the associated program @ https://cdn.babylonjs.com/babylon.js:0
[20673056ms] [WARNING] WebGL: INVALID_OPERATION: drawElements: no valid shader program in use @ https://cdn.babylonjs.com/babylon.js:0
[20673056ms] [WARNING] WebGL: INVALID_OPERATION: bindVertexArray: object does not belong to this context @ https://cdn.babylonjs.com/babylon.js:0
[20673056ms] [WARNING] WebGL: INVALID_OPERATION: uniformMatrix4fv: location is not from the associated program @ https://cdn.babylonjs.com/babylon.js:0
[20673056ms] [WARNING] WebGL: INVALID_OPERATION: drawElements: no valid shader program in use @ https://cdn.babylonjs.com/babylon.js:0
[20673056ms] [WARNING] WebGL: INVALID_OPERATION: bindVertexArray: object does not belong to this context @ https://cdn.babylonjs.com/babylon.js:0
[20673056ms] [WARNING] WebGL: INVALID_OPERATION: uniformMatrix4fv: location is not from the associated program @ https://cdn.babylonjs.com/babylon.js:0
[20673056ms] [WARNING] WebGL: INVALID_OPERATION: drawElements: no valid shader program in use @ https://cdn.babylonjs.com/babylon.js:0
[20673057ms] [WARNING] WebGL: INVALID_OPERATION: bindVertexArray: object does not belong to this context @ https://cdn.babylonjs.com/babylon.js:0
[20673057ms] [WARNING] WebGL: INVALID_OPERATION: uniformMatrix4fv: location is not from the associated program @ https://cdn.babylonjs.com/babylon.js:0
[20673057ms] [WARNING] WebGL: INVALID_OPERATION: drawElements: no valid shader program in use @ https://cdn.babylonjs.com/babylon.js:0
[20673057ms] [WARNING] WebGL: INVALID_OPERATION: bindVertexArray: object does not belong to this context @ https://cdn.babylonjs.com/babylon.js:0
[20673057ms] [WARNING] WebGL: INVALID_OPERATION: uniformMatrix4fv: location is not from the associated program @ https://cdn.babylonjs.com/babylon.js:0
[20673057ms] [WARNING] WebGL: INVALID_OPERATION: drawElements: no valid shader program in use @ https://cdn.babylonjs.com/babylon.js:0
[20673057ms] [WARNING] WebGL: INVALID_OPERATION: bindVertexArray: object does not belong to this context @ https://cdn.babylonjs.com/babylon.js:0
[20673057ms] [WARNING] WebGL: INVALID_OPERATION: uniformMatrix4fv: location is not from the associated program @ https://cdn.babylonjs.com/babylon.js:0
[20673057ms] [WARNING] WebGL: INVALID_OPERATION: drawElements: no valid shader program in use @ https://cdn.babylonjs.com/babylon.js:0
[20673057ms] [WARNING] WebGL: INVALID_OPERATION: bindVertexArray: object does not belong to this context @ https://cdn.babylonjs.com/babylon.js:0
[20673057ms] [WARNING] WebGL: INVALID_OPERATION: uniformMatrix4fv: location is not from the associated program @ https://cdn.babylonjs.com/babylon.js:0
[20673058ms] [WARNING] WebGL: INVALID_OPERATION: drawElements: no valid shader program in use @ https://cdn.babylonjs.com/babylon.js:0
[20673058ms] [WARNING] WebGL: INVALID_OPERATION: bindVertexArray: object does not belong to this context @ https://cdn.babylonjs.com/babylon.js:0
[20673058ms] [WARNING] WebGL: INVALID_OPERATION: uniformMatrix4fv: location is not from the associated program @ https://cdn.babylonjs.com/babylon.js:0
[20673058ms] [WARNING] WebGL: INVALID_OPERATION: drawElements: no valid shader program in use @ https://cdn.babylonjs.com/babylon.js:0
[20673058ms] [WARNING] WebGL: INVALID_OPERATION: bindVertexArray: object does not belong to this context @ https://cdn.babylonjs.com/babylon.js:0
[20673058ms] [WARNING] WebGL: INVALID_OPERATION: uniformMatrix4fv: location is not from the associated program @ https://cdn.babylonjs.com/babylon.js:0
[20673058ms] [WARNING] WebGL: INVALID_OPERATION: drawElements: no valid shader program in use @ https://cdn.babylonjs.com/babylon.js:0
[20673058ms] [WARNING] WebGL: INVALID_OPERATION: bindVertexArray: object does not belong to this context @ https://cdn.babylonjs.com/babylon.js:0
[20673058ms] [WARNING] WebGL: INVALID_OPERATION: uniformMatrix4fv: location is not from the associated program @ https://cdn.babylonjs.com/babylon.js:0
[20673058ms] [WARNING] WebGL: INVALID_OPERATION: drawElements: no valid shader program in use @ https://cdn.babylonjs.com/babylon.js:0
[20673058ms] [WARNING] WebGL: INVALID_OPERATION: bindVertexArray: object does not belong to this context @ https://cdn.babylonjs.com/babylon.js:0
[20673058ms] [WARNING] WebGL: INVALID_OPERATION: uniformMatrix4fv: location is not from the associated program @ https://cdn.babylonjs.com/babylon.js:0
[20673058ms] [WARNING] WebGL: INVALID_OPERATION: drawElements: no valid shader program in use @ https://cdn.babylonjs.com/babylon.js:0
[20673058ms] [WARNING] WebGL: INVALID_OPERATION: bindVertexArray: object does not belong to this context @ https://cdn.babylonjs.com/babylon.js:0
[20673059ms] [WARNING] WebGL: INVALID_OPERATION: uniformMatrix4fv: location is not from the associated program @ https://cdn.babylonjs.com/babylon.js:0
[20673059ms] [WARNING] WebGL: INVALID_OPERATION: drawElements: no valid shader program in use @ https://cdn.babylonjs.com/babylon.js:0
[20673059ms] [WARNING] WebGL: INVALID_OPERATION: bindVertexArray: object does not belong to this context @ https://cdn.babylonjs.com/babylon.js:0
[20673059ms] [WARNING] WebGL: INVALID_OPERATION: uniformMatrix4fv: location is not from the associated program @ https://cdn.babylonjs.com/babylon.js:0
[20673059ms] [WARNING] WebGL: INVALID_OPERATION: drawElements: no valid shader program in use @ https://cdn.babylonjs.com/babylon.js:0
[20673059ms] [WARNING] WebGL: INVALID_OPERATION: bindVertexArray: object does not belong to this context @ https://cdn.babylonjs.com/babylon.js:0
[20673059ms] [WARNING] WebGL: INVALID_OPERATION: uniformMatrix4fv: location is not from the associated program @ https://cdn.babylonjs.com/babylon.js:0
[20673059ms] [WARNING] WebGL: INVALID_OPERATION: drawElements: no valid shader program in use @ https://cdn.babylonjs.com/babylon.js:0
[20673059ms] [WARNING] WebGL: INVALID_OPERATION: bindVertexArray: object does not belong to this context @ https://cdn.babylonjs.com/babylon.js:0
[20673059ms] [WARNING] WebGL: INVALID_OPERATION: uniformMatrix4fv: location is not from the associated program @ https://cdn.babylonjs.com/babylon.js:0
[20673059ms] [WARNING] WebGL: INVALID_OPERATION: drawElements: no valid shader program in use @ https://cdn.babylonjs.com/babylon.js:0
[20673059ms] [WARNING] WebGL: INVALID_OPERATION: bindVertexArray: object does not belong to this context @ https://cdn.babylonjs.com/babylon.js:0
[20673059ms] [WARNING] WebGL: INVALID_OPERATION: uniformMatrix4fv: location is not from the associated program @ https://cdn.babylonjs.com/babylon.js:0
[20673060ms] [WARNING] WebGL: INVALID_OPERATION: drawElements: no valid shader program in use @ https://cdn.babylonjs.com/babylon.js:0
[20673060ms] [WARNING] WebGL: INVALID_OPERATION: bindVertexArray: object does not belong to this context @ https://cdn.babylonjs.com/babylon.js:0
[20673060ms] [WARNING] WebGL: INVALID_OPERATION: uniformMatrix4fv: location is not from the associated program @ https://cdn.babylonjs.com/babylon.js:0
[20673060ms] [WARNING] WebGL: INVALID_OPERATION: drawElements: no valid shader program in use @ https://cdn.babylonjs.com/babylon.js:0
[20673060ms] [WARNING] WebGL: INVALID_OPERATION: bindVertexArray: object does not belong to this context @ https://cdn.babylonjs.com/babylon.js:0
[20673060ms] [WARNING] WebGL: INVALID_OPERATION: uniformMatrix4fv: location is not from the associated program @ https://cdn.babylonjs.com/babylon.js:0
[20673060ms] [WARNING] WebGL: INVALID_OPERATION: drawElements: no valid shader program in use @ https://cdn.babylonjs.com/babylon.js:0
[20673060ms] [WARNING] WebGL: INVALID_OPERATION: bindVertexArray: object does not belong to this context @ https://cdn.babylonjs.com/babylon.js:0
[20673060ms] [WARNING] WebGL: INVALID_OPERATION: uniformMatrix4fv: location is not from the associated program @ https://cdn.babylonjs.com/babylon.js:0
[20673060ms] [WARNING] WebGL: INVALID_OPERATION: drawElements: no valid shader program in use @ https://cdn.babylonjs.com/babylon.js:0
[20673060ms] [WARNING] WebGL: INVALID_OPERATION: bindVertexArray: object does not belong to this context @ https://cdn.babylonjs.com/babylon.js:0
[20673060ms] [WARNING] WebGL: INVALID_OPERATION: uniformMatrix4fv: location is not from the associated program @ https://cdn.babylonjs.com/babylon.js:0
[20673060ms] [WARNING] WebGL: INVALID_OPERATION: drawElements: no valid shader program in use @ https://cdn.babylonjs.com/babylon.js:0
[20673060ms] [WARNING] WebGL: INVALID_OPERATION: bindVertexArray: object does not belong to this context @ https://cdn.babylonjs.com/babylon.js:0
[20673060ms] [WARNING] WebGL: INVALID_OPERATION: uniformMatrix4fv: location is not from the associated program @ https://cdn.babylonjs.com/babylon.js:0
[20673060ms] [WARNING] WebGL: INVALID_OPERATION: drawElements: no valid shader program in use @ https://cdn.babylonjs.com/babylon.js:0
[20673061ms] [WARNING] WebGL: INVALID_OPERATION: bindVertexArray: object does not belong to this context @ https://cdn.babylonjs.com/babylon.js:0
[20673061ms] [WARNING] WebGL: INVALID_OPERATION: uniformMatrix4fv: location is not from the associated program @ https://cdn.babylonjs.com/babylon.js:0
[20673061ms] [WARNING] WebGL: INVALID_OPERATION: drawElements: no valid shader program in use @ https://cdn.babylonjs.com/babylon.js:0
[20673061ms] [WARNING] WebGL: INVALID_OPERATION: bindVertexArray: object does not belong to this context @ https://cdn.babylonjs.com/babylon.js:0
[20673061ms] [WARNING] WebGL: INVALID_OPERATION: uniformMatrix4fv: location is not from the associated program @ https://cdn.babylonjs.com/babylon.js:0
[20673061ms] [WARNING] WebGL: INVALID_OPERATION: drawElements: no valid shader program in use @ https://cdn.babylonjs.com/babylon.js:0
[20673061ms] [WARNING] WebGL: INVALID_OPERATION: bindVertexArray: object does not belong to this context @ https://cdn.babylonjs.com/babylon.js:0
[20673062ms] [WARNING] WebGL: INVALID_OPERATION: uniformMatrix4fv: location is not from the associated program @ https://cdn.babylonjs.com/babylon.js:0
[20673062ms] [WARNING] WebGL: INVALID_OPERATION: drawElements: no valid shader program in use @ https://cdn.babylonjs.com/babylon.js:0
[20673062ms] [WARNING] WebGL: INVALID_OPERATION: bindVertexArray: object does not belong to this context @ https://cdn.babylonjs.com/babylon.js:0
[20673062ms] [WARNING] WebGL: INVALID_OPERATION: uniformMatrix4fv: location is not from the associated program @ https://cdn.babylonjs.com/babylon.js:0
[20673062ms] [WARNING] WebGL: INVALID_OPERATION: drawElements: no valid shader program in use @ https://cdn.babylonjs.com/babylon.js:0
[20673062ms] [WARNING] WebGL: INVALID_OPERATION: bindVertexArray: object does not belong to this context @ https://cdn.babylonjs.com/babylon.js:0
[20673062ms] [WARNING] WebGL: INVALID_OPERATION: uniformMatrix4fv: location is not from the associated program @ https://cdn.babylonjs.com/babylon.js:0
[20673062ms] [WARNING] WebGL: INVALID_OPERATION: drawElements: no valid shader program in use @ https://cdn.babylonjs.com/babylon.js:0
[20673062ms] [WARNING] WebGL: INVALID_OPERATION: bindVertexArray: object does not belong to this context @ https://cdn.babylonjs.com/babylon.js:0
[20673062ms] [WARNING] WebGL: INVALID_OPERATION: uniformMatrix4fv: location is not from the associated program @ https://cdn.babylonjs.com/babylon.js:0
[20673062ms] [WARNING] WebGL: INVALID_OPERATION: drawElements: no valid shader program in use @ https://cdn.babylonjs.com/babylon.js:0
[20673063ms] [WARNING] WebGL: INVALID_OPERATION: bindVertexArray: object does not belong to this context @ https://cdn.babylonjs.com/babylon.js:0
[20673063ms] [WARNING] WebGL: INVALID_OPERATION: uniformMatrix4fv: location is not from the associated program @ https://cdn.babylonjs.com/babylon.js:0
[20673063ms] [WARNING] WebGL: INVALID_OPERATION: drawElements: no valid shader program in use @ https://cdn.babylonjs.com/babylon.js:0
[20673063ms] [WARNING] WebGL: INVALID_OPERATION: bindVertexArray: object does not belong to this context @ https://cdn.babylonjs.com/babylon.js:0
[20673063ms] [WARNING] WebGL: INVALID_OPERATION: uniformMatrix4fv: location is not from the associated program @ https://cdn.babylonjs.com/babylon.js:0
[20673063ms] [WARNING] WebGL: INVALID_OPERATION: drawElements: no valid shader program in use @ https://cdn.babylonjs.com/babylon.js:0
[20673063ms] [WARNING] WebGL: INVALID_OPERATION: bindVertexArray: object does not belong to this context @ https://cdn.babylonjs.com/babylon.js:0
[20673063ms] [WARNING] WebGL: INVALID_OPERATION: uniformMatrix4fv: location is not from the associated program @ https://cdn.babylonjs.com/babylon.js:0
[20673063ms] [WARNING] WebGL: INVALID_OPERATION: drawElements: no valid shader program in use @ https://cdn.babylonjs.com/babylon.js:0
[20673063ms] [WARNING] WebGL: INVALID_OPERATION: bindVertexArray: object does not belong to this context @ https://cdn.babylonjs.com/babylon.js:0
[20673063ms] [WARNING] WebGL: INVALID_OPERATION: uniformMatrix4fv: location is not from the associated program @ https://cdn.babylonjs.com/babylon.js:0
[20673063ms] [WARNING] WebGL: INVALID_OPERATION: drawElements: no valid shader program in use @ https://cdn.babylonjs.com/babylon.js:0
[20673063ms] [WARNING] WebGL: INVALID_OPERATION: bindVertexArray: object does not belong to this context @ https://cdn.babylonjs.com/babylon.js:0
[20673063ms] [WARNING] WebGL: INVALID_OPERATION: uniformMatrix4fv: location is not from the associated program @ https://cdn.babylonjs.com/babylon.js:0
[20673063ms] [WARNING] WebGL: INVALID_OPERATION: drawElements: no valid shader program in use @ https://cdn.babylonjs.com/babylon.js:0
[20673063ms] [WARNING] WebGL: INVALID_OPERATION: bindFramebuffer: object does not belong to this context @ https://cdn.babylonjs.com/babylon.js:0
[20673066ms] [WARNING] WebGL: INVALID_OPERATION: useProgram: object does not belong to this context @ https://cdn.babylonjs.com/babylon.js:0
[20673066ms] [WARNING] WebGL: INVALID_OPERATION: bindVertexArray: object does not belong to this context @ https://cdn.babylonjs.com/babylon.js:0
[20673066ms] [WARNING] WebGL: INVALID_OPERATION: uniformMatrix4fv: location is not from the associated program @ https://cdn.babylonjs.com/babylon.js:0
[20673066ms] [WARNING] WebGL: INVALID_OPERATION: uniformMatrix4fv: location is not from the associated program @ https://cdn.babylonjs.com/babylon.js:0
[20673066ms] [WARNING] WebGL: INVALID_OPERATION: drawElements: no valid shader program in use @ https://cdn.babylonjs.com/babylon.js:0
[20673066ms] [WARNING] WebGL: INVALID_OPERATION: bindVertexArray: object does not belong to this context @ https://cdn.babylonjs.com/babylon.js:0
[20673066ms] [WARNING] WebGL: INVALID_OPERATION: uniformMatrix4fv: location is not from the associated program @ https://cdn.babylonjs.com/babylon.js:0
[20673066ms] [WARNING] WebGL: INVALID_OPERATION: drawElements: no valid shader program in use @ https://cdn.babylonjs.com/babylon.js:0
[20673066ms] [WARNING] WebGL: INVALID_OPERATION: bindVertexArray: object does not belong to this context @ https://cdn.babylonjs.com/babylon.js:0
[20673066ms] [WARNING] WebGL: INVALID_OPERATION: uniformMatrix4fv: location is not from the associated program @ https://cdn.babylonjs.com/babylon.js:0
[20673067ms] [WARNING] WebGL: INVALID_OPERATION: drawElements: no valid shader program in use @ https://cdn.babylonjs.com/babylon.js:0
[20673067ms] [WARNING] WebGL: INVALID_OPERATION: bindVertexArray: object does not belong to this context @ https://cdn.babylonjs.com/babylon.js:0
[20673067ms] [WARNING] WebGL: INVALID_OPERATION: uniformMatrix4fv: location is not from the associated program @ https://cdn.babylonjs.com/babylon.js:0
[20673067ms] [WARNING] WebGL: INVALID_OPERATION: drawElements: no valid shader program in use @ https://cdn.babylonjs.com/babylon.js:0
[20673067ms] [WARNING] WebGL: INVALID_OPERATION: bindVertexArray: object does not belong to this context @ https://cdn.babylonjs.com/babylon.js:0
[20673067ms] [WARNING] WebGL: INVALID_OPERATION: uniformMatrix4fv: location is not from the associated program @ https://cdn.babylonjs.com/babylon.js:0
[20673067ms] [WARNING] WebGL: INVALID_OPERATION: drawElements: no valid shader program in use @ https://cdn.babylonjs.com/babylon.js:0
[20673067ms] [WARNING] WebGL: INVALID_OPERATION: useProgram: object does not belong to this context @ https://cdn.babylonjs.com/babylon.js:0
[20673067ms] [WARNING] WebGL: INVALID_OPERATION: bindBuffer: object does not belong to this context @ https://cdn.babylonjs.com/babylon.js:0
[20673067ms] [WARNING] WebGL: INVALID_OPERATION: uniformMatrix4fv: location is not from the associated program @ https://cdn.babylonjs.com/babylon.js:0
[20673067ms] [WARNING] WebGL: INVALID_OPERATION: drawElements: no valid shader program in use @ https://cdn.babylonjs.com/babylon.js:0
[20673067ms] [WARNING] WebGL: INVALID_OPERATION: useProgram: object does not belong to this context @ https://cdn.babylonjs.com/babylon.js:0
[20673067ms] [WARNING] WebGL: INVALID_OPERATION: bindVertexArray: object does not belong to this context @ https://cdn.babylonjs.com/babylon.js:0
[20673068ms] [WARNING] WebGL: too many errors, no more errors will be reported to the console for this context. @ https://cdn.babylonjs.com/babylon.js:0
[20713785ms] [WARNING] BJS - [20:28:12]: WebGL context successfully restored. @ https://cdn.babylonjs.com/babylon.js:0
[20717735ms] [WARNING] BJS - [20:28:16]: WebGL context lost. @ https://cdn.babylonjs.com/babylon.js:0
[23737788ms] [WARNING] [.WebGL-0x1ff413a44600] GL_INVALID_OPERATION: glDrawElements: Must have element array buffer bound. @ http://localhost:8080/:0
[23738048ms] [WARNING] [.WebGL-0x1ff413a44600] GL_INVALID_OPERATION: glDrawElements: Must have element array buffer bound. @ http://localhost:8080/:0
[23738048ms] [WARNING] [.WebGL-0x1ff413a44600] GL_INVALID_OPERATION: glDrawElements: Must have element array buffer bound. @ http://localhost:8080/:0
[23738107ms] [WARNING] [.WebGL-0x1ff413a44600] GL_INVALID_OPERATION: glDrawElements: Must have element array buffer bound. @ http://localhost:8080/:0
[23738162ms] [WARNING] [.WebGL-0x1ff413a44600] GL_INVALID_OPERATION: glDrawElements: Must have element array buffer bound. @ http://localhost:8080/:0
[23738223ms] [WARNING] [.WebGL-0x1ff413a44600] GL_INVALID_OPERATION: glDrawElements: Must have element array buffer bound. @ http://localhost:8080/:0
[23738282ms] [WARNING] [.WebGL-0x1ff413a44600] GL_INVALID_OPERATION: glDrawElements: Must have element array buffer bound. @ http://localhost:8080/:0
[23738335ms] [WARNING] [.WebGL-0x1ff413a44600] GL_INVALID_OPERATION: glDrawElements: Must have element array buffer bound. @ http://localhost:8080/:0
[23738392ms] [WARNING] [.WebGL-0x1ff413a44600] GL_INVALID_OPERATION: glDrawElements: Must have element array buffer bound. @ http://localhost:8080/:0
[23738439ms] [WARNING] [.WebGL-0x1ff413a44600] GL_INVALID_OPERATION: glDrawElements: Must have element array buffer bound. @ http://localhost:8080/:0
[23738486ms] [WARNING] [.WebGL-0x1ff413a44600] GL_INVALID_OPERATION: glDrawElements: Must have element array buffer bound. @ http://localhost:8080/:0
[23738532ms] [WARNING] [.WebGL-0x1ff413a44600] GL_INVALID_OPERATION: glDrawElements: Must have element array buffer bound. @ http://localhost:8080/:0
[23738577ms] [WARNING] [.WebGL-0x1ff413a44600] GL_INVALID_OPERATION: glDrawElements: Must have element array buffer bound. @ http://localhost:8080/:0
[23738638ms] [WARNING] [.WebGL-0x1ff413a44600] GL_INVALID_OPERATION: glDrawElements: Must have element array buffer bound. @ http://localhost:8080/:0
[23738688ms] [WARNING] [.WebGL-0x1ff413a44600] GL_INVALID_OPERATION: glDrawElements: Must have element array buffer bound. @ http://localhost:8080/:0
[23738739ms] [WARNING] [.WebGL-0x1ff413a44600] GL_INVALID_OPERATION: glDrawElements: Must have element array buffer bound. @ http://localhost:8080/:0
[23738793ms] [WARNING] [.WebGL-0x1ff413a44600] GL_INVALID_OPERATION: glDrawElements: Must have element array buffer bound. @ http://localhost:8080/:0
[23738844ms] [WARNING] [.WebGL-0x1ff413a44600] GL_INVALID_OPERATION: glDrawElements: Must have element array buffer bound. @ http://localhost:8080/:0
[23738892ms] [WARNING] [.WebGL-0x1ff413a44600] GL_INVALID_OPERATION: glDrawElements: Must have element array buffer bound. @ http://localhost:8080/:0
[23738941ms] [WARNING] [.WebGL-0x1ff413a44600] GL_INVALID_OPERATION: glDrawElements: Must have element array buffer bound. @ http://localhost:8080/:0
[23738988ms] [WARNING] [.WebGL-0x1ff413a44600] GL_INVALID_OPERATION: glDrawElements: Must have element array buffer bound. @ http://localhost:8080/:0
[23739043ms] [WARNING] [.WebGL-0x1ff413a44600] GL_INVALID_OPERATION: glDrawElements: Must have element array buffer bound. @ http://localhost:8080/:0
[23739088ms] [WARNING] [.WebGL-0x1ff413a44600] GL_INVALID_OPERATION: glDrawElements: Must have element array buffer bound. @ http://localhost:8080/:0
[23739138ms] [WARNING] [.WebGL-0x1ff413a44600] GL_INVALID_OPERATION: glDrawElements: Must have element array buffer bound. @ http://localhost:8080/:0
[23739186ms] [WARNING] [.WebGL-0x1ff413a44600] GL_INVALID_OPERATION: glDrawElements: Must have element array buffer bound. @ http://localhost:8080/:0
[23739231ms] [WARNING] [.WebGL-0x1ff413a44600] GL_INVALID_OPERATION: glDrawElements: Must have element array buffer bound. @ http://localhost:8080/:0
[23739277ms] [WARNING] [.WebGL-0x1ff413a44600] GL_INVALID_OPERATION: glDrawElements: Must have element array buffer bound. @ http://localhost:8080/:0
[23739322ms] [WARNING] [.WebGL-0x1ff413a44600] GL_INVALID_OPERATION: glDrawElements: Must have element array buffer bound. @ http://localhost:8080/:0
[23739368ms] [WARNING] [.WebGL-0x1ff413a44600] GL_INVALID_OPERATION: glDrawElements: Must have element array buffer bound. @ http://localhost:8080/:0
[23739412ms] [WARNING] [.WebGL-0x1ff413a44600] GL_INVALID_OPERATION: glDrawElements: Must have element array buffer bound. @ http://localhost:8080/:0
[23739455ms] [WARNING] [.WebGL-0x1ff413a44600] GL_INVALID_OPERATION: glDrawElements: Must have element array buffer bound. @ http://localhost:8080/:0
[23739500ms] [WARNING] [.WebGL-0x1ff413a44600] GL_INVALID_OPERATION: glDrawElements: Must have element array buffer bound. @ http://localhost:8080/:0
[23739546ms] [WARNING] [.WebGL-0x1ff413a44600] GL_INVALID_OPERATION: glDrawElements: Must have element array buffer bound. @ http://localhost:8080/:0
[23739590ms] [WARNING] [.WebGL-0x1ff413a44600] GL_INVALID_OPERATION: glDrawElements: Must have element array buffer bound. @ http://localhost:8080/:0
[23739633ms] [WARNING] [.WebGL-0x1ff413a44600] GL_INVALID_OPERATION: glDrawElements: Must have element array buffer bound. @ http://localhost:8080/:0
[23739682ms] [WARNING] [.WebGL-0x1ff413a44600] GL_INVALID_OPERATION: glDrawElements: Must have element array buffer bound. @ http://localhost:8080/:0
[23739726ms] [WARNING] [.WebGL-0x1ff413a44600] GL_INVALID_OPERATION: glDrawElements: Must have element array buffer bound. @ http://localhost:8080/:0
[23739769ms] [WARNING] [.WebGL-0x1ff413a44600] GL_INVALID_OPERATION: glDrawElements: Must have element array buffer bound. @ http://localhost:8080/:0
[23739813ms] [WARNING] [.WebGL-0x1ff413a44600] GL_INVALID_OPERATION: glDrawElements: Must have element array buffer bound. @ http://localhost:8080/:0
[23739907ms] [WARNING] [.WebGL-0x1ff413a44600] GL_INVALID_OPERATION: glDrawElements: Must have element array buffer bound. @ http://localhost:8080/:0
[23739907ms] [WARNING] [.WebGL-0x1ff413a44600] GL_INVALID_OPERATION: glDrawElements: Must have element array buffer bound. @ http://localhost:8080/:0
[23739952ms] [WARNING] [.WebGL-0x1ff413a44600] GL_INVALID_OPERATION: glDrawElements: Must have element array buffer bound. @ http://localhost:8080/:0
[23740002ms] [WARNING] [.WebGL-0x1ff413a44600] GL_INVALID_OPERATION: glDrawElements: Must have element array buffer bound. @ http://localhost:8080/:0
[23740051ms] [WARNING] [.WebGL-0x1ff413a44600] GL_INVALID_OPERATION: glDrawElements: Must have element array buffer bound. @ http://localhost:8080/:0
[23740096ms] [WARNING] [.WebGL-0x1ff413a44600] GL_INVALID_OPERATION: glDrawElements: Must have element array buffer bound. @ http://localhost:8080/:0
[23740208ms] [WARNING] [.WebGL-0x1ff413a44600] GL_INVALID_OPERATION: glDrawElements: Must have element array buffer bound. @ http://localhost:8080/:0
[23740208ms] [WARNING] [.WebGL-0x1ff413a44600] GL_INVALID_OPERATION: glDrawElements: Must have element array buffer bound. @ http://localhost:8080/:0
[23742767ms] [WARNING] [.WebGL-0x1ff413a44600] GL_INVALID_OPERATION: glDrawElements: Must have element array buffer bound. @ http://localhost:8080/:0
[23742768ms] [WARNING] [.WebGL-0x1ff413a44600] GL_INVALID_OPERATION: glDrawElements: Must have element array buffer bound. @ http://localhost:8080/:0
[23742768ms] [WARNING] [.WebGL-0x1ff413a44600] GL_INVALID_OPERATION: glDrawElements: Must have element array buffer bound. @ http://localhost:8080/:0
[23742768ms] [WARNING] [.WebGL-0x1ff413a44600] GL_INVALID_OPERATION: glDrawElements: Must have element array buffer bound. @ http://localhost:8080/:0
[23742768ms] [WARNING] [.WebGL-0x1ff413a44600] GL_INVALID_OPERATION: glDrawElements: Must have element array buffer bound. @ http://localhost:8080/:0
[23742768ms] [WARNING] [.WebGL-0x1ff413a44600] GL_INVALID_OPERATION: glDrawElements: Must have element array buffer bound. @ http://localhost:8080/:0
[23742768ms] [WARNING] [.WebGL-0x1ff413a44600] GL_INVALID_OPERATION: glDrawElements: Must have element array buffer bound. @ http://localhost:8080/:0
[23742768ms] [WARNING] [.WebGL-0x1ff413a44600] GL_INVALID_OPERATION: glDrawElements: Must have element array buffer bound. @ http://localhost:8080/:0
[23742768ms] [WARNING] [.WebGL-0x1ff413a44600] GL_INVALID_OPERATION: glDrawElements: Must have element array buffer bound. @ http://localhost:8080/:0
[23742768ms] [WARNING] [.WebGL-0x1ff413a44600] GL_INVALID_OPERATION: glDrawElements: Must have element array buffer bound. @ http://localhost:8080/:0
[23742768ms] [WARNING] [.WebGL-0x1ff413a44600] GL_INVALID_OPERATION: glDrawElements: Must have element array buffer bound. @ http://localhost:8080/:0
[23742768ms] [WARNING] [.WebGL-0x1ff413a44600] GL_INVALID_OPERATION: glDrawElements: Must have element array buffer bound. @ http://localhost:8080/:0
[23742768ms] [WARNING] [.WebGL-0x1ff413a44600] GL_INVALID_OPERATION: glDrawElements: Must have element array buffer bound. @ http://localhost:8080/:0
[23742769ms] [WARNING] [.WebGL-0x1ff413a44600] GL_INVALID_OPERATION: glDrawElements: Must have element array buffer bound. @ http://localhost:8080/:0
[23742769ms] [WARNING] [.WebGL-0x1ff413a44600] GL_INVALID_OPERATION: glDrawElements: Must have element array buffer bound. @ http://localhost:8080/:0
[23742769ms] [WARNING] [.WebGL-0x1ff413a44600] GL_INVALID_OPERATION: glDrawElements: Must have element array buffer bound. @ http://localhost:8080/:0
[23742769ms] [WARNING] [.WebGL-0x1ff413a44600] GL_INVALID_OPERATION: glDrawElements: Must have element array buffer bound. @ http://localhost:8080/:0
[23742769ms] [WARNING] [.WebGL-0x1ff413a44600] GL_INVALID_OPERATION: glDrawElements: Must have element array buffer bound. @ http://localhost:8080/:0
[23742769ms] [WARNING] [.WebGL-0x1ff413a44600] GL_INVALID_OPERATION: glDrawElements: Must have element array buffer bound. @ http://localhost:8080/:0
[23742769ms] [WARNING] [.WebGL-0x1ff413a44600] GL_INVALID_OPERATION: glDrawElements: Must have element array buffer bound. @ http://localhost:8080/:0
[23742769ms] [WARNING] [.WebGL-0x1ff413a44600] GL_INVALID_OPERATION: glDrawElements: Must have element array buffer bound. @ http://localhost:8080/:0
[23742769ms] [WARNING] [.WebGL-0x1ff413a44600] GL_INVALID_OPERATION: glDrawElements: Must have element array buffer bound. @ http://localhost:8080/:0
[23742769ms] [WARNING] [.WebGL-0x1ff413a44600] GL_INVALID_OPERATION: glDrawElements: Must have element array buffer bound. @ http://localhost:8080/:0
[23742770ms] [WARNING] [.WebGL-0x1ff413a44600] GL_INVALID_OPERATION: glDrawElements: Must have element array buffer bound. @ http://localhost:8080/:0
[23742770ms] [WARNING] [.WebGL-0x1ff413a44600] GL_INVALID_OPERATION: glDrawElements: Must have element array buffer bound. @ http://localhost:8080/:0
[23742770ms] [WARNING] [.WebGL-0x1ff413a44600] GL_INVALID_OPERATION: glDrawElements: Must have element array buffer bound. @ http://localhost:8080/:0
[23742770ms] [WARNING] [.WebGL-0x1ff413a44600] GL_INVALID_OPERATION: glDrawElements: Must have element array buffer bound. @ http://localhost:8080/:0
[23742770ms] [WARNING] [.WebGL-0x1ff413a44600] GL_INVALID_OPERATION: glDrawElements: Must have element array buffer bound. @ http://localhost:8080/:0
[23742770ms] [WARNING] [.WebGL-0x1ff413a44600] GL_INVALID_OPERATION: glDrawElements: Must have element array buffer bound. @ http://localhost:8080/:0
[23742770ms] [WARNING] [.WebGL-0x1ff413a44600] GL_INVALID_OPERATION: glDrawElements: Must have element array buffer bound. @ http://localhost:8080/:0
[23742770ms] [WARNING] [.WebGL-0x1ff413a44600] GL_INVALID_OPERATION: glDrawElements: Must have element array buffer bound. @ http://localhost:8080/:0
[23742770ms] [WARNING] [.WebGL-0x1ff413a44600] GL_INVALID_OPERATION: glDrawElements: Must have element array buffer bound. @ http://localhost:8080/:0
[23742770ms] [WARNING] [.WebGL-0x1ff413a44600] GL_INVALID_OPERATION: glDrawElements: Must have element array buffer bound. @ http://localhost:8080/:0
[23742770ms] [WARNING] [.WebGL-0x1ff413a44600] GL_INVALID_OPERATION: glDrawElements: Must have element array buffer bound. @ http://localhost:8080/:0
[23742770ms] [WARNING] [.WebGL-0x1ff413a44600] GL_INVALID_OPERATION: glDrawElements: Must have element array buffer bound. @ http://localhost:8080/:0
[23742770ms] [WARNING] [.WebGL-0x1ff413a44600] GL_INVALID_OPERATION: glDrawElements: Must have element array buffer bound. @ http://localhost:8080/:0
[23742770ms] [WARNING] [.WebGL-0x1ff413a44600] GL_INVALID_OPERATION: glDrawElements: Must have element array buffer bound. @ http://localhost:8080/:0
[23742770ms] [WARNING] [.WebGL-0x1ff413a44600] GL_INVALID_OPERATION: glDrawElements: Must have element array buffer bound. @ http://localhost:8080/:0
[23742770ms] [WARNING] [.WebGL-0x1ff413a44600] GL_INVALID_OPERATION: glDrawElements: Must have element array buffer bound. @ http://localhost:8080/:0
[23742770ms] [WARNING] [.WebGL-0x1ff413a44600] GL_INVALID_OPERATION: glDrawElements: Must have element array buffer bound. @ http://localhost:8080/:0
[23742770ms] [WARNING] [.WebGL-0x1ff413a44600] GL_INVALID_OPERATION: glDrawElements: Must have element array buffer bound. @ http://localhost:8080/:0
[23742770ms] [WARNING] [.WebGL-0x1ff413a44600] GL_INVALID_OPERATION: glDrawElements: Must have element array buffer bound. @ http://localhost:8080/:0
[23742770ms] [WARNING] [.WebGL-0x1ff413a44600] GL_INVALID_OPERATION: glDrawElements: Must have element array buffer bound. @ http://localhost:8080/:0
[23742770ms] [WARNING] [.WebGL-0x1ff413a44600] GL_INVALID_OPERATION: glDrawElements: Must have element array buffer bound. @ http://localhost:8080/:0
[23742770ms] [WARNING] [.WebGL-0x1ff413a44600] GL_INVALID_OPERATION: glDrawElements: Must have element array buffer bound. @ http://localhost:8080/:0
[23742770ms] [WARNING] [.WebGL-0x1ff413a44600] GL_INVALID_OPERATION: glDrawElements: Must have element array buffer bound. @ http://localhost:8080/:0
[23742770ms] [WARNING] [.WebGL-0x1ff413a44600] GL_INVALID_OPERATION: glDrawElements: Must have element array buffer bound. @ http://localhost:8080/:0
[23742770ms] [WARNING] [.WebGL-0x1ff413a44600] GL_INVALID_OPERATION: glDrawElements: Must have element array buffer bound. @ http://localhost:8080/:0
[23742770ms] [WARNING] [.WebGL-0x1ff413a44600] GL_INVALID_OPERATION: glDrawElements: Must have element array buffer bound. @ http://localhost:8080/:0
[23742770ms] [WARNING] [.WebGL-0x1ff413a44600] GL_INVALID_OPERATION: glDrawElements: Must have element array buffer bound. @ http://localhost:8080/:0
[23742770ms] [WARNING] [.WebGL-0x1ff413a44600] GL_INVALID_OPERATION: glDrawElements: Must have element array buffer bound. @ http://localhost:8080/:0
[23742771ms] [WARNING] [.WebGL-0x1ff413a44600] GL_INVALID_OPERATION: glDrawElements: Must have element array buffer bound. @ http://localhost:8080/:0
[23742771ms] [WARNING] [.WebGL-0x1ff413a44600] GL_INVALID_OPERATION: glDrawElements: Must have element array buffer bound. @ http://localhost:8080/:0
[23742771ms] [WARNING] [.WebGL-0x1ff413a44600] GL_INVALID_OPERATION: glDrawElements: Must have element array buffer bound. @ http://localhost:8080/:0
[23742771ms] [WARNING] [.WebGL-0x1ff413a44600] GL_INVALID_OPERATION: glDrawElements: Must have element array buffer bound. @ http://localhost:8080/:0
[23742825ms] [WARNING] [.WebGL-0x1ff413a44600] GL_INVALID_OPERATION: glDrawElements: Must have element array buffer bound. @ http://localhost:8080/:0
[23742883ms] [WARNING] [.WebGL-0x1ff413a44600] GL_INVALID_OPERATION: glDrawElements: Must have element array buffer bound. @ http://localhost:8080/:0
[23742940ms] [WARNING] [.WebGL-0x1ff413a44600] GL_INVALID_OPERATION: glDrawElements: Must have element array buffer bound. @ http://localhost:8080/:0
[23742999ms] [WARNING] [.WebGL-0x1ff413a44600] GL_INVALID_OPERATION: glDrawElements: Must have element array buffer bound. @ http://localhost:8080/:0
[23743047ms] [WARNING] [.WebGL-0x1ff413a44600] GL_INVALID_OPERATION: glDrawElements: Must have element array buffer bound. @ http://localhost:8080/:0
[23743135ms] [WARNING] [.WebGL-0x1ff413a44600] GL_INVALID_OPERATION: glDrawElements: Must have element array buffer bound. @ http://localhost:8080/:0
[23743135ms] [WARNING] [.WebGL-0x1ff413a44600] GL_INVALID_OPERATION: glDrawElements: Must have element array buffer bound. @ http://localhost:8080/:0
[23743182ms] [WARNING] [.WebGL-0x1ff413a44600] GL_INVALID_OPERATION: glDrawElements: Must have element array buffer bound. @ http://localhost:8080/:0
[23743228ms] [WARNING] [.WebGL-0x1ff413a44600] GL_INVALID_OPERATION: glDrawElements: Must have element array buffer bound. @ http://localhost:8080/:0
[23743274ms] [WARNING] [.WebGL-0x1ff413a44600] GL_INVALID_OPERATION: glDrawElements: Must have element array buffer bound. @ http://localhost:8080/:0
[23743318ms] [WARNING] [.WebGL-0x1ff413a44600] GL_INVALID_OPERATION: glDrawElements: Must have element array buffer bound. @ http://localhost:8080/:0
[23743364ms] [WARNING] [.WebGL-0x1ff413a44600] GL_INVALID_OPERATION: glDrawElements: Must have element array buffer bound. @ http://localhost:8080/:0
[23743409ms] [WARNING] [.WebGL-0x1ff413a44600] GL_INVALID_OPERATION: glDrawElements: Must have element array buffer bound. @ http://localhost:8080/:0
[23743458ms] [WARNING] [.WebGL-0x1ff413a44600] GL_INVALID_OPERATION: glDrawElements: Must have element array buffer bound. @ http://localhost:8080/:0
[23743502ms] [WARNING] [.WebGL-0x1ff413a44600] GL_INVALID_OPERATION: glDrawElements: Must have element array buffer bound. @ http://localhost:8080/:0
[23743548ms] [WARNING] [.WebGL-0x1ff413a44600] GL_INVALID_OPERATION: glDrawElements: Must have element array buffer bound. @ http://localhost:8080/:0
[23744373ms] [WARNING] [.WebGL-0x1ff413a44600] GL_INVALID_OPERATION: glDrawElements: Must have element array buffer bound. @ http://localhost:8080/:0
[23744373ms] [WARNING] [.WebGL-0x1ff413a44600] GL_INVALID_OPERATION: glDrawElements: Must have element array buffer bound. @ http://localhost:8080/:0
[23744373ms] [WARNING] [.WebGL-0x1ff413a44600] GL_INVALID_OPERATION: glDrawElements: Must have element array buffer bound. @ http://localhost:8080/:0
[23744373ms] [WARNING] [.WebGL-0x1ff413a44600] GL_INVALID_OPERATION: glDrawElements: Must have element array buffer bound. @ http://localhost:8080/:0
[23744373ms] [WARNING] [.WebGL-0x1ff413a44600] GL_INVALID_OPERATION: glDrawElements: Must have element array buffer bound. @ http://localhost:8080/:0
[23744373ms] [WARNING] [.WebGL-0x1ff413a44600] GL_INVALID_OPERATION: glDrawElements: Must have element array buffer bound. @ http://localhost:8080/:0
[23744373ms] [WARNING] [.WebGL-0x1ff413a44600] GL_INVALID_OPERATION: glDrawElements: Must have element array buffer bound. @ http://localhost:8080/:0
[23744373ms] [WARNING] [.WebGL-0x1ff413a44600] GL_INVALID_OPERATION: glDrawElements: Must have element array buffer bound. @ http://localhost:8080/:0
[23744373ms] [WARNING] [.WebGL-0x1ff413a44600] GL_INVALID_OPERATION: glDrawElements: Must have element array buffer bound. @ http://localhost:8080/:0
[23744373ms] [WARNING] [.WebGL-0x1ff413a44600] GL_INVALID_OPERATION: glDrawElements: Must have element array buffer bound. @ http://localhost:8080/:0
[23744373ms] [WARNING] [.WebGL-0x1ff413a44600] GL_INVALID_OPERATION: glDrawElements: Must have element array buffer bound. @ http://localhost:8080/:0
[23744373ms] [WARNING] [.WebGL-0x1ff413a44600] GL_INVALID_OPERATION: glDrawElements: Must have element array buffer bound. @ http://localhost:8080/:0
[23744374ms] [WARNING] [.WebGL-0x1ff413a44600] GL_INVALID_OPERATION: glDrawElements: Must have element array buffer bound. @ http://localhost:8080/:0
[23744374ms] [WARNING] [.WebGL-0x1ff413a44600] GL_INVALID_OPERATION: glDrawElements: Must have element array buffer bound. @ http://localhost:8080/:0
[23744374ms] [WARNING] [.WebGL-0x1ff413a44600] GL_INVALID_OPERATION: glDrawElements: Must have element array buffer bound. @ http://localhost:8080/:0
[23744374ms] [WARNING] [.WebGL-0x1ff413a44600] GL_INVALID_OPERATION: glDrawElements: Must have element array buffer bound. @ http://localhost:8080/:0
[23744431ms] [WARNING] [.WebGL-0x1ff413a44600] GL_INVALID_OPERATION: glDrawElements: Must have element array buffer bound. @ http://localhost:8080/:0
[23744545ms] [WARNING] [.WebGL-0x1ff413a44600] GL_INVALID_OPERATION: glDrawElements: Must have element array buffer bound. @ http://localhost:8080/:0
[23744545ms] [WARNING] [.WebGL-0x1ff413a44600] GL_INVALID_OPERATION: glDrawElements: Must have element array buffer bound. @ http://localhost:8080/:0
[23744592ms] [WARNING] [.WebGL-0x1ff413a44600] GL_INVALID_OPERATION: glDrawElements: Must have element array buffer bound. @ http://localhost:8080/:0
[23744644ms] [WARNING] [.WebGL-0x1ff413a44600] GL_INVALID_OPERATION: glDrawElements: Must have element array buffer bound. @ http://localhost:8080/:0
[23744694ms] [WARNING] [.WebGL-0x1ff413a44600] GL_INVALID_OPERATION: glDrawElements: Must have element array buffer bound. @ http://localhost:8080/:0
[23744761ms] [WARNING] [.WebGL-0x1ff413a44600] GL_INVALID_OPERATION: glDrawElements: Must have element array buffer bound. @ http://localhost:8080/:0
[23744815ms] [WARNING] [.WebGL-0x1ff413a44600] GL_INVALID_OPERATION: glDrawElements: Must have element array buffer bound. @ http://localhost:8080/:0
[23744914ms] [WARNING] [.WebGL-0x1ff413a44600] GL_INVALID_OPERATION: glDrawElements: Must have element array buffer bound. @ http://localhost:8080/:0
[23744914ms] [WARNING] [.WebGL-0x1ff413a44600] GL_INVALID_OPERATION: glDrawElements: Must have element array buffer bound. @ http://localhost:8080/:0
[23744965ms] [WARNING] [.WebGL-0x1ff413a44600] GL_INVALID_OPERATION: glDrawElements: Must have element array buffer bound. @ http://localhost:8080/:0
[23745038ms] [WARNING] [.WebGL-0x1ff413a44600] GL_INVALID_OPERATION: glDrawElements: Must have element array buffer bound. @ http://localhost:8080/:0
[23745117ms] [WARNING] [.WebGL-0x1ff413a44600] GL_INVALID_OPERATION: glDrawElements: Must have element array buffer bound. @ http://localhost:8080/:0
[23745183ms] [WARNING] [.WebGL-0x1ff413a44600] GL_INVALID_OPERATION: glDrawElements: Must have element array buffer bound. @ http://localhost:8080/:0
[23745255ms] [WARNING] [.WebGL-0x1ff413a44600] GL_INVALID_OPERATION: glDrawElements: Must have element array buffer bound. @ http://localhost:8080/:0
[23745324ms] [WARNING] [.WebGL-0x1ff413a44600] GL_INVALID_OPERATION: glDrawElements: Must have element array buffer bound. @ http://localhost:8080/:0
[23745499ms] [WARNING] [.WebGL-0x1ff413a44600] GL_INVALID_OPERATION: glDrawElements: Must have element array buffer bound. @ http://localhost:8080/:0
[23745499ms] [WARNING] [.WebGL-0x1ff413a44600] GL_INVALID_OPERATION: glDrawElements: Must have element array buffer bound. @ http://localhost:8080/:0
[23745617ms] [WARNING] [.WebGL-0x1ff413a44600] GL_INVALID_OPERATION: glDrawElements: Must have element array buffer bound. @ http://localhost:8080/:0
[23745844ms] [WARNING] [.WebGL-0x1ff413a44600] GL_INVALID_OPERATION: glDrawElements: Must have element array buffer bound. @ http://localhost:8080/:0
[23745844ms] [WARNING] [.WebGL-0x1ff413a44600] GL_INVALID_OPERATION: glDrawElements: Must have element array buffer bound. @ http://localhost:8080/:0
[23746230ms] [WARNING] [.WebGL-0x1ff413a44600] GL_INVALID_OPERATION: glDrawElements: Must have element array buffer bound. @ http://localhost:8080/:0
[23746230ms] [WARNING] [.WebGL-0x1ff413a44600] GL_INVALID_OPERATION: glDrawElements: Must have element array buffer bound. @ http://localhost:8080/:0
[23746694ms] [WARNING] [.WebGL-0x1ff413a44600] GL_INVALID_OPERATION: glDrawElements: Must have element array buffer bound. @ http://localhost:8080/:0
[23746694ms] [WARNING] [.WebGL-0x1ff413a44600] GL_INVALID_OPERATION: glDrawElements: Must have element array buffer bound. @ http://localhost:8080/:0
[23746895ms] [WARNING] [.WebGL-0x1ff413a44600] GL_INVALID_OPERATION: glDrawElements: Must have element array buffer bound. @ http://localhost:8080/:0
[23747042ms] [WARNING] [.WebGL-0x1ff413a44600] GL_INVALID_OPERATION: glDrawElements: Must have element array buffer bound. @ http://localhost:8080/:0
[23747185ms] [WARNING] [.WebGL-0x1ff413a44600] GL_INVALID_OPERATION: glDrawElements: Must have element array buffer bound. @ http://localhost:8080/:0
[23747316ms] [WARNING] [.WebGL-0x1ff413a44600] GL_INVALID_OPERATION: glDrawElements: Must have element array buffer bound. @ http://localhost:8080/:0
[23747435ms] [WARNING] [.WebGL-0x1ff413a44600] GL_INVALID_OPERATION: glDrawElements: Must have element array buffer bound. @ http://localhost:8080/:0
[23747735ms] [WARNING] [.WebGL-0x1ff413a44600] GL_INVALID_OPERATION: glDrawElements: Must have element array buffer bound. @ http://localhost:8080/:0
[23747735ms] [WARNING] [.WebGL-0x1ff413a44600] GL_INVALID_OPERATION: glDrawElements: Must have element array buffer bound. @ http://localhost:8080/:0
[23748279ms] [WARNING] [.WebGL-0x1ff413a44600] GL_INVALID_OPERATION: glDrawElements: Must have element array buffer bound. @ http://localhost:8080/:0
[23748279ms] [WARNING] [.WebGL-0x1ff413a44600] GL_INVALID_OPERATION: glDrawElements: Must have element array buffer bound. @ http://localhost:8080/:0
[23748545ms] [WARNING] [.WebGL-0x1ff413a44600] GL_INVALID_OPERATION: glDrawElements: Must have element array buffer bound. @ http://localhost:8080/:0
[23749012ms] [WARNING] [.WebGL-0x1ff413a44600] GL_INVALID_OPERATION: glDrawElements: Must have element array buffer bound. @ http://localhost:8080/:0
[23749013ms] [WARNING] [.WebGL-0x1ff413a44600] GL_INVALID_OPERATION: glDrawElements: Must have element array buffer bound. @ http://localhost:8080/:0
[23749013ms] [WARNING] [.WebGL-0x1ff413a44600] GL_INVALID_OPERATION: glDrawElements: Must have element array buffer bound. @ http://localhost:8080/:0
[23749100ms] [WARNING] [.WebGL-0x1ff413a44600] GL_INVALID_OPERATION: glDrawElements: Must have element array buffer bound. @ http://localhost:8080/:0
[23749200ms] [WARNING] [.WebGL-0x1ff413a44600] GL_INVALID_OPERATION: glDrawElements: Must have element array buffer bound. @ http://localhost:8080/:0
[23749381ms] [WARNING] [.WebGL-0x1ff413a44600] GL_INVALID_OPERATION: glDrawElements: Must have element array buffer bound. @ http://localhost:8080/:0
[23749381ms] [WARNING] [.WebGL-0x1ff413a44600] GL_INVALID_OPERATION: glDrawElements: Must have element array buffer bound. @ http://localhost:8080/:0
[23749539ms] [WARNING] [.WebGL-0x1ff413a44600] GL_INVALID_OPERATION: glDrawElements: Must have element array buffer bound. @ http://localhost:8080/:0
[23749539ms] [WARNING] [.WebGL-0x1ff413a44600] GL_INVALID_OPERATION: glDrawElements: Must have element array buffer bound. @ http://localhost:8080/:0
[23749605ms] [WARNING] [.WebGL-0x1ff413a44600] GL_INVALID_OPERATION: glDrawElements: Must have element array buffer bound. @ http://localhost:8080/:0
[23749672ms] [WARNING] [.WebGL-0x1ff413a44600] GL_INVALID_OPERATION: glDrawElements: Must have element array buffer bound. @ http://localhost:8080/:0
[23749738ms] [WARNING] [.WebGL-0x1ff413a44600] GL_INVALID_OPERATION: glDrawElements: Must have element array buffer bound. @ http://localhost:8080/:0
[23749878ms] [WARNING] [.WebGL-0x1ff413a44600] GL_INVALID_OPERATION: glDrawElements: Must have element array buffer bound. @ http://localhost:8080/:0
[23749878ms] [WARNING] [.WebGL-0x1ff413a44600] GL_INVALID_OPERATION: glDrawElements: Must have element array buffer bound. @ http://localhost:8080/:0
[23749940ms] [WARNING] [.WebGL-0x1ff413a44600] GL_INVALID_OPERATION: glDrawElements: Must have element array buffer bound. @ http://localhost:8080/:0
[23750028ms] [WARNING] [.WebGL-0x1ff413a44600] GL_INVALID_OPERATION: glDrawElements: Must have element array buffer bound. @ http://localhost:8080/:0
[23750116ms] [WARNING] [.WebGL-0x1ff413a44600] GL_INVALID_OPERATION: glDrawElements: Must have element array buffer bound. @ http://localhost:8080/:0
[23750288ms] [WARNING] [.WebGL-0x1ff413a44600] GL_INVALID_OPERATION: glDrawElements: Must have element array buffer bound. @ http://localhost:8080/:0
[23750288ms] [WARNING] [.WebGL-0x1ff413a44600] GL_INVALID_OPERATION: glDrawElements: Must have element array buffer bound. @ http://localhost:8080/:0
[23750421ms] [WARNING] [.WebGL-0x1ff413a44600] GL_INVALID_OPERATION: glDrawElements: Must have element array buffer bound. @ http://localhost:8080/:0
[23750421ms] [WARNING] [.WebGL-0x1ff413a44600] GL_INVALID_OPERATION: glDrawElements: Must have element array buffer bound. @ http://localhost:8080/:0
[23750475ms] [WARNING] [.WebGL-0x1ff413a44600] GL_INVALID_OPERATION: glDrawElements: Must have element array buffer bound. @ http://localhost:8080/:0
[23750535ms] [WARNING] [.WebGL-0x1ff413a44600] GL_INVALID_OPERATION: glDrawElements: Must have element array buffer bound. @ http://localhost:8080/:0
[23750620ms] [WARNING] [.WebGL-0x1ff413a44600] GL_INVALID_OPERATION: glDrawElements: Must have element array buffer bound. @ http://localhost:8080/:0
[23750621ms] [WARNING] [.WebGL-0x1ff413a44600] GL_INVALID_OPERATION: glDrawElements: Must have element array buffer bound. @ http://localhost:8080/:0
[23750669ms] [WARNING] [.WebGL-0x1ff413a44600] GL_INVALID_OPERATION: glDrawElements: Must have element array buffer bound. @ http://localhost:8080/:0
[23750770ms] [WARNING] [.WebGL-0x1ff413a44600] GL_INVALID_OPERATION: glDrawElements: Must have element array buffer bound. @ http://localhost:8080/:0
[23750770ms] [WARNING] [.WebGL-0x1ff413a44600] GL_INVALID_OPERATION: glDrawElements: Must have element array buffer bound. @ http://localhost:8080/:0
[23750820ms] [WARNING] [.WebGL-0x1ff413a44600] GL_INVALID_OPERATION: glDrawElements: Must have element array buffer bound. @ http://localhost:8080/:0
[23750877ms] [WARNING] [.WebGL-0x1ff413a44600] GL_INVALID_OPERATION: glDrawElements: Must have element array buffer bound. @ http://localhost:8080/:0
[23750937ms] [WARNING] [.WebGL-0x1ff413a44600] GL_INVALID_OPERATION: glDrawElements: Must have element array buffer bound. @ http://localhost:8080/:0
[23751013ms] [WARNING] [.WebGL-0x1ff413a44600] GL_INVALID_OPERATION: glDrawElements: Must have element array buffer bound. @ http://localhost:8080/:0
[23751308ms] [WARNING] [.WebGL-0x1ff413a44600] GL_INVALID_OPERATION: glDrawElements: Must have element array buffer bound. @ http://localhost:8080/:0
[23751309ms] [WARNING] [.WebGL-0x1ff413a44600] GL_INVALID_OPERATION: glDrawElements: Must have element array buffer bound. @ http://localhost:8080/:0
[23751462ms] [WARNING] [.WebGL-0x1ff413a44600] GL_INVALID_OPERATION: glDrawElements: Must have element array buffer bound. @ http://localhost:8080/:0
[23751602ms] [WARNING] [.WebGL-0x1ff413a44600] GL_INVALID_OPERATION: glDrawElements: Must have element array buffer bound. @ http://localhost:8080/:0
[23751705ms] [WARNING] [.WebGL-0x1ff413a44600] GL_INVALID_OPERATION: glDrawElements: Must have element array buffer bound. @ http://localhost:8080/:0
[23751816ms] [WARNING] [.WebGL-0x1ff413a44600] GL_INVALID_OPERATION: glDrawElements: Must have element array buffer bound. @ http://localhost:8080/:0
[23751909ms] [WARNING] [.WebGL-0x1ff413a44600] GL_INVALID_OPERATION: glDrawElements: Must have element array buffer bound. @ http://localhost:8080/:0
[23752003ms] [WARNING] [.WebGL-0x1ff413a44600] GL_INVALID_OPERATION: glDrawElements: Must have element array buffer bound. @ http://localhost:8080/:0
[23752088ms] [WARNING] [.WebGL-0x1ff413a44600] GL_INVALID_OPERATION: glDrawElements: Must have element array buffer bound. @ http://localhost:8080/:0
[23752279ms] [WARNING] [.WebGL-0x1ff413a44600] GL_INVALID_OPERATION: glDrawElements: Must have element array buffer bound. @ http://localhost:8080/:0
[23752279ms] [WARNING] [.WebGL-0x1ff413a44600] GL_INVALID_OPERATION: glDrawElements: Must have element array buffer bound. @ http://localhost:8080/:0
[23752970ms] [WARNING] [.WebGL-0x1ff413a44600] GL_INVALID_OPERATION: glDrawElements: Must have element array buffer bound. @ http://localhost:8080/:0
[23752970ms] [WARNING] [.WebGL-0x1ff413a44600] GL_INVALID_OPERATION: glDrawElements: Must have element array buffer bound. @ http://localhost:8080/:0
[23752970ms] [WARNING] [.WebGL-0x1ff413a44600] GL_INVALID_OPERATION: glDrawElements: Must have element array buffer bound. @ http://localhost:8080/:0
[23752971ms] [WARNING] [.WebGL-0x1ff413a44600] GL_INVALID_OPERATION: glDrawElements: Must have element array buffer bound. @ http://localhost:8080/:0
[23753111ms] [WARNING] [.WebGL-0x1ff413a44600] GL_INVALID_OPERATION: glDrawElements: Must have element array buffer bound. @ http://localhost:8080/:0
[23753236ms] [WARNING] [.WebGL-0x1ff413a44600] GL_INVALID_OPERATION: glDrawElements: Must have element array buffer bound. @ http://localhost:8080/:0
[23753347ms] [WARNING] [.WebGL-0x1ff413a44600] GL_INVALID_OPERATION: glDrawElements: Must have element array buffer bound. @ http://localhost:8080/:0
[23753477ms] [WARNING] [.WebGL-0x1ff413a44600] GL_INVALID_OPERATION: glDrawElements: Must have element array buffer bound. @ http://localhost:8080/:0
[23753773ms] [WARNING] [.WebGL-0x1ff413a44600] GL_INVALID_OPERATION: glDrawElements: Must have element array buffer bound. @ http://localhost:8080/:0
[23753773ms] [WARNING] [.WebGL-0x1ff413a44600] GL_INVALID_OPERATION: glDrawElements: Must have element array buffer bound. @ http://localhost:8080/:0
[23754073ms] [WARNING] [.WebGL-0x1ff413a44600] GL_INVALID_OPERATION: glDrawElements: Must have element array buffer bound. @ http://localhost:8080/:0
[23754074ms] [WARNING] [.WebGL-0x1ff413a44600] GL_INVALID_OPERATION: glDrawElements: Must have element array buffer bound. @ http://localhost:8080/:0
[23754155ms] [WARNING] [.WebGL-0x1ff413a44600] GL_INVALID_OPERATION: glDrawElements: Must have element array buffer bound. @ http://localhost:8080/:0
[23754232ms] [WARNING] [.WebGL-0x1ff413a44600] GL_INVALID_OPERATION: glDrawElements: Must have element array buffer bound. @ http://localhost:8080/:0
[23754302ms] [WARNING] [.WebGL-0x1ff413a44600] GL_INVALID_OPERATION: glDrawElements: Must have element array buffer bound. @ http://localhost:8080/:0
[23754365ms] [WARNING] [.WebGL-0x1ff413a44600] GL_INVALID_OPERATION: glDrawElements: Must have element array buffer bound. @ http://localhost:8080/:0
[23754425ms] [WARNING] [.WebGL-0x1ff413a44600] GL_INVALID_OPERATION: glDrawElements: Must have element array buffer bound. @ http://localhost:8080/:0
[23754487ms] [WARNING] [.WebGL-0x1ff413a44600] GL_INVALID_OPERATION: glDrawElements: Must have element array buffer bound. @ http://localhost:8080/:0
[23754555ms] [WARNING] [.WebGL-0x1ff413a44600] GL_INVALID_OPERATION: glDrawElements: Must have element array buffer bound. @ http://localhost:8080/:0
[23754669ms] [WARNING] [.WebGL-0x1ff413a44600] GL_INVALID_OPERATION: glDrawElements: Must have element array buffer bound. @ http://localhost:8080/:0
[23754670ms] [WARNING] [.WebGL-0x1ff413a44600] GL_INVALID_OPERATION: glDrawElements: Must have element array buffer bound. @ http://localhost:8080/:0
[23754747ms] [WARNING] [.WebGL-0x1ff413a44600] GL_INVALID_OPERATION: glDrawElements: Must have element array buffer bound. @ http://localhost:8080/:0
[23754912ms] [WARNING] [.WebGL-0x1ff413a44600] GL_INVALID_OPERATION: glDrawElements: Must have element array buffer bound. @ http://localhost:8080/:0
[23754913ms] [WARNING] [.WebGL-0x1ff413a44600] GL_INVALID_OPERATION: glDrawElements: Must have element array buffer bound. @ http://localhost:8080/:0
[23755003ms] [WARNING] [.WebGL-0x1ff413a44600] GL_INVALID_OPERATION: glDrawElements: Must have element array buffer bound. @ http://localhost:8080/:0
[23755080ms] [WARNING] [.WebGL-0x1ff413a44600] GL_INVALID_OPERATION: glDrawElements: Must have element array buffer bound. @ http://localhost:8080/:0
[23755157ms] [WARNING] [.WebGL-0x1ff413a44600] GL_INVALID_OPERATION: glDrawElements: Must have element array buffer bound. @ http://localhost:8080/:0
[23755307ms] [WARNING] [.WebGL-0x1ff413a44600] GL_INVALID_OPERATION: glDrawElements: Must have element array buffer bound. @ http://localhost:8080/:0
[23755307ms] [WARNING] [.WebGL-0x1ff413a44600] GL_INVALID_OPERATION: glDrawElements: Must have element array buffer bound. @ http://localhost:8080/:0
[23755388ms] [WARNING] [.WebGL-0x1ff413a44600] GL_INVALID_OPERATION: glDrawElements: Must have element array buffer bound. @ http://localhost:8080/:0
[23755473ms] [WARNING] [.WebGL-0x1ff413a44600] GL_INVALID_OPERATION: glDrawElements: Must have element array buffer bound. @ http://localhost:8080/:0
[23755640ms] [WARNING] [.WebGL-0x1ff413a44600] GL_INVALID_OPERATION: glDrawElements: Must have element array buffer bound. @ http://localhost:8080/:0
[23755985ms] [WARNING] [.WebGL-0x1ff413a44600] GL_INVALID_OPERATION: glDrawElements: Must have element array buffer bound. @ http://localhost:8080/:0
[23755985ms] [WARNING] [.WebGL-0x1ff413a44600] GL_INVALID_OPERATION: glDrawElements: Must have element array buffer bound. @ http://localhost:8080/:0
[23756321ms] [WARNING] [.WebGL-0x1ff413a44600] GL_INVALID_OPERATION: glDrawElements: Must have element array buffer bound. @ http://localhost:8080/:0
[23756321ms] [WARNING] [.WebGL-0x1ff413a44600] GL_INVALID_OPERATION: glDrawElements: Must have element array buffer bound. @ http://localhost:8080/:0
[23756321ms] [WARNING] [.WebGL-0x1ff413a44600] GL_INVALID_OPERATION: glDrawElements: Must have element array buffer bound. @ http://localhost:8080/:0
[23756414ms] [WARNING] [.WebGL-0x1ff413a44600] GL_INVALID_OPERATION: glDrawElements: Must have element array buffer bound. @ http://localhost:8080/:0
[23756724ms] [WARNING] [.WebGL-0x1ff413a44600] GL_INVALID_OPERATION: glDrawElements: Must have element array buffer bound. @ http://localhost:8080/:0
[23756725ms] [WARNING] [.WebGL-0x1ff413a44600] GL_INVALID_OPERATION: glDrawElements: Must have element array buffer bound. @ http://localhost:8080/:0
[23756834ms] [WARNING] [.WebGL-0x1ff413a44600] GL_INVALID_OPERATION: glDrawElements: Must have element array buffer bound. @ http://localhost:8080/:0
[23756946ms] [WARNING] [.WebGL-0x1ff413a44600] GL_INVALID_OPERATION: glDrawElements: Must have element array buffer bound. @ http://localhost:8080/:0
[23757054ms] [WARNING] [.WebGL-0x1ff413a44600] GL_INVALID_OPERATION: glDrawElements: Must have element array buffer bound. @ http://localhost:8080/:0
[23757484ms] [WARNING] [.WebGL-0x1ff413a44600] GL_INVALID_OPERATION: glDrawElements: Must have element array buffer bound. @ http://localhost:8080/:0
[23757484ms] [WARNING] WebGL: too many errors, no more errors will be reported to the console for this context. @ http://localhost:8080/:0
[24049370ms] [WARNING] [.WebGL-0x1ff403b51500] GL_INVALID_OPERATION: glDrawElements: Must have element array buffer bound. @ http://localhost:8080/:0
[24049466ms] [WARNING] [.WebGL-0x1ff403b51500] GL_INVALID_OPERATION: glDrawElements: Must have element array buffer bound. @ http://localhost:8080/:0
[24049538ms] [WARNING] [.WebGL-0x1ff403b51500] GL_INVALID_OPERATION: glDrawElements: Must have element array buffer bound. @ http://localhost:8080/:0
[24049664ms] [WARNING] [.WebGL-0x1ff403b51500] GL_INVALID_OPERATION: glDrawElements: Must have element array buffer bound. @ http://localhost:8080/:0
[24049715ms] [WARNING] [.WebGL-0x1ff403b51500] GL_INVALID_OPERATION: glDrawElements: Must have element array buffer bound. @ http://localhost:8080/:0
[24049715ms] [WARNING] [.WebGL-0x1ff403b51500] GL_INVALID_OPERATION: glDrawElements: Must have element array buffer bound. @ http://localhost:8080/:0
[24049761ms] [WARNING] [.WebGL-0x1ff403b51500] GL_INVALID_OPERATION: glDrawElements: Must have element array buffer bound. @ http://localhost:8080/:0
[24049809ms] [WARNING] [.WebGL-0x1ff403b51500] GL_INVALID_OPERATION: glDrawElements: Must have element array buffer bound. @ http://localhost:8080/:0
[24049853ms] [WARNING] [.WebGL-0x1ff403b51500] GL_INVALID_OPERATION: glDrawElements: Must have element array buffer bound. @ http://localhost:8080/:0
[24049894ms] [WARNING] [.WebGL-0x1ff403b51500] GL_INVALID_OPERATION: glDrawElements: Must have element array buffer bound. @ http://localhost:8080/:0
[24049936ms] [WARNING] [.WebGL-0x1ff403b51500] GL_INVALID_OPERATION: glDrawElements: Must have element array buffer bound. @ http://localhost:8080/:0
[24049979ms] [WARNING] [.WebGL-0x1ff403b51500] GL_INVALID_OPERATION: glDrawElements: Must have element array buffer bound. @ http://localhost:8080/:0
[24050025ms] [WARNING] [.WebGL-0x1ff403b51500] GL_INVALID_OPERATION: glDrawElements: Must have element array buffer bound. @ http://localhost:8080/:0
[24050068ms] [WARNING] [.WebGL-0x1ff403b51500] GL_INVALID_OPERATION: glDrawElements: Must have element array buffer bound. @ http://localhost:8080/:0
[24050178ms] [WARNING] [.WebGL-0x1ff403b51500] GL_INVALID_OPERATION: glDrawElements: Must have element array buffer bound. @ http://localhost:8080/:0
[24050179ms] [WARNING] [.WebGL-0x1ff403b51500] GL_INVALID_OPERATION: glDrawElements: Must have element array buffer bound. @ http://localhost:8080/:0
[24050222ms] [WARNING] [.WebGL-0x1ff403b51500] GL_INVALID_OPERATION: glDrawElements: Must have element array buffer bound. @ http://localhost:8080/:0
[24050264ms] [WARNING] [.WebGL-0x1ff403b51500] GL_INVALID_OPERATION: glDrawElements: Must have element array buffer bound. @ http://localhost:8080/:0
[24050304ms] [WARNING] [.WebGL-0x1ff403b51500] GL_INVALID_OPERATION: glDrawElements: Must have element array buffer bound. @ http://localhost:8080/:0
[24050344ms] [WARNING] [.WebGL-0x1ff403b51500] GL_INVALID_OPERATION: glDrawElements: Must have element array buffer bound. @ http://localhost:8080/:0
[24050387ms] [WARNING] [.WebGL-0x1ff403b51500] GL_INVALID_OPERATION: glDrawElements: Must have element array buffer bound. @ http://localhost:8080/:0
[24050429ms] [WARNING] [.WebGL-0x1ff403b51500] GL_INVALID_OPERATION: glDrawElements: Must have element array buffer bound. @ http://localhost:8080/:0
[24050470ms] [WARNING] [.WebGL-0x1ff403b51500] GL_INVALID_OPERATION: glDrawElements: Must have element array buffer bound. @ http://localhost:8080/:0
[24050516ms] [WARNING] [.WebGL-0x1ff403b51500] GL_INVALID_OPERATION: glDrawElements: Must have element array buffer bound. @ http://localhost:8080/:0
[24050596ms] [WARNING] [.WebGL-0x1ff403b51500] GL_INVALID_OPERATION: glDrawElements: Must have element array buffer bound. @ http://localhost:8080/:0
[24050637ms] [WARNING] [.WebGL-0x1ff403b51500] GL_INVALID_OPERATION: glDrawElements: Must have element array buffer bound. @ http://localhost:8080/:0
[24050682ms] [WARNING] [.WebGL-0x1ff403b51500] GL_INVALID_OPERATION: glDrawElements: Must have element array buffer bound. @ http://localhost:8080/:0
[24050725ms] [WARNING] [.WebGL-0x1ff403b51500] GL_INVALID_OPERATION: glDrawElements: Must have element array buffer bound. @ http://localhost:8080/:0
[24050766ms] [WARNING] [.WebGL-0x1ff403b51500] GL_INVALID_OPERATION: glDrawElements: Must have element array buffer bound. @ http://localhost:8080/:0
[24050806ms] [WARNING] [.WebGL-0x1ff403b51500] GL_INVALID_OPERATION: glDrawElements: Must have element array buffer bound. @ http://localhost:8080/:0
[24050847ms] [WARNING] [.WebGL-0x1ff403b51500] GL_INVALID_OPERATION: glDrawElements: Must have element array buffer bound. @ http://localhost:8080/:0
[24050930ms] [WARNING] [.WebGL-0x1ff403b51500] GL_INVALID_OPERATION: glDrawElements: Must have element array buffer bound. @ http://localhost:8080/:0
[24050930ms] [WARNING] [.WebGL-0x1ff403b51500] GL_INVALID_OPERATION: glDrawElements: Must have element array buffer bound. @ http://localhost:8080/:0
[24050968ms] [WARNING] [.WebGL-0x1ff403b51500] GL_INVALID_OPERATION: glDrawElements: Must have element array buffer bound. @ http://localhost:8080/:0
[24051010ms] [WARNING] [.WebGL-0x1ff403b51500] GL_INVALID_OPERATION: glDrawElements: Must have element array buffer bound. @ http://localhost:8080/:0
[24051048ms] [WARNING] [.WebGL-0x1ff403b51500] GL_INVALID_OPERATION: glDrawElements: Must have element array buffer bound. @ http://localhost:8080/:0
[24051087ms] [WARNING] [.WebGL-0x1ff403b51500] GL_INVALID_OPERATION: glDrawElements: Must have element array buffer bound. @ http://localhost:8080/:0
[24051125ms] [WARNING] [.WebGL-0x1ff403b51500] GL_INVALID_OPERATION: glDrawElements: Must have element array buffer bound. @ http://localhost:8080/:0
[24051167ms] [WARNING] [.WebGL-0x1ff403b51500] GL_INVALID_OPERATION: glDrawElements: Must have element array buffer bound. @ http://localhost:8080/:0
[24051207ms] [WARNING] [.WebGL-0x1ff403b51500] GL_INVALID_OPERATION: glDrawElements: Must have element array buffer bound. @ http://localhost:8080/:0
[24051252ms] [WARNING] [.WebGL-0x1ff403b51500] GL_INVALID_OPERATION: glDrawElements: Must have element array buffer bound. @ http://localhost:8080/:0
[24051345ms] [WARNING] [.WebGL-0x1ff403b51500] GL_INVALID_OPERATION: glDrawElements: Must have element array buffer bound. @ http://localhost:8080/:0
[24051345ms] [WARNING] [.WebGL-0x1ff403b51500] GL_INVALID_OPERATION: glDrawElements: Must have element array buffer bound. @ http://localhost:8080/:0
[24051394ms] [WARNING] [.WebGL-0x1ff403b51500] GL_INVALID_OPERATION: glDrawElements: Must have element array buffer bound. @ http://localhost:8080/:0
[24051437ms] [WARNING] [.WebGL-0x1ff403b51500] GL_INVALID_OPERATION: glDrawElements: Must have element array buffer bound. @ http://localhost:8080/:0
[24051479ms] [WARNING] [.WebGL-0x1ff403b51500] GL_INVALID_OPERATION: glDrawElements: Must have element array buffer bound. @ http://localhost:8080/:0
[24051518ms] [WARNING] [.WebGL-0x1ff403b51500] GL_INVALID_OPERATION: glDrawElements: Must have element array buffer bound. @ http://localhost:8080/:0
[24051557ms] [WARNING] [.WebGL-0x1ff403b51500] GL_INVALID_OPERATION: glDrawElements: Must have element array buffer bound. @ http://localhost:8080/:0
[24051595ms] [WARNING] [.WebGL-0x1ff403b51500] GL_INVALID_OPERATION: glDrawElements: Must have element array buffer bound. @ http://localhost:8080/:0
[24051636ms] [WARNING] [.WebGL-0x1ff403b51500] GL_INVALID_OPERATION: glDrawElements: Must have element array buffer bound. @ http://localhost:8080/:0
[24051674ms] [WARNING] [.WebGL-0x1ff403b51500] GL_INVALID_OPERATION: glDrawElements: Must have element array buffer bound. @ http://localhost:8080/:0
[24051712ms] [WARNING] [.WebGL-0x1ff403b51500] GL_INVALID_OPERATION: glDrawElements: Must have element array buffer bound. @ http://localhost:8080/:0
[24051750ms] [WARNING] [.WebGL-0x1ff403b51500] GL_INVALID_OPERATION: glDrawElements: Must have element array buffer bound. @ http://localhost:8080/:0
[24051788ms] [WARNING] [.WebGL-0x1ff403b51500] GL_INVALID_OPERATION: glDrawElements: Must have element array buffer bound. @ http://localhost:8080/:0
[24051830ms] [WARNING] [.WebGL-0x1ff403b51500] GL_INVALID_OPERATION: glDrawElements: Must have element array buffer bound. @ http://localhost:8080/:0
[24051868ms] [WARNING] [.WebGL-0x1ff403b51500] GL_INVALID_OPERATION: glDrawElements: Must have element array buffer bound. @ http://localhost:8080/:0
[24051943ms] [WARNING] [.WebGL-0x1ff403b51500] GL_INVALID_OPERATION: glDrawElements: Must have element array buffer bound. @ http://localhost:8080/:0
[24051944ms] [WARNING] [.WebGL-0x1ff403b51500] GL_INVALID_OPERATION: glDrawElements: Must have element array buffer bound. @ http://localhost:8080/:0
[24051982ms] [WARNING] [.WebGL-0x1ff403b51500] GL_INVALID_OPERATION: glDrawElements: Must have element array buffer bound. @ http://localhost:8080/:0
[24052019ms] [WARNING] [.WebGL-0x1ff403b51500] GL_INVALID_OPERATION: glDrawElements: Must have element array buffer bound. @ http://localhost:8080/:0
[24052061ms] [WARNING] [.WebGL-0x1ff403b51500] GL_INVALID_OPERATION: glDrawElements: Must have element array buffer bound. @ http://localhost:8080/:0
[24052101ms] [WARNING] [.WebGL-0x1ff403b51500] GL_INVALID_OPERATION: glDrawElements: Must have element array buffer bound. @ http://localhost:8080/:0
[24052142ms] [WARNING] [.WebGL-0x1ff403b51500] GL_INVALID_OPERATION: glDrawElements: Must have element array buffer bound. @ http://localhost:8080/:0
[24052182ms] [WARNING] [.WebGL-0x1ff403b51500] GL_INVALID_OPERATION: glDrawElements: Must have element array buffer bound. @ http://localhost:8080/:0
[24052221ms] [WARNING] [.WebGL-0x1ff403b51500] GL_INVALID_OPERATION: glDrawElements: Must have element array buffer bound. @ http://localhost:8080/:0
[24052261ms] [WARNING] [.WebGL-0x1ff403b51500] GL_INVALID_OPERATION: glDrawElements: Must have element array buffer bound. @ http://localhost:8080/:0
[24052338ms] [WARNING] [.WebGL-0x1ff403b51500] GL_INVALID_OPERATION: glDrawElements: Must have element array buffer bound. @ http://localhost:8080/:0
[24052338ms] [WARNING] [.WebGL-0x1ff403b51500] GL_INVALID_OPERATION: glDrawElements: Must have element array buffer bound. @ http://localhost:8080/:0
[24052379ms] [WARNING] [.WebGL-0x1ff403b51500] GL_INVALID_OPERATION: glDrawElements: Must have element array buffer bound. @ http://localhost:8080/:0
[24052418ms] [WARNING] [.WebGL-0x1ff403b51500] GL_INVALID_OPERATION: glDrawElements: Must have element array buffer bound. @ http://localhost:8080/:0
[24052457ms] [WARNING] [.WebGL-0x1ff403b51500] GL_INVALID_OPERATION: glDrawElements: Must have element array buffer bound. @ http://localhost:8080/:0
[24052496ms] [WARNING] [.WebGL-0x1ff403b51500] GL_INVALID_OPERATION: glDrawElements: Must have element array buffer bound. @ http://localhost:8080/:0
[24052535ms] [WARNING] [.WebGL-0x1ff403b51500] GL_INVALID_OPERATION: glDrawElements: Must have element array buffer bound. @ http://localhost:8080/:0
[24052573ms] [WARNING] [.WebGL-0x1ff403b51500] GL_INVALID_OPERATION: glDrawElements: Must have element array buffer bound. @ http://localhost:8080/:0
[24052611ms] [WARNING] [.WebGL-0x1ff403b51500] GL_INVALID_OPERATION: glDrawElements: Must have element array buffer bound. @ http://localhost:8080/:0
[24052648ms] [WARNING] [.WebGL-0x1ff403b51500] GL_INVALID_OPERATION: glDrawElements: Must have element array buffer bound. @ http://localhost:8080/:0
[24052686ms] [WARNING] [.WebGL-0x1ff403b51500] GL_INVALID_OPERATION: glDrawElements: Must have element array buffer bound. @ http://localhost:8080/:0
[24052724ms] [WARNING] [.WebGL-0x1ff403b51500] GL_INVALID_OPERATION: glDrawElements: Must have element array buffer bound. @ http://localhost:8080/:0
[24052761ms] [WARNING] [.WebGL-0x1ff403b51500] GL_INVALID_OPERATION: glDrawElements: Must have element array buffer bound. @ http://localhost:8080/:0
[24052798ms] [WARNING] [.WebGL-0x1ff403b51500] GL_INVALID_OPERATION: glDrawElements: Must have element array buffer bound. @ http://localhost:8080/:0
[24052874ms] [WARNING] [.WebGL-0x1ff403b51500] GL_INVALID_OPERATION: glDrawElements: Must have element array buffer bound. @ http://localhost:8080/:0
[24052874ms] [WARNING] [.WebGL-0x1ff403b51500] GL_INVALID_OPERATION: glDrawElements: Must have element array buffer bound. @ http://localhost:8080/:0
[24052915ms] [WARNING] [.WebGL-0x1ff403b51500] GL_INVALID_OPERATION: glDrawElements: Must have element array buffer bound. @ http://localhost:8080/:0
[24052954ms] [WARNING] [.WebGL-0x1ff403b51500] GL_INVALID_OPERATION: glDrawElements: Must have element array buffer bound. @ http://localhost:8080/:0
[24052991ms] [WARNING] [.WebGL-0x1ff403b51500] GL_INVALID_OPERATION: glDrawElements: Must have element array buffer bound. @ http://localhost:8080/:0
[24053028ms] [WARNING] [.WebGL-0x1ff403b51500] GL_INVALID_OPERATION: glDrawElements: Must have element array buffer bound. @ http://localhost:8080/:0
[24053066ms] [WARNING] [.WebGL-0x1ff403b51500] GL_INVALID_OPERATION: glDrawElements: Must have element array buffer bound. @ http://localhost:8080/:0
[24053105ms] [WARNING] [.WebGL-0x1ff403b51500] GL_INVALID_OPERATION: glDrawElements: Must have element array buffer bound. @ http://localhost:8080/:0
[24053144ms] [WARNING] [.WebGL-0x1ff403b51500] GL_INVALID_OPERATION: glDrawElements: Must have element array buffer bound. @ http://localhost:8080/:0
[24053183ms] [WARNING] [.WebGL-0x1ff403b51500] GL_INVALID_OPERATION: glDrawElements: Must have element array buffer bound. @ http://localhost:8080/:0
[24053222ms] [WARNING] [.WebGL-0x1ff403b51500] GL_INVALID_OPERATION: glDrawElements: Must have element array buffer bound. @ http://localhost:8080/:0
[24053261ms] [WARNING] [.WebGL-0x1ff403b51500] GL_INVALID_OPERATION: glDrawElements: Must have element array buffer bound. @ http://localhost:8080/:0
[24053299ms] [WARNING] [.WebGL-0x1ff403b51500] GL_INVALID_OPERATION: glDrawElements: Must have element array buffer bound. @ http://localhost:8080/:0
[24053634ms] [WARNING] [.WebGL-0x1ff403b51500] GL_INVALID_OPERATION: glDrawElements: Must have element array buffer bound. @ http://localhost:8080/:0
[24053634ms] [WARNING] [.WebGL-0x1ff403b51500] GL_INVALID_OPERATION: glDrawElements: Must have element array buffer bound. @ http://localhost:8080/:0
[24053634ms] [WARNING] [.WebGL-0x1ff403b51500] GL_INVALID_OPERATION: glDrawElements: Must have element array buffer bound. @ http://localhost:8080/:0
[24053634ms] [WARNING] [.WebGL-0x1ff403b51500] GL_INVALID_OPERATION: glDrawElements: Must have element array buffer bound. @ http://localhost:8080/:0
[24053634ms] [WARNING] [.WebGL-0x1ff403b51500] GL_INVALID_OPERATION: glDrawElements: Must have element array buffer bound. @ http://localhost:8080/:0
[24053634ms] [WARNING] [.WebGL-0x1ff403b51500] GL_INVALID_OPERATION: glDrawElements: Must have element array buffer bound. @ http://localhost:8080/:0
[24053634ms] [WARNING] [.WebGL-0x1ff403b51500] GL_INVALID_OPERATION: glDrawElements: Must have element array buffer bound. @ http://localhost:8080/:0
[24053634ms] [WARNING] [.WebGL-0x1ff403b51500] GL_INVALID_OPERATION: glDrawElements: Must have element array buffer bound. @ http://localhost:8080/:0
[24053634ms] [WARNING] [.WebGL-0x1ff403b51500] GL_INVALID_OPERATION: glDrawElements: Must have element array buffer bound. @ http://localhost:8080/:0
[24053711ms] [WARNING] [.WebGL-0x1ff403b51500] GL_INVALID_OPERATION: glDrawElements: Must have element array buffer bound. @ http://localhost:8080/:0
[24053711ms] [WARNING] [.WebGL-0x1ff403b51500] GL_INVALID_OPERATION: glDrawElements: Must have element array buffer bound. @ http://localhost:8080/:0
[24053750ms] [WARNING] [.WebGL-0x1ff403b51500] GL_INVALID_OPERATION: glDrawElements: Must have element array buffer bound. @ http://localhost:8080/:0
[24053788ms] [WARNING] [.WebGL-0x1ff403b51500] GL_INVALID_OPERATION: glDrawElements: Must have element array buffer bound. @ http://localhost:8080/:0
[24053827ms] [WARNING] [.WebGL-0x1ff403b51500] GL_INVALID_OPERATION: glDrawElements: Must have element array buffer bound. @ http://localhost:8080/:0
[24053863ms] [WARNING] [.WebGL-0x1ff403b51500] GL_INVALID_OPERATION: glDrawElements: Must have element array buffer bound. @ http://localhost:8080/:0
[24053901ms] [WARNING] [.WebGL-0x1ff403b51500] GL_INVALID_OPERATION: glDrawElements: Must have element array buffer bound. @ http://localhost:8080/:0
[24053939ms] [WARNING] [.WebGL-0x1ff403b51500] GL_INVALID_OPERATION: glDrawElements: Must have element array buffer bound. @ http://localhost:8080/:0
[24053977ms] [WARNING] [.WebGL-0x1ff403b51500] GL_INVALID_OPERATION: glDrawElements: Must have element array buffer bound. @ http://localhost:8080/:0
[24054054ms] [WARNING] [.WebGL-0x1ff403b51500] GL_INVALID_OPERATION: glDrawElements: Must have element array buffer bound. @ http://localhost:8080/:0
[24054054ms] [WARNING] [.WebGL-0x1ff403b51500] GL_INVALID_OPERATION: glDrawElements: Must have element array buffer bound. @ http://localhost:8080/:0
[24054095ms] [WARNING] [.WebGL-0x1ff403b51500] GL_INVALID_OPERATION: glDrawElements: Must have element array buffer bound. @ http://localhost:8080/:0
[24054134ms] [WARNING] [.WebGL-0x1ff403b51500] GL_INVALID_OPERATION: glDrawElements: Must have element array buffer bound. @ http://localhost:8080/:0
[24054189ms] [WARNING] [.WebGL-0x1ff403b51500] GL_INVALID_OPERATION: glDrawElements: Must have element array buffer bound. @ http://localhost:8080/:0
[24054290ms] [WARNING] [.WebGL-0x1ff403b51500] GL_INVALID_OPERATION: glDrawElements: Must have element array buffer bound. @ http://localhost:8080/:0
[24054290ms] [WARNING] [.WebGL-0x1ff403b51500] GL_INVALID_OPERATION: glDrawElements: Must have element array buffer bound. @ http://localhost:8080/:0
[24054337ms] [WARNING] [.WebGL-0x1ff403b51500] GL_INVALID_OPERATION: glDrawElements: Must have element array buffer bound. @ http://localhost:8080/:0
[24054384ms] [WARNING] [.WebGL-0x1ff403b51500] GL_INVALID_OPERATION: glDrawElements: Must have element array buffer bound. @ http://localhost:8080/:0
[24054430ms] [WARNING] [.WebGL-0x1ff403b51500] GL_INVALID_OPERATION: glDrawElements: Must have element array buffer bound. @ http://localhost:8080/:0
[24054480ms] [WARNING] [.WebGL-0x1ff403b51500] GL_INVALID_OPERATION: glDrawElements: Must have element array buffer bound. @ http://localhost:8080/:0
[24054532ms] [WARNING] [.WebGL-0x1ff403b51500] GL_INVALID_OPERATION: glDrawElements: Must have element array buffer bound. @ http://localhost:8080/:0
[24054586ms] [WARNING] [.WebGL-0x1ff403b51500] GL_INVALID_OPERATION: glDrawElements: Must have element array buffer bound. @ http://localhost:8080/:0
[24054646ms] [WARNING] [.WebGL-0x1ff403b51500] GL_INVALID_OPERATION: glDrawElements: Must have element array buffer bound. @ http://localhost:8080/:0
[24054702ms] [WARNING] [.WebGL-0x1ff403b51500] GL_INVALID_OPERATION: glDrawElements: Must have element array buffer bound. @ http://localhost:8080/:0
[24054841ms] [WARNING] [.WebGL-0x1ff403b51500] GL_INVALID_OPERATION: glDrawElements: Must have element array buffer bound. @ http://localhost:8080/:0
[24054841ms] [WARNING] [.WebGL-0x1ff403b51500] GL_INVALID_OPERATION: glDrawElements: Must have element array buffer bound. @ http://localhost:8080/:0
[24054911ms] [WARNING] [.WebGL-0x1ff403b51500] GL_INVALID_OPERATION: glDrawElements: Must have element array buffer bound. @ http://localhost:8080/:0
[24054970ms] [WARNING] [.WebGL-0x1ff403b51500] GL_INVALID_OPERATION: glDrawElements: Must have element array buffer bound. @ http://localhost:8080/:0
[24055031ms] [WARNING] [.WebGL-0x1ff403b51500] GL_INVALID_OPERATION: glDrawElements: Must have element array buffer bound. @ http://localhost:8080/:0
[24055087ms] [WARNING] [.WebGL-0x1ff403b51500] GL_INVALID_OPERATION: glDrawElements: Must have element array buffer bound. @ http://localhost:8080/:0
[24055201ms] [WARNING] [.WebGL-0x1ff403b51500] GL_INVALID_OPERATION: glDrawElements: Must have element array buffer bound. @ http://localhost:8080/:0
[24055201ms] [WARNING] [.WebGL-0x1ff403b51500] GL_INVALID_OPERATION: glDrawElements: Must have element array buffer bound. @ http://localhost:8080/:0
[24055256ms] [WARNING] [.WebGL-0x1ff403b51500] GL_INVALID_OPERATION: glDrawElements: Must have element array buffer bound. @ http://localhost:8080/:0
[24055307ms] [WARNING] [.WebGL-0x1ff403b51500] GL_INVALID_OPERATION: glDrawElements: Must have element array buffer bound. @ http://localhost:8080/:0
[24055355ms] [WARNING] [.WebGL-0x1ff403b51500] GL_INVALID_OPERATION: glDrawElements: Must have element array buffer bound. @ http://localhost:8080/:0
[24055403ms] [WARNING] [.WebGL-0x1ff403b51500] GL_INVALID_OPERATION: glDrawElements: Must have element array buffer bound. @ http://localhost:8080/:0
[24055449ms] [WARNING] [.WebGL-0x1ff403b51500] GL_INVALID_OPERATION: glDrawElements: Must have element array buffer bound. @ http://localhost:8080/:0
[24055493ms] [WARNING] [.WebGL-0x1ff403b51500] GL_INVALID_OPERATION: glDrawElements: Must have element array buffer bound. @ http://localhost:8080/:0
[24055581ms] [WARNING] [.WebGL-0x1ff403b51500] GL_INVALID_OPERATION: glDrawElements: Must have element array buffer bound. @ http://localhost:8080/:0
[24055581ms] [WARNING] [.WebGL-0x1ff403b51500] GL_INVALID_OPERATION: glDrawElements: Must have element array buffer bound. @ http://localhost:8080/:0
[24055624ms] [WARNING] [.WebGL-0x1ff403b51500] GL_INVALID_OPERATION: glDrawElements: Must have element array buffer bound. @ http://localhost:8080/:0
[24055674ms] [WARNING] [.WebGL-0x1ff403b51500] GL_INVALID_OPERATION: glDrawElements: Must have element array buffer bound. @ http://localhost:8080/:0
[24055719ms] [WARNING] [.WebGL-0x1ff403b51500] GL_INVALID_OPERATION: glDrawElements: Must have element array buffer bound. @ http://localhost:8080/:0
[24055805ms] [WARNING] [.WebGL-0x1ff403b51500] GL_INVALID_OPERATION: glDrawElements: Must have element array buffer bound. @ http://localhost:8080/:0
[24055805ms] [WARNING] [.WebGL-0x1ff403b51500] GL_INVALID_OPERATION: glDrawElements: Must have element array buffer bound. @ http://localhost:8080/:0
[24055848ms] [WARNING] [.WebGL-0x1ff403b51500] GL_INVALID_OPERATION: glDrawElements: Must have element array buffer bound. @ http://localhost:8080/:0
[24055891ms] [WARNING] [.WebGL-0x1ff403b51500] GL_INVALID_OPERATION: glDrawElements: Must have element array buffer bound. @ http://localhost:8080/:0
[24055936ms] [WARNING] [.WebGL-0x1ff403b51500] GL_INVALID_OPERATION: glDrawElements: Must have element array buffer bound. @ http://localhost:8080/:0
[24055980ms] [WARNING] [.WebGL-0x1ff403b51500] GL_INVALID_OPERATION: glDrawElements: Must have element array buffer bound. @ http://localhost:8080/:0
[24056020ms] [WARNING] [.WebGL-0x1ff403b51500] GL_INVALID_OPERATION: glDrawElements: Must have element array buffer bound. @ http://localhost:8080/:0
[24056060ms] [WARNING] [.WebGL-0x1ff403b51500] GL_INVALID_OPERATION: glDrawElements: Must have element array buffer bound. @ http://localhost:8080/:0
[24056101ms] [WARNING] [.WebGL-0x1ff403b51500] GL_INVALID_OPERATION: glDrawElements: Must have element array buffer bound. @ http://localhost:8080/:0
[24056184ms] [WARNING] [.WebGL-0x1ff403b51500] GL_INVALID_OPERATION: glDrawElements: Must have element array buffer bound. @ http://localhost:8080/:0
[24056184ms] [WARNING] [.WebGL-0x1ff403b51500] GL_INVALID_OPERATION: glDrawElements: Must have element array buffer bound. @ http://localhost:8080/:0
[24056224ms] [WARNING] [.WebGL-0x1ff403b51500] GL_INVALID_OPERATION: glDrawElements: Must have element array buffer bound. @ http://localhost:8080/:0
[24056268ms] [WARNING] [.WebGL-0x1ff403b51500] GL_INVALID_OPERATION: glDrawElements: Must have element array buffer bound. @ http://localhost:8080/:0
[24056309ms] [WARNING] [.WebGL-0x1ff403b51500] GL_INVALID_OPERATION: glDrawElements: Must have element array buffer bound. @ http://localhost:8080/:0
[24056349ms] [WARNING] [.WebGL-0x1ff403b51500] GL_INVALID_OPERATION: glDrawElements: Must have element array buffer bound. @ http://localhost:8080/:0
[24056391ms] [WARNING] [.WebGL-0x1ff403b51500] GL_INVALID_OPERATION: glDrawElements: Must have element array buffer bound. @ http://localhost:8080/:0
[24056432ms] [WARNING] [.WebGL-0x1ff403b51500] GL_INVALID_OPERATION: glDrawElements: Must have element array buffer bound. @ http://localhost:8080/:0
[24056471ms] [WARNING] [.WebGL-0x1ff403b51500] GL_INVALID_OPERATION: glDrawElements: Must have element array buffer bound. @ http://localhost:8080/:0
[24056513ms] [WARNING] [.WebGL-0x1ff403b51500] GL_INVALID_OPERATION: glDrawElements: Must have element array buffer bound. @ http://localhost:8080/:0
[24056551ms] [WARNING] [.WebGL-0x1ff403b51500] GL_INVALID_OPERATION: glDrawElements: Must have element array buffer bound. @ http://localhost:8080/:0
[24056590ms] [WARNING] [.WebGL-0x1ff403b51500] GL_INVALID_OPERATION: glDrawElements: Must have element array buffer bound. @ http://localhost:8080/:0
[24056631ms] [WARNING] [.WebGL-0x1ff403b51500] GL_INVALID_OPERATION: glDrawElements: Must have element array buffer bound. @ http://localhost:8080/:0
[24056671ms] [WARNING] [.WebGL-0x1ff403b51500] GL_INVALID_OPERATION: glDrawElements: Must have element array buffer bound. @ http://localhost:8080/:0
[24056710ms] [WARNING] [.WebGL-0x1ff403b51500] GL_INVALID_OPERATION: glDrawElements: Must have element array buffer bound. @ http://localhost:8080/:0
[24056748ms] [WARNING] [.WebGL-0x1ff403b51500] GL_INVALID_OPERATION: glDrawElements: Must have element array buffer bound. @ http://localhost:8080/:0
[24056788ms] [WARNING] [.WebGL-0x1ff403b51500] GL_INVALID_OPERATION: glDrawElements: Must have element array buffer bound. @ http://localhost:8080/:0
[24056826ms] [WARNING] [.WebGL-0x1ff403b51500] GL_INVALID_OPERATION: glDrawElements: Must have element array buffer bound. @ http://localhost:8080/:0
[24056865ms] [WARNING] [.WebGL-0x1ff403b51500] GL_INVALID_OPERATION: glDrawElements: Must have element array buffer bound. @ http://localhost:8080/:0
[24056904ms] [WARNING] [.WebGL-0x1ff403b51500] GL_INVALID_OPERATION: glDrawElements: Must have element array buffer bound. @ http://localhost:8080/:0
[24056943ms] [WARNING] [.WebGL-0x1ff403b51500] GL_INVALID_OPERATION: glDrawElements: Must have element array buffer bound. @ http://localhost:8080/:0
[24056981ms] [WARNING] [.WebGL-0x1ff403b51500] GL_INVALID_OPERATION: glDrawElements: Must have element array buffer bound. @ http://localhost:8080/:0
[24057021ms] [WARNING] [.WebGL-0x1ff403b51500] GL_INVALID_OPERATION: glDrawElements: Must have element array buffer bound. @ http://localhost:8080/:0
[24057060ms] [WARNING] [.WebGL-0x1ff403b51500] GL_INVALID_OPERATION: glDrawElements: Must have element array buffer bound. @ http://localhost:8080/:0
[24057099ms] [WARNING] [.WebGL-0x1ff403b51500] GL_INVALID_OPERATION: glDrawElements: Must have element array buffer bound. @ http://localhost:8080/:0
[24057139ms] [WARNING] [.WebGL-0x1ff403b51500] GL_INVALID_OPERATION: glDrawElements: Must have element array buffer bound. @ http://localhost:8080/:0
[24057177ms] [WARNING] [.WebGL-0x1ff403b51500] GL_INVALID_OPERATION: glDrawElements: Must have element array buffer bound. @ http://localhost:8080/:0
[24057216ms] [WARNING] [.WebGL-0x1ff403b51500] GL_INVALID_OPERATION: glDrawElements: Must have element array buffer bound. @ http://localhost:8080/:0
[24057255ms] [WARNING] [.WebGL-0x1ff403b51500] GL_INVALID_OPERATION: glDrawElements: Must have element array buffer bound. @ http://localhost:8080/:0
[24057294ms] [WARNING] [.WebGL-0x1ff403b51500] GL_INVALID_OPERATION: glDrawElements: Must have element array buffer bound. @ http://localhost:8080/:0
[24057332ms] [WARNING] [.WebGL-0x1ff403b51500] GL_INVALID_OPERATION: glDrawElements: Must have element array buffer bound. @ http://localhost:8080/:0
[24057372ms] [WARNING] [.WebGL-0x1ff403b51500] GL_INVALID_OPERATION: glDrawElements: Must have element array buffer bound. @ http://localhost:8080/:0
[24057411ms] [WARNING] [.WebGL-0x1ff403b51500] GL_INVALID_OPERATION: glDrawElements: Must have element array buffer bound. @ http://localhost:8080/:0
[24057452ms] [WARNING] [.WebGL-0x1ff403b51500] GL_INVALID_OPERATION: glDrawElements: Must have element array buffer bound. @ http://localhost:8080/:0
[24057491ms] [WARNING] [.WebGL-0x1ff403b51500] GL_INVALID_OPERATION: glDrawElements: Must have element array buffer bound. @ http://localhost:8080/:0
[24057534ms] [WARNING] [.WebGL-0x1ff403b51500] GL_INVALID_OPERATION: glDrawElements: Must have element array buffer bound. @ http://localhost:8080/:0
[24057573ms] [WARNING] [.WebGL-0x1ff403b51500] GL_INVALID_OPERATION: glDrawElements: Must have element array buffer bound. @ http://localhost:8080/:0
[24057614ms] [WARNING] [.WebGL-0x1ff403b51500] GL_INVALID_OPERATION: glDrawElements: Must have element array buffer bound. @ http://localhost:8080/:0
[24057657ms] [WARNING] [.WebGL-0x1ff403b51500] GL_INVALID_OPERATION: glDrawElements: Must have element array buffer bound. @ http://localhost:8080/:0
[24057699ms] [WARNING] [.WebGL-0x1ff403b51500] GL_INVALID_OPERATION: glDrawElements: Must have element array buffer bound. @ http://localhost:8080/:0
[24057739ms] [WARNING] [.WebGL-0x1ff403b51500] GL_INVALID_OPERATION: glDrawElements: Must have element array buffer bound. @ http://localhost:8080/:0
[24057781ms] [WARNING] [.WebGL-0x1ff403b51500] GL_INVALID_OPERATION: glDrawElements: Must have element array buffer bound. @ http://localhost:8080/:0
[24057821ms] [WARNING] [.WebGL-0x1ff403b51500] GL_INVALID_OPERATION: glDrawElements: Must have element array buffer bound. @ http://localhost:8080/:0
[24057861ms] [WARNING] [.WebGL-0x1ff403b51500] GL_INVALID_OPERATION: glDrawElements: Must have element array buffer bound. @ http://localhost:8080/:0
[24057939ms] [WARNING] [.WebGL-0x1ff403b51500] GL_INVALID_OPERATION: glDrawElements: Must have element array buffer bound. @ http://localhost:8080/:0
[24057939ms] [WARNING] [.WebGL-0x1ff403b51500] GL_INVALID_OPERATION: glDrawElements: Must have element array buffer bound. @ http://localhost:8080/:0
[24057979ms] [WARNING] [.WebGL-0x1ff403b51500] GL_INVALID_OPERATION: glDrawElements: Must have element array buffer bound. @ http://localhost:8080/:0
[24058018ms] [WARNING] [.WebGL-0x1ff403b51500] GL_INVALID_OPERATION: glDrawElements: Must have element array buffer bound. @ http://localhost:8080/:0
[24058059ms] [WARNING] [.WebGL-0x1ff403b51500] GL_INVALID_OPERATION: glDrawElements: Must have element array buffer bound. @ http://localhost:8080/:0
[24058097ms] [WARNING] [.WebGL-0x1ff403b51500] GL_INVALID_OPERATION: glDrawElements: Must have element array buffer bound. @ http://localhost:8080/:0
[24058140ms] [WARNING] [.WebGL-0x1ff403b51500] GL_INVALID_OPERATION: glDrawElements: Must have element array buffer bound. @ http://localhost:8080/:0
[24058186ms] [WARNING] [.WebGL-0x1ff403b51500] GL_INVALID_OPERATION: glDrawElements: Must have element array buffer bound. @ http://localhost:8080/:0
[24058234ms] [WARNING] [.WebGL-0x1ff403b51500] GL_INVALID_OPERATION: glDrawElements: Must have element array buffer bound. @ http://localhost:8080/:0
[24058380ms] [WARNING] [.WebGL-0x1ff403b51500] GL_INVALID_OPERATION: glDrawElements: Must have element array buffer bound. @ http://localhost:8080/:0
[24058380ms] [WARNING] [.WebGL-0x1ff403b51500] GL_INVALID_OPERATION: glDrawElements: Must have element array buffer bound. @ http://localhost:8080/:0
[24058380ms] [WARNING] [.WebGL-0x1ff403b51500] GL_INVALID_OPERATION: glDrawElements: Must have element array buffer bound. @ http://localhost:8080/:0
[24058432ms] [WARNING] [.WebGL-0x1ff403b51500] GL_INVALID_OPERATION: glDrawElements: Must have element array buffer bound. @ http://localhost:8080/:0
[24058478ms] [WARNING] [.WebGL-0x1ff403b51500] GL_INVALID_OPERATION: glDrawElements: Must have element array buffer bound. @ http://localhost:8080/:0
[24058543ms] [WARNING] [.WebGL-0x1ff403b51500] GL_INVALID_OPERATION: glDrawElements: Must have element array buffer bound. @ http://localhost:8080/:0
[24058596ms] [WARNING] [.WebGL-0x1ff403b51500] GL_INVALID_OPERATION: glDrawElements: Must have element array buffer bound. @ http://localhost:8080/:0
[24058658ms] [WARNING] [.WebGL-0x1ff403b51500] GL_INVALID_OPERATION: glDrawElements: Must have element array buffer bound. @ http://localhost:8080/:0
[24058712ms] [WARNING] [.WebGL-0x1ff403b51500] GL_INVALID_OPERATION: glDrawElements: Must have element array buffer bound. @ http://localhost:8080/:0
[24058761ms] [WARNING] [.WebGL-0x1ff403b51500] GL_INVALID_OPERATION: glDrawElements: Must have element array buffer bound. @ http://localhost:8080/:0
[24058808ms] [WARNING] [.WebGL-0x1ff403b51500] GL_INVALID_OPERATION: glDrawElements: Must have element array buffer bound. @ http://localhost:8080/:0
[24058854ms] [WARNING] [.WebGL-0x1ff403b51500] GL_INVALID_OPERATION: glDrawElements: Must have element array buffer bound. @ http://localhost:8080/:0
[24058904ms] [WARNING] [.WebGL-0x1ff403b51500] GL_INVALID_OPERATION: glDrawElements: Must have element array buffer bound. @ http://localhost:8080/:0
[24058947ms] [WARNING] [.WebGL-0x1ff403b51500] GL_INVALID_OPERATION: glDrawElements: Must have element array buffer bound. @ http://localhost:8080/:0
[24058990ms] [WARNING] [.WebGL-0x1ff403b51500] GL_INVALID_OPERATION: glDrawElements: Must have element array buffer bound. @ http://localhost:8080/:0
[24059032ms] [WARNING] [.WebGL-0x1ff403b51500] GL_INVALID_OPERATION: glDrawElements: Must have element array buffer bound. @ http://localhost:8080/:0
[24059083ms] [WARNING] [.WebGL-0x1ff403b51500] GL_INVALID_OPERATION: glDrawElements: Must have element array buffer bound. @ http://localhost:8080/:0
[24059151ms] [WARNING] [.WebGL-0x1ff403b51500] GL_INVALID_OPERATION: glDrawElements: Must have element array buffer bound. @ http://localhost:8080/:0
[24059203ms] [WARNING] [.WebGL-0x1ff403b51500] GL_INVALID_OPERATION: glDrawElements: Must have element array buffer bound. @ http://localhost:8080/:0
[24059253ms] [WARNING] [.WebGL-0x1ff403b51500] GL_INVALID_OPERATION: glDrawElements: Must have element array buffer bound. @ http://localhost:8080/:0
[24059305ms] [WARNING] [.WebGL-0x1ff403b51500] GL_INVALID_OPERATION: glDrawElements: Must have element array buffer bound. @ http://localhost:8080/:0
[24059348ms] [WARNING] [.WebGL-0x1ff403b51500] GL_INVALID_OPERATION: glDrawElements: Must have element array buffer bound. @ http://localhost:8080/:0
[24059387ms] [WARNING] [.WebGL-0x1ff403b51500] GL_INVALID_OPERATION: glDrawElements: Must have element array buffer bound. @ http://localhost:8080/:0
[24059429ms] [WARNING] [.WebGL-0x1ff403b51500] GL_INVALID_OPERATION: glDrawElements: Must have element array buffer bound. @ http://localhost:8080/:0
[24059470ms] [WARNING] [.WebGL-0x1ff403b51500] GL_INVALID_OPERATION: glDrawElements: Must have element array buffer bound. @ http://localhost:8080/:0
[24059514ms] [WARNING] [.WebGL-0x1ff403b51500] GL_INVALID_OPERATION: glDrawElements: Must have element array buffer bound. @ http://localhost:8080/:0
[24059556ms] [WARNING] [.WebGL-0x1ff403b51500] GL_INVALID_OPERATION: glDrawElements: Must have element array buffer bound. @ http://localhost:8080/:0
[24059599ms] [WARNING] [.WebGL-0x1ff403b51500] GL_INVALID_OPERATION: glDrawElements: Must have element array buffer bound. @ http://localhost:8080/:0
[24059645ms] [WARNING] [.WebGL-0x1ff403b51500] GL_INVALID_OPERATION: glDrawElements: Must have element array buffer bound. @ http://localhost:8080/:0
[24059694ms] [WARNING] [.WebGL-0x1ff403b51500] GL_INVALID_OPERATION: glDrawElements: Must have element array buffer bound. @ http://localhost:8080/:0
[24059739ms] [WARNING] [.WebGL-0x1ff403b51500] GL_INVALID_OPERATION: glDrawElements: Must have element array buffer bound. @ http://localhost:8080/:0
[24059783ms] [WARNING] [.WebGL-0x1ff403b51500] GL_INVALID_OPERATION: glDrawElements: Must have element array buffer bound. @ http://localhost:8080/:0
[24059832ms] [WARNING] [.WebGL-0x1ff403b51500] GL_INVALID_OPERATION: glDrawElements: Must have element array buffer bound. @ http://localhost:8080/:0
[24059885ms] [WARNING] [.WebGL-0x1ff403b51500] GL_INVALID_OPERATION: glDrawElements: Must have element array buffer bound. @ http://localhost:8080/:0
[24059936ms] [WARNING] [.WebGL-0x1ff403b51500] GL_INVALID_OPERATION: glDrawElements: Must have element array buffer bound. @ http://localhost:8080/:0
[24059988ms] [WARNING] [.WebGL-0x1ff403b51500] GL_INVALID_OPERATION: glDrawElements: Must have element array buffer bound. @ http://localhost:8080/:0
[24060037ms] [WARNING] [.WebGL-0x1ff403b51500] GL_INVALID_OPERATION: glDrawElements: Must have element array buffer bound. @ http://localhost:8080/:0
[24060086ms] [WARNING] [.WebGL-0x1ff403b51500] GL_INVALID_OPERATION: glDrawElements: Must have element array buffer bound. @ http://localhost:8080/:0
[24060135ms] [WARNING] [.WebGL-0x1ff403b51500] GL_INVALID_OPERATION: glDrawElements: Must have element array buffer bound. @ http://localhost:8080/:0
[24060185ms] [WARNING] [.WebGL-0x1ff403b51500] GL_INVALID_OPERATION: glDrawElements: Must have element array buffer bound. @ http://localhost:8080/:0
[24060234ms] [WARNING] [.WebGL-0x1ff403b51500] GL_INVALID_OPERATION: glDrawElements: Must have element array buffer bound. @ http://localhost:8080/:0
[24060282ms] [WARNING] [.WebGL-0x1ff403b51500] GL_INVALID_OPERATION: glDrawElements: Must have element array buffer bound. @ http://localhost:8080/:0
[24060334ms] [WARNING] [.WebGL-0x1ff403b51500] GL_INVALID_OPERATION: glDrawElements: Must have element array buffer bound. @ http://localhost:8080/:0
[24060384ms] [WARNING] [.WebGL-0x1ff403b51500] GL_INVALID_OPERATION: glDrawElements: Must have element array buffer bound. @ http://localhost:8080/:0
[24060434ms] [WARNING] [.WebGL-0x1ff403b51500] GL_INVALID_OPERATION: glDrawElements: Must have element array buffer bound. @ http://localhost:8080/:0
[24060485ms] [WARNING] [.WebGL-0x1ff403b51500] GL_INVALID_OPERATION: glDrawElements: Must have element array buffer bound. @ http://localhost:8080/:0
[24060541ms] [WARNING] [.WebGL-0x1ff403b51500] GL_INVALID_OPERATION: glDrawElements: Must have element array buffer bound. @ http://localhost:8080/:0
[24060593ms] [WARNING] [.WebGL-0x1ff403b51500] GL_INVALID_OPERATION: glDrawElements: Must have element array buffer bound. @ http://localhost:8080/:0
[24060645ms] [WARNING] [.WebGL-0x1ff403b51500] GL_INVALID_OPERATION: glDrawElements: Must have element array buffer bound. @ http://localhost:8080/:0
[24060645ms] [WARNING] WebGL: too many errors, no more errors will be reported to the console for this context. @ http://localhost:8080/:0
[25169074ms] [WARNING] [.WebGL-0x1ff413a40000] GL_INVALID_OPERATION: glDrawElements: Must have element array buffer bound. @ http://localhost:8080/:0
[25169168ms] [WARNING] [.WebGL-0x1ff413a40000] GL_INVALID_OPERATION: glDrawElements: Must have element array buffer bound. @ http://localhost:8080/:0
[25169228ms] [WARNING] [.WebGL-0x1ff413a40000] GL_INVALID_OPERATION: glDrawElements: Must have element array buffer bound. @ http://localhost:8080/:0
[25169282ms] [WARNING] [.WebGL-0x1ff413a40000] GL_INVALID_OPERATION: glDrawElements: Must have element array buffer bound. @ http://localhost:8080/:0
[25169330ms] [WARNING] [.WebGL-0x1ff413a40000] GL_INVALID_OPERATION: glDrawElements: Must have element array buffer bound. @ http://localhost:8080/:0
[25169372ms] [WARNING] [.WebGL-0x1ff413a40000] GL_INVALID_OPERATION: glDrawElements: Must have element array buffer bound. @ http://localhost:8080/:0
[25169415ms] [WARNING] [.WebGL-0x1ff413a40000] GL_INVALID_OPERATION: glDrawElements: Must have element array buffer bound. @ http://localhost:8080/:0
[25169454ms] [WARNING] [.WebGL-0x1ff413a40000] GL_INVALID_OPERATION: glDrawElements: Must have element array buffer bound. @ http://localhost:8080/:0
[25169492ms] [WARNING] [.WebGL-0x1ff413a40000] GL_INVALID_OPERATION: glDrawElements: Must have element array buffer bound. @ http://localhost:8080/:0
[25169529ms] [WARNING] [.WebGL-0x1ff413a40000] GL_INVALID_OPERATION: glDrawElements: Must have element array buffer bound. @ http://localhost:8080/:0
[25169569ms] [WARNING] [.WebGL-0x1ff413a40000] GL_INVALID_OPERATION: glDrawElements: Must have element array buffer bound. @ http://localhost:8080/:0
[25169607ms] [WARNING] [.WebGL-0x1ff413a40000] GL_INVALID_OPERATION: glDrawElements: Must have element array buffer bound. @ http://localhost:8080/:0
[25169649ms] [WARNING] [.WebGL-0x1ff413a40000] GL_INVALID_OPERATION: glDrawElements: Must have element array buffer bound. @ http://localhost:8080/:0
[25169688ms] [WARNING] [.WebGL-0x1ff413a40000] GL_INVALID_OPERATION: glDrawElements: Must have element array buffer bound. @ http://localhost:8080/:0
[25169732ms] [WARNING] [.WebGL-0x1ff413a40000] GL_INVALID_OPERATION: glDrawElements: Must have element array buffer bound. @ http://localhost:8080/:0
[25169778ms] [WARNING] [.WebGL-0x1ff413a40000] GL_INVALID_OPERATION: glDrawElements: Must have element array buffer bound. @ http://localhost:8080/:0
[25169821ms] [WARNING] [.WebGL-0x1ff413a40000] GL_INVALID_OPERATION: glDrawElements: Must have element array buffer bound. @ http://localhost:8080/:0
[25169871ms] [WARNING] [.WebGL-0x1ff413a40000] GL_INVALID_OPERATION: glDrawElements: Must have element array buffer bound. @ http://localhost:8080/:0
[25169915ms] [WARNING] [.WebGL-0x1ff413a40000] GL_INVALID_OPERATION: glDrawElements: Must have element array buffer bound. @ http://localhost:8080/:0
[25169958ms] [WARNING] [.WebGL-0x1ff413a40000] GL_INVALID_OPERATION: glDrawElements: Must have element array buffer bound. @ http://localhost:8080/:0
[25170002ms] [WARNING] [.WebGL-0x1ff413a40000] GL_INVALID_OPERATION: glDrawElements: Must have element array buffer bound. @ http://localhost:8080/:0
[25170046ms] [WARNING] [.WebGL-0x1ff413a40000] GL_INVALID_OPERATION: glDrawElements: Must have element array buffer bound. @ http://localhost:8080/:0
[25170092ms] [WARNING] [.WebGL-0x1ff413a40000] GL_INVALID_OPERATION: glDrawElements: Must have element array buffer bound. @ http://localhost:8080/:0
[25170135ms] [WARNING] [.WebGL-0x1ff413a40000] GL_INVALID_OPERATION: glDrawElements: Must have element array buffer bound. @ http://localhost:8080/:0
[25170179ms] [WARNING] [.WebGL-0x1ff413a40000] GL_INVALID_OPERATION: glDrawElements: Must have element array buffer bound. @ http://localhost:8080/:0
[25170222ms] [WARNING] [.WebGL-0x1ff413a40000] GL_INVALID_OPERATION: glDrawElements: Must have element array buffer bound. @ http://localhost:8080/:0
[25170264ms] [WARNING] [.WebGL-0x1ff413a40000] GL_INVALID_OPERATION: glDrawElements: Must have element array buffer bound. @ http://localhost:8080/:0
[25170306ms] [WARNING] [.WebGL-0x1ff413a40000] GL_INVALID_OPERATION: glDrawElements: Must have element array buffer bound. @ http://localhost:8080/:0
[25170349ms] [WARNING] [.WebGL-0x1ff413a40000] GL_INVALID_OPERATION: glDrawElements: Must have element array buffer bound. @ http://localhost:8080/:0
[25170392ms] [WARNING] [.WebGL-0x1ff413a40000] GL_INVALID_OPERATION: glDrawElements: Must have element array buffer bound. @ http://localhost:8080/:0
[25170439ms] [WARNING] [.WebGL-0x1ff413a40000] GL_INVALID_OPERATION: glDrawElements: Must have element array buffer bound. @ http://localhost:8080/:0
[25170483ms] [WARNING] [.WebGL-0x1ff413a40000] GL_INVALID_OPERATION: glDrawElements: Must have element array buffer bound. @ http://localhost:8080/:0
[25170525ms] [WARNING] [.WebGL-0x1ff413a40000] GL_INVALID_OPERATION: glDrawElements: Must have element array buffer bound. @ http://localhost:8080/:0
[25170566ms] [WARNING] [.WebGL-0x1ff413a40000] GL_INVALID_OPERATION: glDrawElements: Must have element array buffer bound. @ http://localhost:8080/:0
[25170610ms] [WARNING] [.WebGL-0x1ff413a40000] GL_INVALID_OPERATION: glDrawElements: Must have element array buffer bound. @ http://localhost:8080/:0
[25170654ms] [WARNING] [.WebGL-0x1ff413a40000] GL_INVALID_OPERATION: glDrawElements: Must have element array buffer bound. @ http://localhost:8080/:0
[25170698ms] [WARNING] [.WebGL-0x1ff413a40000] GL_INVALID_OPERATION: glDrawElements: Must have element array buffer bound. @ http://localhost:8080/:0
[25170740ms] [WARNING] [.WebGL-0x1ff413a40000] GL_INVALID_OPERATION: glDrawElements: Must have element array buffer bound. @ http://localhost:8080/:0
[25170781ms] [WARNING] [.WebGL-0x1ff413a40000] GL_INVALID_OPERATION: glDrawElements: Must have element array buffer bound. @ http://localhost:8080/:0
[25170822ms] [WARNING] [.WebGL-0x1ff413a40000] GL_INVALID_OPERATION: glDrawElements: Must have element array buffer bound. @ http://localhost:8080/:0
[25170863ms] [WARNING] [.WebGL-0x1ff413a40000] GL_INVALID_OPERATION: glDrawElements: Must have element array buffer bound. @ http://localhost:8080/:0
[25170905ms] [WARNING] [.WebGL-0x1ff413a40000] GL_INVALID_OPERATION: glDrawElements: Must have element array buffer bound. @ http://localhost:8080/:0
[25170993ms] [WARNING] [.WebGL-0x1ff413a40000] GL_INVALID_OPERATION: glDrawElements: Must have element array buffer bound. @ http://localhost:8080/:0
[25170993ms] [WARNING] [.WebGL-0x1ff413a40000] GL_INVALID_OPERATION: glDrawElements: Must have element array buffer bound. @ http://localhost:8080/:0
[25171033ms] [WARNING] [.WebGL-0x1ff413a40000] GL_INVALID_OPERATION: glDrawElements: Must have element array buffer bound. @ http://localhost:8080/:0
[25171074ms] [WARNING] [.WebGL-0x1ff413a40000] GL_INVALID_OPERATION: glDrawElements: Must have element array buffer bound. @ http://localhost:8080/:0
[25171114ms] [WARNING] [.WebGL-0x1ff413a40000] GL_INVALID_OPERATION: glDrawElements: Must have element array buffer bound. @ http://localhost:8080/:0
[25171155ms] [WARNING] [.WebGL-0x1ff413a40000] GL_INVALID_OPERATION: glDrawElements: Must have element array buffer bound. @ http://localhost:8080/:0
[25171198ms] [WARNING] [.WebGL-0x1ff413a40000] GL_INVALID_OPERATION: glDrawElements: Must have element array buffer bound. @ http://localhost:8080/:0
[25171239ms] [WARNING] [.WebGL-0x1ff413a40000] GL_INVALID_OPERATION: glDrawElements: Must have element array buffer bound. @ http://localhost:8080/:0
[25171278ms] [WARNING] [.WebGL-0x1ff413a40000] GL_INVALID_OPERATION: glDrawElements: Must have element array buffer bound. @ http://localhost:8080/:0
[25171318ms] [WARNING] [.WebGL-0x1ff413a40000] GL_INVALID_OPERATION: glDrawElements: Must have element array buffer bound. @ http://localhost:8080/:0
[25171359ms] [WARNING] [.WebGL-0x1ff413a40000] GL_INVALID_OPERATION: glDrawElements: Must have element array buffer bound. @ http://localhost:8080/:0
[25171400ms] [WARNING] [.WebGL-0x1ff413a40000] GL_INVALID_OPERATION: glDrawElements: Must have element array buffer bound. @ http://localhost:8080/:0
[25171481ms] [WARNING] [.WebGL-0x1ff413a40000] GL_INVALID_OPERATION: glDrawElements: Must have element array buffer bound. @ http://localhost:8080/:0
[25171482ms] [WARNING] [.WebGL-0x1ff413a40000] GL_INVALID_OPERATION: glDrawElements: Must have element array buffer bound. @ http://localhost:8080/:0
[25171521ms] [WARNING] [.WebGL-0x1ff413a40000] GL_INVALID_OPERATION: glDrawElements: Must have element array buffer bound. @ http://localhost:8080/:0
[25171562ms] [WARNING] [.WebGL-0x1ff413a40000] GL_INVALID_OPERATION: glDrawElements: Must have element array buffer bound. @ http://localhost:8080/:0
[25171603ms] [WARNING] [.WebGL-0x1ff413a40000] GL_INVALID_OPERATION: glDrawElements: Must have element array buffer bound. @ http://localhost:8080/:0
[25171646ms] [WARNING] [.WebGL-0x1ff413a40000] GL_INVALID_OPERATION: glDrawElements: Must have element array buffer bound. @ http://localhost:8080/:0
[25171688ms] [WARNING] [.WebGL-0x1ff413a40000] GL_INVALID_OPERATION: glDrawElements: Must have element array buffer bound. @ http://localhost:8080/:0
[25171731ms] [WARNING] [.WebGL-0x1ff413a40000] GL_INVALID_OPERATION: glDrawElements: Must have element array buffer bound. @ http://localhost:8080/:0
[25171772ms] [WARNING] [.WebGL-0x1ff413a40000] GL_INVALID_OPERATION: glDrawElements: Must have element array buffer bound. @ http://localhost:8080/:0
[25171812ms] [WARNING] [.WebGL-0x1ff413a40000] GL_INVALID_OPERATION: glDrawElements: Must have element array buffer bound. @ http://localhost:8080/:0
[25171853ms] [WARNING] [.WebGL-0x1ff413a40000] GL_INVALID_OPERATION: glDrawElements: Must have element array buffer bound. @ http://localhost:8080/:0
[25171893ms] [WARNING] [.WebGL-0x1ff413a40000] GL_INVALID_OPERATION: glDrawElements: Must have element array buffer bound. @ http://localhost:8080/:0
[25171932ms] [WARNING] [.WebGL-0x1ff413a40000] GL_INVALID_OPERATION: glDrawElements: Must have element array buffer bound. @ http://localhost:8080/:0
[25171974ms] [WARNING] [.WebGL-0x1ff413a40000] GL_INVALID_OPERATION: glDrawElements: Must have element array buffer bound. @ http://localhost:8080/:0
[25172015ms] [WARNING] [.WebGL-0x1ff413a40000] GL_INVALID_OPERATION: glDrawElements: Must have element array buffer bound. @ http://localhost:8080/:0
[25172056ms] [WARNING] [.WebGL-0x1ff413a40000] GL_INVALID_OPERATION: glDrawElements: Must have element array buffer bound. @ http://localhost:8080/:0
[25172097ms] [WARNING] [.WebGL-0x1ff413a40000] GL_INVALID_OPERATION: glDrawElements: Must have element array buffer bound. @ http://localhost:8080/:0
[25172137ms] [WARNING] [.WebGL-0x1ff413a40000] GL_INVALID_OPERATION: glDrawElements: Must have element array buffer bound. @ http://localhost:8080/:0
[25172177ms] [WARNING] [.WebGL-0x1ff413a40000] GL_INVALID_OPERATION: glDrawElements: Must have element array buffer bound. @ http://localhost:8080/:0
[25172220ms] [WARNING] [.WebGL-0x1ff413a40000] GL_INVALID_OPERATION: glDrawElements: Must have element array buffer bound. @ http://localhost:8080/:0
[25172260ms] [WARNING] [.WebGL-0x1ff413a40000] GL_INVALID_OPERATION: glDrawElements: Must have element array buffer bound. @ http://localhost:8080/:0
[25172300ms] [WARNING] [.WebGL-0x1ff413a40000] GL_INVALID_OPERATION: glDrawElements: Must have element array buffer bound. @ http://localhost:8080/:0
[25172340ms] [WARNING] [.WebGL-0x1ff413a40000] GL_INVALID_OPERATION: glDrawElements: Must have element array buffer bound. @ http://localhost:8080/:0
[25172380ms] [WARNING] [.WebGL-0x1ff413a40000] GL_INVALID_OPERATION: glDrawElements: Must have element array buffer bound. @ http://localhost:8080/:0
[25172420ms] [WARNING] [.WebGL-0x1ff413a40000] GL_INVALID_OPERATION: glDrawElements: Must have element array buffer bound. @ http://localhost:8080/:0
[25172459ms] [WARNING] [.WebGL-0x1ff413a40000] GL_INVALID_OPERATION: glDrawElements: Must have element array buffer bound. @ http://localhost:8080/:0
[25172499ms] [WARNING] [.WebGL-0x1ff413a40000] GL_INVALID_OPERATION: glDrawElements: Must have element array buffer bound. @ http://localhost:8080/:0
[25172538ms] [WARNING] [.WebGL-0x1ff413a40000] GL_INVALID_OPERATION: glDrawElements: Must have element array buffer bound. @ http://localhost:8080/:0
[25172578ms] [WARNING] [.WebGL-0x1ff413a40000] GL_INVALID_OPERATION: glDrawElements: Must have element array buffer bound. @ http://localhost:8080/:0
[25172619ms] [WARNING] [.WebGL-0x1ff413a40000] GL_INVALID_OPERATION: glDrawElements: Must have element array buffer bound. @ http://localhost:8080/:0
[25172661ms] [WARNING] [.WebGL-0x1ff413a40000] GL_INVALID_OPERATION: glDrawElements: Must have element array buffer bound. @ http://localhost:8080/:0
[25172701ms] [WARNING] [.WebGL-0x1ff413a40000] GL_INVALID_OPERATION: glDrawElements: Must have element array buffer bound. @ http://localhost:8080/:0
[25172785ms] [WARNING] [.WebGL-0x1ff413a40000] GL_INVALID_OPERATION: glDrawElements: Must have element array buffer bound. @ http://localhost:8080/:0
[25172785ms] [WARNING] [.WebGL-0x1ff413a40000] GL_INVALID_OPERATION: glDrawElements: Must have element array buffer bound. @ http://localhost:8080/:0
[25172826ms] [WARNING] [.WebGL-0x1ff413a40000] GL_INVALID_OPERATION: glDrawElements: Must have element array buffer bound. @ http://localhost:8080/:0
[25172872ms] [WARNING] [.WebGL-0x1ff413a40000] GL_INVALID_OPERATION: glDrawElements: Must have element array buffer bound. @ http://localhost:8080/:0
[25172913ms] [WARNING] [.WebGL-0x1ff413a40000] GL_INVALID_OPERATION: glDrawElements: Must have element array buffer bound. @ http://localhost:8080/:0
[25172955ms] [WARNING] [.WebGL-0x1ff413a40000] GL_INVALID_OPERATION: glDrawElements: Must have element array buffer bound. @ http://localhost:8080/:0
[25172996ms] [WARNING] [.WebGL-0x1ff413a40000] GL_INVALID_OPERATION: glDrawElements: Must have element array buffer bound. @ http://localhost:8080/:0
[25173037ms] [WARNING] [.WebGL-0x1ff413a40000] GL_INVALID_OPERATION: glDrawElements: Must have element array buffer bound. @ http://localhost:8080/:0
[25173117ms] [WARNING] [.WebGL-0x1ff413a40000] GL_INVALID_OPERATION: glDrawElements: Must have element array buffer bound. @ http://localhost:8080/:0
[25173117ms] [WARNING] [.WebGL-0x1ff413a40000] GL_INVALID_OPERATION: glDrawElements: Must have element array buffer bound. @ http://localhost:8080/:0
[25173161ms] [WARNING] [.WebGL-0x1ff413a40000] GL_INVALID_OPERATION: glDrawElements: Must have element array buffer bound. @ http://localhost:8080/:0
[25173203ms] [WARNING] [.WebGL-0x1ff413a40000] GL_INVALID_OPERATION: glDrawElements: Must have element array buffer bound. @ http://localhost:8080/:0
[25173251ms] [WARNING] [.WebGL-0x1ff413a40000] GL_INVALID_OPERATION: glDrawElements: Must have element array buffer bound. @ http://localhost:8080/:0
[25173342ms] [WARNING] [.WebGL-0x1ff413a40000] GL_INVALID_OPERATION: glDrawElements: Must have element array buffer bound. @ http://localhost:8080/:0
[25173342ms] [WARNING] [.WebGL-0x1ff413a40000] GL_INVALID_OPERATION: glDrawElements: Must have element array buffer bound. @ http://localhost:8080/:0
[25173386ms] [WARNING] [.WebGL-0x1ff413a40000] GL_INVALID_OPERATION: glDrawElements: Must have element array buffer bound. @ http://localhost:8080/:0
[25173431ms] [WARNING] [.WebGL-0x1ff413a40000] GL_INVALID_OPERATION: glDrawElements: Must have element array buffer bound. @ http://localhost:8080/:0
[25173477ms] [WARNING] [.WebGL-0x1ff413a40000] GL_INVALID_OPERATION: glDrawElements: Must have element array buffer bound. @ http://localhost:8080/:0
[25173527ms] [WARNING] [.WebGL-0x1ff413a40000] GL_INVALID_OPERATION: glDrawElements: Must have element array buffer bound. @ http://localhost:8080/:0
[25173575ms] [WARNING] [.WebGL-0x1ff413a40000] GL_INVALID_OPERATION: glDrawElements: Must have element array buffer bound. @ http://localhost:8080/:0
[25173624ms] [WARNING] [.WebGL-0x1ff413a40000] GL_INVALID_OPERATION: glDrawElements: Must have element array buffer bound. @ http://localhost:8080/:0
[25173675ms] [WARNING] [.WebGL-0x1ff413a40000] GL_INVALID_OPERATION: glDrawElements: Must have element array buffer bound. @ http://localhost:8080/:0
[25173730ms] [WARNING] [.WebGL-0x1ff413a40000] GL_INVALID_OPERATION: glDrawElements: Must have element array buffer bound. @ http://localhost:8080/:0
[25173894ms] [WARNING] [.WebGL-0x1ff413a40000] GL_INVALID_OPERATION: glDrawElements: Must have element array buffer bound. @ http://localhost:8080/:0
[25173894ms] [WARNING] [.WebGL-0x1ff413a40000] GL_INVALID_OPERATION: glDrawElements: Must have element array buffer bound. @ http://localhost:8080/:0
[25173894ms] [WARNING] [.WebGL-0x1ff413a40000] GL_INVALID_OPERATION: glDrawElements: Must have element array buffer bound. @ http://localhost:8080/:0
[25173946ms] [WARNING] [.WebGL-0x1ff413a40000] GL_INVALID_OPERATION: glDrawElements: Must have element array buffer bound. @ http://localhost:8080/:0
[25173999ms] [WARNING] [.WebGL-0x1ff413a40000] GL_INVALID_OPERATION: glDrawElements: Must have element array buffer bound. @ http://localhost:8080/:0
[25174050ms] [WARNING] [.WebGL-0x1ff413a40000] GL_INVALID_OPERATION: glDrawElements: Must have element array buffer bound. @ http://localhost:8080/:0
[25174107ms] [WARNING] [.WebGL-0x1ff413a40000] GL_INVALID_OPERATION: glDrawElements: Must have element array buffer bound. @ http://localhost:8080/:0
[25174164ms] [WARNING] [.WebGL-0x1ff413a40000] GL_INVALID_OPERATION: glDrawElements: Must have element array buffer bound. @ http://localhost:8080/:0
[25174265ms] [WARNING] [.WebGL-0x1ff413a40000] GL_INVALID_OPERATION: glDrawElements: Must have element array buffer bound. @ http://localhost:8080/:0
[25174265ms] [WARNING] [.WebGL-0x1ff413a40000] GL_INVALID_OPERATION: glDrawElements: Must have element array buffer bound. @ http://localhost:8080/:0
[25174314ms] [WARNING] [.WebGL-0x1ff413a40000] GL_INVALID_OPERATION: glDrawElements: Must have element array buffer bound. @ http://localhost:8080/:0
[25174362ms] [WARNING] [.WebGL-0x1ff413a40000] GL_INVALID_OPERATION: glDrawElements: Must have element array buffer bound. @ http://localhost:8080/:0
[25174408ms] [WARNING] [.WebGL-0x1ff413a40000] GL_INVALID_OPERATION: glDrawElements: Must have element array buffer bound. @ http://localhost:8080/:0
[25174456ms] [WARNING] [.WebGL-0x1ff413a40000] GL_INVALID_OPERATION: glDrawElements: Must have element array buffer bound. @ http://localhost:8080/:0
[25174594ms] [WARNING] [.WebGL-0x1ff413a40000] GL_INVALID_OPERATION: glDrawElements: Must have element array buffer bound. @ http://localhost:8080/:0
[25174594ms] [WARNING] [.WebGL-0x1ff413a40000] GL_INVALID_OPERATION: glDrawElements: Must have element array buffer bound. @ http://localhost:8080/:0
[25174594ms] [WARNING] [.WebGL-0x1ff413a40000] GL_INVALID_OPERATION: glDrawElements: Must have element array buffer bound. @ http://localhost:8080/:0
[25174643ms] [WARNING] [.WebGL-0x1ff413a40000] GL_INVALID_OPERATION: glDrawElements: Must have element array buffer bound. @ http://localhost:8080/:0
[25174735ms] [WARNING] [.WebGL-0x1ff413a40000] GL_INVALID_OPERATION: glDrawElements: Must have element array buffer bound. @ http://localhost:8080/:0
[25174736ms] [WARNING] [.WebGL-0x1ff413a40000] GL_INVALID_OPERATION: glDrawElements: Must have element array buffer bound. @ http://localhost:8080/:0
[25174779ms] [WARNING] [.WebGL-0x1ff413a40000] GL_INVALID_OPERATION: glDrawElements: Must have element array buffer bound. @ http://localhost:8080/:0
[25174828ms] [WARNING] [.WebGL-0x1ff413a40000] GL_INVALID_OPERATION: glDrawElements: Must have element array buffer bound. @ http://localhost:8080/:0
[25174871ms] [WARNING] [.WebGL-0x1ff413a40000] GL_INVALID_OPERATION: glDrawElements: Must have element array buffer bound. @ http://localhost:8080/:0
[25174914ms] [WARNING] [.WebGL-0x1ff413a40000] GL_INVALID_OPERATION: glDrawElements: Must have element array buffer bound. @ http://localhost:8080/:0
[25174956ms] [WARNING] [.WebGL-0x1ff413a40000] GL_INVALID_OPERATION: glDrawElements: Must have element array buffer bound. @ http://localhost:8080/:0
[25174997ms] [WARNING] [.WebGL-0x1ff413a40000] GL_INVALID_OPERATION: glDrawElements: Must have element array buffer bound. @ http://localhost:8080/:0
[25175039ms] [WARNING] [.WebGL-0x1ff413a40000] GL_INVALID_OPERATION: glDrawElements: Must have element array buffer bound. @ http://localhost:8080/:0
[25175081ms] [WARNING] [.WebGL-0x1ff413a40000] GL_INVALID_OPERATION: glDrawElements: Must have element array buffer bound. @ http://localhost:8080/:0
[25175125ms] [WARNING] [.WebGL-0x1ff413a40000] GL_INVALID_OPERATION: glDrawElements: Must have element array buffer bound. @ http://localhost:8080/:0
[25175165ms] [WARNING] [.WebGL-0x1ff413a40000] GL_INVALID_OPERATION: glDrawElements: Must have element array buffer bound. @ http://localhost:8080/:0
[25175208ms] [WARNING] [.WebGL-0x1ff413a40000] GL_INVALID_OPERATION: glDrawElements: Must have element array buffer bound. @ http://localhost:8080/:0
[25175252ms] [WARNING] [.WebGL-0x1ff413a40000] GL_INVALID_OPERATION: glDrawElements: Must have element array buffer bound. @ http://localhost:8080/:0
[25175298ms] [WARNING] [.WebGL-0x1ff413a40000] GL_INVALID_OPERATION: glDrawElements: Must have element array buffer bound. @ http://localhost:8080/:0
[25175389ms] [WARNING] [.WebGL-0x1ff413a40000] GL_INVALID_OPERATION: glDrawElements: Must have element array buffer bound. @ http://localhost:8080/:0
[25175389ms] [WARNING] [.WebGL-0x1ff413a40000] GL_INVALID_OPERATION: glDrawElements: Must have element array buffer bound. @ http://localhost:8080/:0
[25175433ms] [WARNING] [.WebGL-0x1ff413a40000] GL_INVALID_OPERATION: glDrawElements: Must have element array buffer bound. @ http://localhost:8080/:0
[25175478ms] [WARNING] [.WebGL-0x1ff413a40000] GL_INVALID_OPERATION: glDrawElements: Must have element array buffer bound. @ http://localhost:8080/:0
[25175523ms] [WARNING] [.WebGL-0x1ff413a40000] GL_INVALID_OPERATION: glDrawElements: Must have element array buffer bound. @ http://localhost:8080/:0
[25175569ms] [WARNING] [.WebGL-0x1ff413a40000] GL_INVALID_OPERATION: glDrawElements: Must have element array buffer bound. @ http://localhost:8080/:0
[25175617ms] [WARNING] [.WebGL-0x1ff413a40000] GL_INVALID_OPERATION: glDrawElements: Must have element array buffer bound. @ http://localhost:8080/:0
[25175663ms] [WARNING] [.WebGL-0x1ff413a40000] GL_INVALID_OPERATION: glDrawElements: Must have element array buffer bound. @ http://localhost:8080/:0
[25175709ms] [WARNING] [.WebGL-0x1ff413a40000] GL_INVALID_OPERATION: glDrawElements: Must have element array buffer bound. @ http://localhost:8080/:0
[25175752ms] [WARNING] [.WebGL-0x1ff413a40000] GL_INVALID_OPERATION: glDrawElements: Must have element array buffer bound. @ http://localhost:8080/:0
[25175797ms] [WARNING] [.WebGL-0x1ff413a40000] GL_INVALID_OPERATION: glDrawElements: Must have element array buffer bound. @ http://localhost:8080/:0
[25175843ms] [WARNING] [.WebGL-0x1ff413a40000] GL_INVALID_OPERATION: glDrawElements: Must have element array buffer bound. @ http://localhost:8080/:0
[25176260ms] [WARNING] [.WebGL-0x1ff413a40000] GL_INVALID_OPERATION: glDrawElements: Must have element array buffer bound. @ http://localhost:8080/:0
[25176260ms] [WARNING] [.WebGL-0x1ff413a40000] GL_INVALID_OPERATION: glDrawElements: Must have element array buffer bound. @ http://localhost:8080/:0
[25176260ms] [WARNING] [.WebGL-0x1ff413a40000] GL_INVALID_OPERATION: glDrawElements: Must have element array buffer bound. @ http://localhost:8080/:0
[25176260ms] [WARNING] [.WebGL-0x1ff413a40000] GL_INVALID_OPERATION: glDrawElements: Must have element array buffer bound. @ http://localhost:8080/:0
[25176260ms] [WARNING] [.WebGL-0x1ff413a40000] GL_INVALID_OPERATION: glDrawElements: Must have element array buffer bound. @ http://localhost:8080/:0
[25176260ms] [WARNING] [.WebGL-0x1ff413a40000] GL_INVALID_OPERATION: glDrawElements: Must have element array buffer bound. @ http://localhost:8080/:0
[25176260ms] [WARNING] [.WebGL-0x1ff413a40000] GL_INVALID_OPERATION: glDrawElements: Must have element array buffer bound. @ http://localhost:8080/:0
[25176260ms] [WARNING] [.WebGL-0x1ff413a40000] GL_INVALID_OPERATION: glDrawElements: Must have element array buffer bound. @ http://localhost:8080/:0
[25176260ms] [WARNING] [.WebGL-0x1ff413a40000] GL_INVALID_OPERATION: glDrawElements: Must have element array buffer bound. @ http://localhost:8080/:0
[25176308ms] [WARNING] [.WebGL-0x1ff413a40000] GL_INVALID_OPERATION: glDrawElements: Must have element array buffer bound. @ http://localhost:8080/:0
[25176355ms] [WARNING] [.WebGL-0x1ff413a40000] GL_INVALID_OPERATION: glDrawElements: Must have element array buffer bound. @ http://localhost:8080/:0
[25176400ms] [WARNING] [.WebGL-0x1ff413a40000] GL_INVALID_OPERATION: glDrawElements: Must have element array buffer bound. @ http://localhost:8080/:0
[25176445ms] [WARNING] [.WebGL-0x1ff413a40000] GL_INVALID_OPERATION: glDrawElements: Must have element array buffer bound. @ http://localhost:8080/:0
[25176490ms] [WARNING] [.WebGL-0x1ff413a40000] GL_INVALID_OPERATION: glDrawElements: Must have element array buffer bound. @ http://localhost:8080/:0
[25176537ms] [WARNING] [.WebGL-0x1ff413a40000] GL_INVALID_OPERATION: glDrawElements: Must have element array buffer bound. @ http://localhost:8080/:0
[25176585ms] [WARNING] [.WebGL-0x1ff413a40000] GL_INVALID_OPERATION: glDrawElements: Must have element array buffer bound. @ http://localhost:8080/:0
[25176632ms] [WARNING] [.WebGL-0x1ff413a40000] GL_INVALID_OPERATION: glDrawElements: Must have element array buffer bound. @ http://localhost:8080/:0
[25176729ms] [WARNING] [.WebGL-0x1ff413a40000] GL_INVALID_OPERATION: glDrawElements: Must have element array buffer bound. @ http://localhost:8080/:0
[25176729ms] [WARNING] [.WebGL-0x1ff413a40000] GL_INVALID_OPERATION: glDrawElements: Must have element array buffer bound. @ http://localhost:8080/:0
[25176776ms] [WARNING] [.WebGL-0x1ff413a40000] GL_INVALID_OPERATION: glDrawElements: Must have element array buffer bound. @ http://localhost:8080/:0
[25176822ms] [WARNING] [.WebGL-0x1ff413a40000] GL_INVALID_OPERATION: glDrawElements: Must have element array buffer bound. @ http://localhost:8080/:0
[25176873ms] [WARNING] [.WebGL-0x1ff413a40000] GL_INVALID_OPERATION: glDrawElements: Must have element array buffer bound. @ http://localhost:8080/:0
[25176915ms] [WARNING] [.WebGL-0x1ff413a40000] GL_INVALID_OPERATION: glDrawElements: Must have element array buffer bound. @ http://localhost:8080/:0
[25176960ms] [WARNING] [.WebGL-0x1ff413a40000] GL_INVALID_OPERATION: glDrawElements: Must have element array buffer bound. @ http://localhost:8080/:0
[25177005ms] [WARNING] [.WebGL-0x1ff413a40000] GL_INVALID_OPERATION: glDrawElements: Must have element array buffer bound. @ http://localhost:8080/:0
[25177048ms] [WARNING] [.WebGL-0x1ff413a40000] GL_INVALID_OPERATION: glDrawElements: Must have element array buffer bound. @ http://localhost:8080/:0
[25177094ms] [WARNING] [.WebGL-0x1ff413a40000] GL_INVALID_OPERATION: glDrawElements: Must have element array buffer bound. @ http://localhost:8080/:0
[25177139ms] [WARNING] [.WebGL-0x1ff413a40000] GL_INVALID_OPERATION: glDrawElements: Must have element array buffer bound. @ http://localhost:8080/:0
[25177184ms] [WARNING] [.WebGL-0x1ff413a40000] GL_INVALID_OPERATION: glDrawElements: Must have element array buffer bound. @ http://localhost:8080/:0
[25177323ms] [WARNING] [.WebGL-0x1ff413a40000] GL_INVALID_OPERATION: glDrawElements: Must have element array buffer bound. @ http://localhost:8080/:0
[25177323ms] [WARNING] [.WebGL-0x1ff413a40000] GL_INVALID_OPERATION: glDrawElements: Must have element array buffer bound. @ http://localhost:8080/:0
[25177323ms] [WARNING] [.WebGL-0x1ff413a40000] GL_INVALID_OPERATION: glDrawElements: Must have element array buffer bound. @ http://localhost:8080/:0
[25177374ms] [WARNING] [.WebGL-0x1ff413a40000] GL_INVALID_OPERATION: glDrawElements: Must have element array buffer bound. @ http://localhost:8080/:0
[25177421ms] [WARNING] [.WebGL-0x1ff413a40000] GL_INVALID_OPERATION: glDrawElements: Must have element array buffer bound. @ http://localhost:8080/:0
[25177467ms] [WARNING] [.WebGL-0x1ff413a40000] GL_INVALID_OPERATION: glDrawElements: Must have element array buffer bound. @ http://localhost:8080/:0
[25177518ms] [WARNING] [.WebGL-0x1ff413a40000] GL_INVALID_OPERATION: glDrawElements: Must have element array buffer bound. @ http://localhost:8080/:0
[25177572ms] [WARNING] [.WebGL-0x1ff413a40000] GL_INVALID_OPERATION: glDrawElements: Must have element array buffer bound. @ http://localhost:8080/:0
[25177633ms] [WARNING] [.WebGL-0x1ff413a40000] GL_INVALID_OPERATION: glDrawElements: Must have element array buffer bound. @ http://localhost:8080/:0
[25177723ms] [WARNING] [.WebGL-0x1ff413a40000] GL_INVALID_OPERATION: glDrawElements: Must have element array buffer bound. @ http://localhost:8080/:0
[25177922ms] [WARNING] [.WebGL-0x1ff413a40000] GL_INVALID_OPERATION: glDrawElements: Must have element array buffer bound. @ http://localhost:8080/:0
[25177922ms] [WARNING] [.WebGL-0x1ff413a40000] GL_INVALID_OPERATION: glDrawElements: Must have element array buffer bound. @ http://localhost:8080/:0
[25177972ms] [WARNING] [.WebGL-0x1ff413a40000] GL_INVALID_OPERATION: glDrawElements: Must have element array buffer bound. @ http://localhost:8080/:0
[25178016ms] [WARNING] [.WebGL-0x1ff413a40000] GL_INVALID_OPERATION: glDrawElements: Must have element array buffer bound. @ http://localhost:8080/:0
[25178055ms] [WARNING] [.WebGL-0x1ff413a40000] GL_INVALID_OPERATION: glDrawElements: Must have element array buffer bound. @ http://localhost:8080/:0
[25178131ms] [WARNING] [.WebGL-0x1ff413a40000] GL_INVALID_OPERATION: glDrawElements: Must have element array buffer bound. @ http://localhost:8080/:0
[25178131ms] [WARNING] [.WebGL-0x1ff413a40000] GL_INVALID_OPERATION: glDrawElements: Must have element array buffer bound. @ http://localhost:8080/:0
[25178173ms] [WARNING] [.WebGL-0x1ff413a40000] GL_INVALID_OPERATION: glDrawElements: Must have element array buffer bound. @ http://localhost:8080/:0
[25178211ms] [WARNING] [.WebGL-0x1ff413a40000] GL_INVALID_OPERATION: glDrawElements: Must have element array buffer bound. @ http://localhost:8080/:0
[25178250ms] [WARNING] [.WebGL-0x1ff413a40000] GL_INVALID_OPERATION: glDrawElements: Must have element array buffer bound. @ http://localhost:8080/:0
[25178289ms] [WARNING] [.WebGL-0x1ff413a40000] GL_INVALID_OPERATION: glDrawElements: Must have element array buffer bound. @ http://localhost:8080/:0
[25178435ms] [WARNING] [.WebGL-0x1ff413a40000] GL_INVALID_OPERATION: glDrawElements: Must have element array buffer bound. @ http://localhost:8080/:0
[25178435ms] [WARNING] [.WebGL-0x1ff413a40000] GL_INVALID_OPERATION: glDrawElements: Must have element array buffer bound. @ http://localhost:8080/:0
[25178435ms] [WARNING] [.WebGL-0x1ff413a40000] GL_INVALID_OPERATION: glDrawElements: Must have element array buffer bound. @ http://localhost:8080/:0
[25178435ms] [WARNING] [.WebGL-0x1ff413a40000] GL_INVALID_OPERATION: glDrawElements: Must have element array buffer bound. @ http://localhost:8080/:0
[25178471ms] [WARNING] [.WebGL-0x1ff413a40000] GL_INVALID_OPERATION: glDrawElements: Must have element array buffer bound. @ http://localhost:8080/:0
[25178508ms] [WARNING] [.WebGL-0x1ff413a40000] GL_INVALID_OPERATION: glDrawElements: Must have element array buffer bound. @ http://localhost:8080/:0
[25178545ms] [WARNING] [.WebGL-0x1ff413a40000] GL_INVALID_OPERATION: glDrawElements: Must have element array buffer bound. @ http://localhost:8080/:0
[25178587ms] [WARNING] [.WebGL-0x1ff413a40000] GL_INVALID_OPERATION: glDrawElements: Must have element array buffer bound. @ http://localhost:8080/:0
[25178671ms] [WARNING] [.WebGL-0x1ff413a40000] GL_INVALID_OPERATION: glDrawElements: Must have element array buffer bound. @ http://localhost:8080/:0
[25178671ms] [WARNING] [.WebGL-0x1ff413a40000] GL_INVALID_OPERATION: glDrawElements: Must have element array buffer bound. @ http://localhost:8080/:0
[25178716ms] [WARNING] [.WebGL-0x1ff413a40000] GL_INVALID_OPERATION: glDrawElements: Must have element array buffer bound. @ http://localhost:8080/:0
[25178763ms] [WARNING] [.WebGL-0x1ff413a40000] GL_INVALID_OPERATION: glDrawElements: Must have element array buffer bound. @ http://localhost:8080/:0
[25178859ms] [WARNING] [.WebGL-0x1ff413a40000] GL_INVALID_OPERATION: glDrawElements: Must have element array buffer bound. @ http://localhost:8080/:0
[25178859ms] [WARNING] [.WebGL-0x1ff413a40000] GL_INVALID_OPERATION: glDrawElements: Must have element array buffer bound. @ http://localhost:8080/:0
[25178912ms] [WARNING] [.WebGL-0x1ff413a40000] GL_INVALID_OPERATION: glDrawElements: Must have element array buffer bound. @ http://localhost:8080/:0
[25178971ms] [WARNING] [.WebGL-0x1ff413a40000] GL_INVALID_OPERATION: glDrawElements: Must have element array buffer bound. @ http://localhost:8080/:0
[25179089ms] [WARNING] [.WebGL-0x1ff413a40000] GL_INVALID_OPERATION: glDrawElements: Must have element array buffer bound. @ http://localhost:8080/:0
[25179089ms] [WARNING] [.WebGL-0x1ff413a40000] GL_INVALID_OPERATION: glDrawElements: Must have element array buffer bound. @ http://localhost:8080/:0
[25179134ms] [WARNING] [.WebGL-0x1ff413a40000] GL_INVALID_OPERATION: glDrawElements: Must have element array buffer bound. @ http://localhost:8080/:0
[25179180ms] [WARNING] [.WebGL-0x1ff413a40000] GL_INVALID_OPERATION: glDrawElements: Must have element array buffer bound. @ http://localhost:8080/:0
[25179219ms] [WARNING] [.WebGL-0x1ff413a40000] GL_INVALID_OPERATION: glDrawElements: Must have element array buffer bound. @ http://localhost:8080/:0
[25179256ms] [WARNING] [.WebGL-0x1ff413a40000] GL_INVALID_OPERATION: glDrawElements: Must have element array buffer bound. @ http://localhost:8080/:0
[25179292ms] [WARNING] [.WebGL-0x1ff413a40000] GL_INVALID_OPERATION: glDrawElements: Must have element array buffer bound. @ http://localhost:8080/:0
[25179327ms] [WARNING] [.WebGL-0x1ff413a40000] GL_INVALID_OPERATION: glDrawElements: Must have element array buffer bound. @ http://localhost:8080/:0
[25179439ms] [WARNING] [.WebGL-0x1ff413a40000] GL_INVALID_OPERATION: glDrawElements: Must have element array buffer bound. @ http://localhost:8080/:0
[25179439ms] [WARNING] [.WebGL-0x1ff413a40000] GL_INVALID_OPERATION: glDrawElements: Must have element array buffer bound. @ http://localhost:8080/:0
[25179439ms] [WARNING] [.WebGL-0x1ff413a40000] GL_INVALID_OPERATION: glDrawElements: Must have element array buffer bound. @ http://localhost:8080/:0
[25179490ms] [WARNING] [.WebGL-0x1ff413a40000] GL_INVALID_OPERATION: glDrawElements: Must have element array buffer bound. @ http://localhost:8080/:0
[25179585ms] [WARNING] [.WebGL-0x1ff413a40000] GL_INVALID_OPERATION: glDrawElements: Must have element array buffer bound. @ http://localhost:8080/:0
[25179681ms] [WARNING] [.WebGL-0x1ff413a40000] GL_INVALID_OPERATION: glDrawElements: Must have element array buffer bound. @ http://localhost:8080/:0
[25179774ms] [WARNING] [.WebGL-0x1ff413a40000] GL_INVALID_OPERATION: glDrawElements: Must have element array buffer bound. @ http://localhost:8080/:0
[25179861ms] [WARNING] [.WebGL-0x1ff413a40000] GL_INVALID_OPERATION: glDrawElements: Must have element array buffer bound. @ http://localhost:8080/:0
[25179938ms] [WARNING] [.WebGL-0x1ff413a40000] GL_INVALID_OPERATION: glDrawElements: Must have element array buffer bound. @ http://localhost:8080/:0
[25180091ms] [WARNING] [.WebGL-0x1ff413a40000] GL_INVALID_OPERATION: glDrawElements: Must have element array buffer bound. @ http://localhost:8080/:0
[25180091ms] [WARNING] [.WebGL-0x1ff413a40000] GL_INVALID_OPERATION: glDrawElements: Must have element array buffer bound. @ http://localhost:8080/:0
[25180159ms] [WARNING] [.WebGL-0x1ff413a40000] GL_INVALID_OPERATION: glDrawElements: Must have element array buffer bound. @ http://localhost:8080/:0
[25180229ms] [WARNING] [.WebGL-0x1ff413a40000] GL_INVALID_OPERATION: glDrawElements: Must have element array buffer bound. @ http://localhost:8080/:0
[25180289ms] [WARNING] [.WebGL-0x1ff413a40000] GL_INVALID_OPERATION: glDrawElements: Must have element array buffer bound. @ http://localhost:8080/:0
[25180322ms] [WARNING] [.WebGL-0x1ff413a40000] GL_INVALID_OPERATION: glDrawElements: Must have element array buffer bound. @ http://localhost:8080/:0
[25180358ms] [WARNING] [.WebGL-0x1ff413a40000] GL_INVALID_OPERATION: glDrawElements: Must have element array buffer bound. @ http://localhost:8080/:0
[25180395ms] [WARNING] [.WebGL-0x1ff413a40000] GL_INVALID_OPERATION: glDrawElements: Must have element array buffer bound. @ http://localhost:8080/:0
[25180432ms] [WARNING] [.WebGL-0x1ff413a40000] GL_INVALID_OPERATION: glDrawElements: Must have element array buffer bound. @ http://localhost:8080/:0
[25180509ms] [WARNING] [.WebGL-0x1ff413a40000] GL_INVALID_OPERATION: glDrawElements: Must have element array buffer bound. @ http://localhost:8080/:0
[25180509ms] [WARNING] [.WebGL-0x1ff413a40000] GL_INVALID_OPERATION: glDrawElements: Must have element array buffer bound. @ http://localhost:8080/:0
[25180583ms] [WARNING] [.WebGL-0x1ff413a40000] GL_INVALID_OPERATION: glDrawElements: Must have element array buffer bound. @ http://localhost:8080/:0
[25180583ms] [WARNING] [.WebGL-0x1ff413a40000] GL_INVALID_OPERATION: glDrawElements: Must have element array buffer bound. @ http://localhost:8080/:0
[25180621ms] [WARNING] [.WebGL-0x1ff413a40000] GL_INVALID_OPERATION: glDrawElements: Must have element array buffer bound. @ http://localhost:8080/:0
[25180659ms] [WARNING] [.WebGL-0x1ff413a40000] GL_INVALID_OPERATION: glDrawElements: Must have element array buffer bound. @ http://localhost:8080/:0
[25180696ms] [WARNING] [.WebGL-0x1ff413a40000] GL_INVALID_OPERATION: glDrawElements: Must have element array buffer bound. @ http://localhost:8080/:0
[25180735ms] [WARNING] [.WebGL-0x1ff413a40000] GL_INVALID_OPERATION: glDrawElements: Must have element array buffer bound. @ http://localhost:8080/:0
[25180772ms] [WARNING] [.WebGL-0x1ff413a40000] GL_INVALID_OPERATION: glDrawElements: Must have element array buffer bound. @ http://localhost:8080/:0
[25180810ms] [WARNING] [.WebGL-0x1ff413a40000] GL_INVALID_OPERATION: glDrawElements: Must have element array buffer bound. @ http://localhost:8080/:0
[25180810ms] [WARNING] WebGL: too many errors, no more errors will be reported to the console for this context. @ http://localhost:8080/:0
[26078345ms] [WARNING] [.WebGL-0x1ff413a46200] GL_INVALID_OPERATION: glDrawElements: Must have element array buffer bound. @ http://localhost:8080/:0
[26078435ms] [WARNING] [.WebGL-0x1ff413a46200] GL_INVALID_OPERATION: glDrawElements: Must have element array buffer bound. @ http://localhost:8080/:0
[26078487ms] [WARNING] [.WebGL-0x1ff413a46200] GL_INVALID_OPERATION: glDrawElements: Must have element array buffer bound. @ http://localhost:8080/:0
[26078530ms] [WARNING] [.WebGL-0x1ff413a46200] GL_INVALID_OPERATION: glDrawElements: Must have element array buffer bound. @ http://localhost:8080/:0
[26078575ms] [WARNING] [.WebGL-0x1ff413a46200] GL_INVALID_OPERATION: glDrawElements: Must have element array buffer bound. @ http://localhost:8080/:0
[26078619ms] [WARNING] [.WebGL-0x1ff413a46200] GL_INVALID_OPERATION: glDrawElements: Must have element array buffer bound. @ http://localhost:8080/:0
[26078665ms] [WARNING] [.WebGL-0x1ff413a46200] GL_INVALID_OPERATION: glDrawElements: Must have element array buffer bound. @ http://localhost:8080/:0
[26078715ms] [WARNING] [.WebGL-0x1ff413a46200] GL_INVALID_OPERATION: glDrawElements: Must have element array buffer bound. @ http://localhost:8080/:0
[26078761ms] [WARNING] [.WebGL-0x1ff413a46200] GL_INVALID_OPERATION: glDrawElements: Must have element array buffer bound. @ http://localhost:8080/:0
[26078805ms] [WARNING] [.WebGL-0x1ff413a46200] GL_INVALID_OPERATION: glDrawElements: Must have element array buffer bound. @ http://localhost:8080/:0
[26078850ms] [WARNING] [.WebGL-0x1ff413a46200] GL_INVALID_OPERATION: glDrawElements: Must have element array buffer bound. @ http://localhost:8080/:0
[26078894ms] [WARNING] [.WebGL-0x1ff413a46200] GL_INVALID_OPERATION: glDrawElements: Must have element array buffer bound. @ http://localhost:8080/:0
[26078936ms] [WARNING] [.WebGL-0x1ff413a46200] GL_INVALID_OPERATION: glDrawElements: Must have element array buffer bound. @ http://localhost:8080/:0
[26078978ms] [WARNING] [.WebGL-0x1ff413a46200] GL_INVALID_OPERATION: glDrawElements: Must have element array buffer bound. @ http://localhost:8080/:0
[26079021ms] [WARNING] [.WebGL-0x1ff413a46200] GL_INVALID_OPERATION: glDrawElements: Must have element array buffer bound. @ http://localhost:8080/:0
[26079062ms] [WARNING] [.WebGL-0x1ff413a46200] GL_INVALID_OPERATION: glDrawElements: Must have element array buffer bound. @ http://localhost:8080/:0
[26079105ms] [WARNING] [.WebGL-0x1ff413a46200] GL_INVALID_OPERATION: glDrawElements: Must have element array buffer bound. @ http://localhost:8080/:0
[26079146ms] [WARNING] [.WebGL-0x1ff413a46200] GL_INVALID_OPERATION: glDrawElements: Must have element array buffer bound. @ http://localhost:8080/:0
[26079193ms] [WARNING] [.WebGL-0x1ff413a46200] GL_INVALID_OPERATION: glDrawElements: Must have element array buffer bound. @ http://localhost:8080/:0
[26079238ms] [WARNING] [.WebGL-0x1ff413a46200] GL_INVALID_OPERATION: glDrawElements: Must have element array buffer bound. @ http://localhost:8080/:0
[26079281ms] [WARNING] [.WebGL-0x1ff413a46200] GL_INVALID_OPERATION: glDrawElements: Must have element array buffer bound. @ http://localhost:8080/:0
[26079322ms] [WARNING] [.WebGL-0x1ff413a46200] GL_INVALID_OPERATION: glDrawElements: Must have element array buffer bound. @ http://localhost:8080/:0
[26079364ms] [WARNING] [.WebGL-0x1ff413a46200] GL_INVALID_OPERATION: glDrawElements: Must have element array buffer bound. @ http://localhost:8080/:0
[26079410ms] [WARNING] [.WebGL-0x1ff413a46200] GL_INVALID_OPERATION: glDrawElements: Must have element array buffer bound. @ http://localhost:8080/:0
[26079452ms] [WARNING] [.WebGL-0x1ff413a46200] GL_INVALID_OPERATION: glDrawElements: Must have element array buffer bound. @ http://localhost:8080/:0
[26079492ms] [WARNING] [.WebGL-0x1ff413a46200] GL_INVALID_OPERATION: glDrawElements: Must have element array buffer bound. @ http://localhost:8080/:0
[26079535ms] [WARNING] [.WebGL-0x1ff413a46200] GL_INVALID_OPERATION: glDrawElements: Must have element array buffer bound. @ http://localhost:8080/:0
[26079576ms] [WARNING] [.WebGL-0x1ff413a46200] GL_INVALID_OPERATION: glDrawElements: Must have element array buffer bound. @ http://localhost:8080/:0
[26079616ms] [WARNING] [.WebGL-0x1ff413a46200] GL_INVALID_OPERATION: glDrawElements: Must have element array buffer bound. @ http://localhost:8080/:0
[26079659ms] [WARNING] [.WebGL-0x1ff413a46200] GL_INVALID_OPERATION: glDrawElements: Must have element array buffer bound. @ http://localhost:8080/:0
[26079703ms] [WARNING] [.WebGL-0x1ff413a46200] GL_INVALID_OPERATION: glDrawElements: Must have element array buffer bound. @ http://localhost:8080/:0
[26079744ms] [WARNING] [.WebGL-0x1ff413a46200] GL_INVALID_OPERATION: glDrawElements: Must have element array buffer bound. @ http://localhost:8080/:0
[26079784ms] [WARNING] [.WebGL-0x1ff413a46200] GL_INVALID_OPERATION: glDrawElements: Must have element array buffer bound. @ http://localhost:8080/:0
[26079824ms] [WARNING] [.WebGL-0x1ff413a46200] GL_INVALID_OPERATION: glDrawElements: Must have element array buffer bound. @ http://localhost:8080/:0
[26079866ms] [WARNING] [.WebGL-0x1ff413a46200] GL_INVALID_OPERATION: glDrawElements: Must have element array buffer bound. @ http://localhost:8080/:0
[26079908ms] [WARNING] [.WebGL-0x1ff413a46200] GL_INVALID_OPERATION: glDrawElements: Must have element array buffer bound. @ http://localhost:8080/:0
[26079950ms] [WARNING] [.WebGL-0x1ff413a46200] GL_INVALID_OPERATION: glDrawElements: Must have element array buffer bound. @ http://localhost:8080/:0
[26079990ms] [WARNING] [.WebGL-0x1ff413a46200] GL_INVALID_OPERATION: glDrawElements: Must have element array buffer bound. @ http://localhost:8080/:0
[26080029ms] [WARNING] [.WebGL-0x1ff413a46200] GL_INVALID_OPERATION: glDrawElements: Must have element array buffer bound. @ http://localhost:8080/:0
[26080070ms] [WARNING] [.WebGL-0x1ff413a46200] GL_INVALID_OPERATION: glDrawElements: Must have element array buffer bound. @ http://localhost:8080/:0
[26080113ms] [WARNING] [.WebGL-0x1ff413a46200] GL_INVALID_OPERATION: glDrawElements: Must have element array buffer bound. @ http://localhost:8080/:0
[26080156ms] [WARNING] [.WebGL-0x1ff413a46200] GL_INVALID_OPERATION: glDrawElements: Must have element array buffer bound. @ http://localhost:8080/:0
[26080199ms] [WARNING] [.WebGL-0x1ff413a46200] GL_INVALID_OPERATION: glDrawElements: Must have element array buffer bound. @ http://localhost:8080/:0
[26080238ms] [WARNING] [.WebGL-0x1ff413a46200] GL_INVALID_OPERATION: glDrawElements: Must have element array buffer bound. @ http://localhost:8080/:0
[26080277ms] [WARNING] [.WebGL-0x1ff413a46200] GL_INVALID_OPERATION: glDrawElements: Must have element array buffer bound. @ http://localhost:8080/:0
[26080316ms] [WARNING] [.WebGL-0x1ff413a46200] GL_INVALID_OPERATION: glDrawElements: Must have element array buffer bound. @ http://localhost:8080/:0
[26080358ms] [WARNING] [.WebGL-0x1ff413a46200] GL_INVALID_OPERATION: glDrawElements: Must have element array buffer bound. @ http://localhost:8080/:0
[26080397ms] [WARNING] [.WebGL-0x1ff413a46200] GL_INVALID_OPERATION: glDrawElements: Must have element array buffer bound. @ http://localhost:8080/:0
[26080436ms] [WARNING] [.WebGL-0x1ff413a46200] GL_INVALID_OPERATION: glDrawElements: Must have element array buffer bound. @ http://localhost:8080/:0
[26080476ms] [WARNING] [.WebGL-0x1ff413a46200] GL_INVALID_OPERATION: glDrawElements: Must have element array buffer bound. @ http://localhost:8080/:0
[26080516ms] [WARNING] [.WebGL-0x1ff413a46200] GL_INVALID_OPERATION: glDrawElements: Must have element array buffer bound. @ http://localhost:8080/:0
[26080556ms] [WARNING] [.WebGL-0x1ff413a46200] GL_INVALID_OPERATION: glDrawElements: Must have element array buffer bound. @ http://localhost:8080/:0
[26080594ms] [WARNING] [.WebGL-0x1ff413a46200] GL_INVALID_OPERATION: glDrawElements: Must have element array buffer bound. @ http://localhost:8080/:0
[26080632ms] [WARNING] [.WebGL-0x1ff413a46200] GL_INVALID_OPERATION: glDrawElements: Must have element array buffer bound. @ http://localhost:8080/:0
[26080674ms] [WARNING] [.WebGL-0x1ff413a46200] GL_INVALID_OPERATION: glDrawElements: Must have element array buffer bound. @ http://localhost:8080/:0
[26080713ms] [WARNING] [.WebGL-0x1ff413a46200] GL_INVALID_OPERATION: glDrawElements: Must have element array buffer bound. @ http://localhost:8080/:0
[26080751ms] [WARNING] [.WebGL-0x1ff413a46200] GL_INVALID_OPERATION: glDrawElements: Must have element array buffer bound. @ http://localhost:8080/:0
[26080789ms] [WARNING] [.WebGL-0x1ff413a46200] GL_INVALID_OPERATION: glDrawElements: Must have element array buffer bound. @ http://localhost:8080/:0
[26080828ms] [WARNING] [.WebGL-0x1ff413a46200] GL_INVALID_OPERATION: glDrawElements: Must have element array buffer bound. @ http://localhost:8080/:0
[26080868ms] [WARNING] [.WebGL-0x1ff413a46200] GL_INVALID_OPERATION: glDrawElements: Must have element array buffer bound. @ http://localhost:8080/:0
[26080907ms] [WARNING] [.WebGL-0x1ff413a46200] GL_INVALID_OPERATION: glDrawElements: Must have element array buffer bound. @ http://localhost:8080/:0
[26080948ms] [WARNING] [.WebGL-0x1ff413a46200] GL_INVALID_OPERATION: glDrawElements: Must have element array buffer bound. @ http://localhost:8080/:0
[26080988ms] [WARNING] [.WebGL-0x1ff413a46200] GL_INVALID_OPERATION: glDrawElements: Must have element array buffer bound. @ http://localhost:8080/:0
[26081027ms] [WARNING] [.WebGL-0x1ff413a46200] GL_INVALID_OPERATION: glDrawElements: Must have element array buffer bound. @ http://localhost:8080/:0
[26081067ms] [WARNING] [.WebGL-0x1ff413a46200] GL_INVALID_OPERATION: glDrawElements: Must have element array buffer bound. @ http://localhost:8080/:0
[26081108ms] [WARNING] [.WebGL-0x1ff413a46200] GL_INVALID_OPERATION: glDrawElements: Must have element array buffer bound. @ http://localhost:8080/:0
[26081147ms] [WARNING] [.WebGL-0x1ff413a46200] GL_INVALID_OPERATION: glDrawElements: Must have element array buffer bound. @ http://localhost:8080/:0
[26081189ms] [WARNING] [.WebGL-0x1ff413a46200] GL_INVALID_OPERATION: glDrawElements: Must have element array buffer bound. @ http://localhost:8080/:0
[26081227ms] [WARNING] [.WebGL-0x1ff413a46200] GL_INVALID_OPERATION: glDrawElements: Must have element array buffer bound. @ http://localhost:8080/:0
[26081266ms] [WARNING] [.WebGL-0x1ff413a46200] GL_INVALID_OPERATION: glDrawElements: Must have element array buffer bound. @ http://localhost:8080/:0
[26081305ms] [WARNING] [.WebGL-0x1ff413a46200] GL_INVALID_OPERATION: glDrawElements: Must have element array buffer bound. @ http://localhost:8080/:0
[26081345ms] [WARNING] [.WebGL-0x1ff413a46200] GL_INVALID_OPERATION: glDrawElements: Must have element array buffer bound. @ http://localhost:8080/:0
[26081387ms] [WARNING] [.WebGL-0x1ff413a46200] GL_INVALID_OPERATION: glDrawElements: Must have element array buffer bound. @ http://localhost:8080/:0
[26081427ms] [WARNING] [.WebGL-0x1ff413a46200] GL_INVALID_OPERATION: glDrawElements: Must have element array buffer bound. @ http://localhost:8080/:0
[26081467ms] [WARNING] [.WebGL-0x1ff413a46200] GL_INVALID_OPERATION: glDrawElements: Must have element array buffer bound. @ http://localhost:8080/:0
[26081508ms] [WARNING] [.WebGL-0x1ff413a46200] GL_INVALID_OPERATION: glDrawElements: Must have element array buffer bound. @ http://localhost:8080/:0
[26081549ms] [WARNING] [.WebGL-0x1ff413a46200] GL_INVALID_OPERATION: glDrawElements: Must have element array buffer bound. @ http://localhost:8080/:0
[26081588ms] [WARNING] [.WebGL-0x1ff413a46200] GL_INVALID_OPERATION: glDrawElements: Must have element array buffer bound. @ http://localhost:8080/:0
[26081628ms] [WARNING] [.WebGL-0x1ff413a46200] GL_INVALID_OPERATION: glDrawElements: Must have element array buffer bound. @ http://localhost:8080/:0
[26081669ms] [WARNING] [.WebGL-0x1ff413a46200] GL_INVALID_OPERATION: glDrawElements: Must have element array buffer bound. @ http://localhost:8080/:0
[26081708ms] [WARNING] [.WebGL-0x1ff413a46200] GL_INVALID_OPERATION: glDrawElements: Must have element array buffer bound. @ http://localhost:8080/:0
[26081747ms] [WARNING] [.WebGL-0x1ff413a46200] GL_INVALID_OPERATION: glDrawElements: Must have element array buffer bound. @ http://localhost:8080/:0
[26081784ms] [WARNING] [.WebGL-0x1ff413a46200] GL_INVALID_OPERATION: glDrawElements: Must have element array buffer bound. @ http://localhost:8080/:0
[26081826ms] [WARNING] [.WebGL-0x1ff413a46200] GL_INVALID_OPERATION: glDrawElements: Must have element array buffer bound. @ http://localhost:8080/:0
[26081865ms] [WARNING] [.WebGL-0x1ff413a46200] GL_INVALID_OPERATION: glDrawElements: Must have element array buffer bound. @ http://localhost:8080/:0
[26081906ms] [WARNING] [.WebGL-0x1ff413a46200] GL_INVALID_OPERATION: glDrawElements: Must have element array buffer bound. @ http://localhost:8080/:0
[26081945ms] [WARNING] [.WebGL-0x1ff413a46200] GL_INVALID_OPERATION: glDrawElements: Must have element array buffer bound. @ http://localhost:8080/:0
[26081984ms] [WARNING] [.WebGL-0x1ff413a46200] GL_INVALID_OPERATION: glDrawElements: Must have element array buffer bound. @ http://localhost:8080/:0
[26082023ms] [WARNING] [.WebGL-0x1ff413a46200] GL_INVALID_OPERATION: glDrawElements: Must have element array buffer bound. @ http://localhost:8080/:0
[26082063ms] [WARNING] [.WebGL-0x1ff413a46200] GL_INVALID_OPERATION: glDrawElements: Must have element array buffer bound. @ http://localhost:8080/:0
[26082100ms] [WARNING] [.WebGL-0x1ff413a46200] GL_INVALID_OPERATION: glDrawElements: Must have element array buffer bound. @ http://localhost:8080/:0
[26082143ms] [WARNING] [.WebGL-0x1ff413a46200] GL_INVALID_OPERATION: glDrawElements: Must have element array buffer bound. @ http://localhost:8080/:0
[26082180ms] [WARNING] [.WebGL-0x1ff413a46200] GL_INVALID_OPERATION: glDrawElements: Must have element array buffer bound. @ http://localhost:8080/:0
[26082218ms] [WARNING] [.WebGL-0x1ff413a46200] GL_INVALID_OPERATION: glDrawElements: Must have element array buffer bound. @ http://localhost:8080/:0
[26082257ms] [WARNING] [.WebGL-0x1ff413a46200] GL_INVALID_OPERATION: glDrawElements: Must have element array buffer bound. @ http://localhost:8080/:0
[26082296ms] [WARNING] [.WebGL-0x1ff413a46200] GL_INVALID_OPERATION: glDrawElements: Must have element array buffer bound. @ http://localhost:8080/:0
[26082334ms] [WARNING] [.WebGL-0x1ff413a46200] GL_INVALID_OPERATION: glDrawElements: Must have element array buffer bound. @ http://localhost:8080/:0
[26082372ms] [WARNING] [.WebGL-0x1ff413a46200] GL_INVALID_OPERATION: glDrawElements: Must have element array buffer bound. @ http://localhost:8080/:0
[26082414ms] [WARNING] [.WebGL-0x1ff413a46200] GL_INVALID_OPERATION: glDrawElements: Must have element array buffer bound. @ http://localhost:8080/:0
[26082451ms] [WARNING] [.WebGL-0x1ff413a46200] GL_INVALID_OPERATION: glDrawElements: Must have element array buffer bound. @ http://localhost:8080/:0
[26082490ms] [WARNING] [.WebGL-0x1ff413a46200] GL_INVALID_OPERATION: glDrawElements: Must have element array buffer bound. @ http://localhost:8080/:0
[26082530ms] [WARNING] [.WebGL-0x1ff413a46200] GL_INVALID_OPERATION: glDrawElements: Must have element array buffer bound. @ http://localhost:8080/:0
[26082569ms] [WARNING] [.WebGL-0x1ff413a46200] GL_INVALID_OPERATION: glDrawElements: Must have element array buffer bound. @ http://localhost:8080/:0
[26082610ms] [WARNING] [.WebGL-0x1ff413a46200] GL_INVALID_OPERATION: glDrawElements: Must have element array buffer bound. @ http://localhost:8080/:0
[26082648ms] [WARNING] [.WebGL-0x1ff413a46200] GL_INVALID_OPERATION: glDrawElements: Must have element array buffer bound. @ http://localhost:8080/:0
[26082687ms] [WARNING] [.WebGL-0x1ff413a46200] GL_INVALID_OPERATION: glDrawElements: Must have element array buffer bound. @ http://localhost:8080/:0
[26082726ms] [WARNING] [.WebGL-0x1ff413a46200] GL_INVALID_OPERATION: glDrawElements: Must have element array buffer bound. @ http://localhost:8080/:0
[26082767ms] [WARNING] [.WebGL-0x1ff413a46200] GL_INVALID_OPERATION: glDrawElements: Must have element array buffer bound. @ http://localhost:8080/:0
[26082806ms] [WARNING] [.WebGL-0x1ff413a46200] GL_INVALID_OPERATION: glDrawElements: Must have element array buffer bound. @ http://localhost:8080/:0
[26082845ms] [WARNING] [.WebGL-0x1ff413a46200] GL_INVALID_OPERATION: glDrawElements: Must have element array buffer bound. @ http://localhost:8080/:0
[26082887ms] [WARNING] [.WebGL-0x1ff413a46200] GL_INVALID_OPERATION: glDrawElements: Must have element array buffer bound. @ http://localhost:8080/:0
[26082927ms] [WARNING] [.WebGL-0x1ff413a46200] GL_INVALID_OPERATION: glDrawElements: Must have element array buffer bound. @ http://localhost:8080/:0
[26082965ms] [WARNING] [.WebGL-0x1ff413a46200] GL_INVALID_OPERATION: glDrawElements: Must have element array buffer bound. @ http://localhost:8080/:0
[26083006ms] [WARNING] [.WebGL-0x1ff413a46200] GL_INVALID_OPERATION: glDrawElements: Must have element array buffer bound. @ http://localhost:8080/:0
[26083045ms] [WARNING] [.WebGL-0x1ff413a46200] GL_INVALID_OPERATION: glDrawElements: Must have element array buffer bound. @ http://localhost:8080/:0
[26083084ms] [WARNING] [.WebGL-0x1ff413a46200] GL_INVALID_OPERATION: glDrawElements: Must have element array buffer bound. @ http://localhost:8080/:0
[26083128ms] [WARNING] [.WebGL-0x1ff413a46200] GL_INVALID_OPERATION: glDrawElements: Must have element array buffer bound. @ http://localhost:8080/:0
[26083166ms] [WARNING] [.WebGL-0x1ff413a46200] GL_INVALID_OPERATION: glDrawElements: Must have element array buffer bound. @ http://localhost:8080/:0
[26083204ms] [WARNING] [.WebGL-0x1ff413a46200] GL_INVALID_OPERATION: glDrawElements: Must have element array buffer bound. @ http://localhost:8080/:0
[26083244ms] [WARNING] [.WebGL-0x1ff413a46200] GL_INVALID_OPERATION: glDrawElements: Must have element array buffer bound. @ http://localhost:8080/:0
[26083284ms] [WARNING] [.WebGL-0x1ff413a46200] GL_INVALID_OPERATION: glDrawElements: Must have element array buffer bound. @ http://localhost:8080/:0
[26083323ms] [WARNING] [.WebGL-0x1ff413a46200] GL_INVALID_OPERATION: glDrawElements: Must have element array buffer bound. @ http://localhost:8080/:0
[26083362ms] [WARNING] [.WebGL-0x1ff413a46200] GL_INVALID_OPERATION: glDrawElements: Must have element array buffer bound. @ http://localhost:8080/:0
[26083401ms] [WARNING] [.WebGL-0x1ff413a46200] GL_INVALID_OPERATION: glDrawElements: Must have element array buffer bound. @ http://localhost:8080/:0
[26083440ms] [WARNING] [.WebGL-0x1ff413a46200] GL_INVALID_OPERATION: glDrawElements: Must have element array buffer bound. @ http://localhost:8080/:0
[26083479ms] [WARNING] [.WebGL-0x1ff413a46200] GL_INVALID_OPERATION: glDrawElements: Must have element array buffer bound. @ http://localhost:8080/:0
[26083517ms] [WARNING] [.WebGL-0x1ff413a46200] GL_INVALID_OPERATION: glDrawElements: Must have element array buffer bound. @ http://localhost:8080/:0
[26083555ms] [WARNING] [.WebGL-0x1ff413a46200] GL_INVALID_OPERATION: glDrawElements: Must have element array buffer bound. @ http://localhost:8080/:0
[26083595ms] [WARNING] [.WebGL-0x1ff413a46200] GL_INVALID_OPERATION: glDrawElements: Must have element array buffer bound. @ http://localhost:8080/:0
[26083634ms] [WARNING] [.WebGL-0x1ff413a46200] GL_INVALID_OPERATION: glDrawElements: Must have element array buffer bound. @ http://localhost:8080/:0
[26083672ms] [WARNING] [.WebGL-0x1ff413a46200] GL_INVALID_OPERATION: glDrawElements: Must have element array buffer bound. @ http://localhost:8080/:0
[26083712ms] [WARNING] [.WebGL-0x1ff413a46200] GL_INVALID_OPERATION: glDrawElements: Must have element array buffer bound. @ http://localhost:8080/:0
[26083749ms] [WARNING] [.WebGL-0x1ff413a46200] GL_INVALID_OPERATION: glDrawElements: Must have element array buffer bound. @ http://localhost:8080/:0
[26083786ms] [WARNING] [.WebGL-0x1ff413a46200] GL_INVALID_OPERATION: glDrawElements: Must have element array buffer bound. @ http://localhost:8080/:0
[26083826ms] [WARNING] [.WebGL-0x1ff413a46200] GL_INVALID_OPERATION: glDrawElements: Must have element array buffer bound. @ http://localhost:8080/:0
[26083866ms] [WARNING] [.WebGL-0x1ff413a46200] GL_INVALID_OPERATION: glDrawElements: Must have element array buffer bound. @ http://localhost:8080/:0
[26083909ms] [WARNING] [.WebGL-0x1ff413a46200] GL_INVALID_OPERATION: glDrawElements: Must have element array buffer bound. @ http://localhost:8080/:0
[26083950ms] [WARNING] [.WebGL-0x1ff413a46200] GL_INVALID_OPERATION: glDrawElements: Must have element array buffer bound. @ http://localhost:8080/:0
[26083993ms] [WARNING] [.WebGL-0x1ff413a46200] GL_INVALID_OPERATION: glDrawElements: Must have element array buffer bound. @ http://localhost:8080/:0
[26084033ms] [WARNING] [.WebGL-0x1ff413a46200] GL_INVALID_OPERATION: glDrawElements: Must have element array buffer bound. @ http://localhost:8080/:0
[26084078ms] [WARNING] [.WebGL-0x1ff413a46200] GL_INVALID_OPERATION: glDrawElements: Must have element array buffer bound. @ http://localhost:8080/:0
[26084119ms] [WARNING] [.WebGL-0x1ff413a46200] GL_INVALID_OPERATION: glDrawElements: Must have element array buffer bound. @ http://localhost:8080/:0
[26084162ms] [WARNING] [.WebGL-0x1ff413a46200] GL_INVALID_OPERATION: glDrawElements: Must have element array buffer bound. @ http://localhost:8080/:0
[26084202ms] [WARNING] [.WebGL-0x1ff413a46200] GL_INVALID_OPERATION: glDrawElements: Must have element array buffer bound. @ http://localhost:8080/:0
[26084243ms] [WARNING] [.WebGL-0x1ff413a46200] GL_INVALID_OPERATION: glDrawElements: Must have element array buffer bound. @ http://localhost:8080/:0
[26084285ms] [WARNING] [.WebGL-0x1ff413a46200] GL_INVALID_OPERATION: glDrawElements: Must have element array buffer bound. @ http://localhost:8080/:0
[26084326ms] [WARNING] [.WebGL-0x1ff413a46200] GL_INVALID_OPERATION: glDrawElements: Must have element array buffer bound. @ http://localhost:8080/:0
[26084367ms] [WARNING] [.WebGL-0x1ff413a46200] GL_INVALID_OPERATION: glDrawElements: Must have element array buffer bound. @ http://localhost:8080/:0
[26084407ms] [WARNING] [.WebGL-0x1ff413a46200] GL_INVALID_OPERATION: glDrawElements: Must have element array buffer bound. @ http://localhost:8080/:0
[26084447ms] [WARNING] [.WebGL-0x1ff413a46200] GL_INVALID_OPERATION: glDrawElements: Must have element array buffer bound. @ http://localhost:8080/:0
[26084489ms] [WARNING] [.WebGL-0x1ff413a46200] GL_INVALID_OPERATION: glDrawElements: Must have element array buffer bound. @ http://localhost:8080/:0
[26084529ms] [WARNING] [.WebGL-0x1ff413a46200] GL_INVALID_OPERATION: glDrawElements: Must have element array buffer bound. @ http://localhost:8080/:0
[26084573ms] [WARNING] [.WebGL-0x1ff413a46200] GL_INVALID_OPERATION: glDrawElements: Must have element array buffer bound. @ http://localhost:8080/:0
[26084613ms] [WARNING] [.WebGL-0x1ff413a46200] GL_INVALID_OPERATION: glDrawElements: Must have element array buffer bound. @ http://localhost:8080/:0
[26084655ms] [WARNING] [.WebGL-0x1ff413a46200] GL_INVALID_OPERATION: glDrawElements: Must have element array buffer bound. @ http://localhost:8080/:0
[26084703ms] [WARNING] [.WebGL-0x1ff413a46200] GL_INVALID_OPERATION: glDrawElements: Must have element array buffer bound. @ http://localhost:8080/:0
[26084745ms] [WARNING] [.WebGL-0x1ff413a46200] GL_INVALID_OPERATION: glDrawElements: Must have element array buffer bound. @ http://localhost:8080/:0
[26084790ms] [WARNING] [.WebGL-0x1ff413a46200] GL_INVALID_OPERATION: glDrawElements: Must have element array buffer bound. @ http://localhost:8080/:0
[26084831ms] [WARNING] [.WebGL-0x1ff413a46200] GL_INVALID_OPERATION: glDrawElements: Must have element array buffer bound. @ http://localhost:8080/:0
[26084873ms] [WARNING] [.WebGL-0x1ff413a46200] GL_INVALID_OPERATION: glDrawElements: Must have element array buffer bound. @ http://localhost:8080/:0
[26084918ms] [WARNING] [.WebGL-0x1ff413a46200] GL_INVALID_OPERATION: glDrawElements: Must have element array buffer bound. @ http://localhost:8080/:0
[26084961ms] [WARNING] [.WebGL-0x1ff413a46200] GL_INVALID_OPERATION: glDrawElements: Must have element array buffer bound. @ http://localhost:8080/:0
[26085000ms] [WARNING] [.WebGL-0x1ff413a46200] GL_INVALID_OPERATION: glDrawElements: Must have element array buffer bound. @ http://localhost:8080/:0
[26085039ms] [WARNING] [.WebGL-0x1ff413a46200] GL_INVALID_OPERATION: glDrawElements: Must have element array buffer bound. @ http://localhost:8080/:0
[26085080ms] [WARNING] [.WebGL-0x1ff413a46200] GL_INVALID_OPERATION: glDrawElements: Must have element array buffer bound. @ http://localhost:8080/:0
[26085119ms] [WARNING] [.WebGL-0x1ff413a46200] GL_INVALID_OPERATION: glDrawElements: Must have element array buffer bound. @ http://localhost:8080/:0
[26085157ms] [WARNING] [.WebGL-0x1ff413a46200] GL_INVALID_OPERATION: glDrawElements: Must have element array buffer bound. @ http://localhost:8080/:0
[26085195ms] [WARNING] [.WebGL-0x1ff413a46200] GL_INVALID_OPERATION: glDrawElements: Must have element array buffer bound. @ http://localhost:8080/:0
[26085232ms] [WARNING] [.WebGL-0x1ff413a46200] GL_INVALID_OPERATION: glDrawElements: Must have element array buffer bound. @ http://localhost:8080/:0
[26085269ms] [WARNING] [.WebGL-0x1ff413a46200] GL_INVALID_OPERATION: glDrawElements: Must have element array buffer bound. @ http://localhost:8080/:0
[26085309ms] [WARNING] [.WebGL-0x1ff413a46200] GL_INVALID_OPERATION: glDrawElements: Must have element array buffer bound. @ http://localhost:8080/:0
[26085346ms] [WARNING] [.WebGL-0x1ff413a46200] GL_INVALID_OPERATION: glDrawElements: Must have element array buffer bound. @ http://localhost:8080/:0
[26085384ms] [WARNING] [.WebGL-0x1ff413a46200] GL_INVALID_OPERATION: glDrawElements: Must have element array buffer bound. @ http://localhost:8080/:0
[26085422ms] [WARNING] [.WebGL-0x1ff413a46200] GL_INVALID_OPERATION: glDrawElements: Must have element array buffer bound. @ http://localhost:8080/:0
[26085459ms] [WARNING] [.WebGL-0x1ff413a46200] GL_INVALID_OPERATION: glDrawElements: Must have element array buffer bound. @ http://localhost:8080/:0
[26085497ms] [WARNING] [.WebGL-0x1ff413a46200] GL_INVALID_OPERATION: glDrawElements: Must have element array buffer bound. @ http://localhost:8080/:0
[26085535ms] [WARNING] [.WebGL-0x1ff413a46200] GL_INVALID_OPERATION: glDrawElements: Must have element array buffer bound. @ http://localhost:8080/:0
[26085576ms] [WARNING] [.WebGL-0x1ff413a46200] GL_INVALID_OPERATION: glDrawElements: Must have element array buffer bound. @ http://localhost:8080/:0
[26085614ms] [WARNING] [.WebGL-0x1ff413a46200] GL_INVALID_OPERATION: glDrawElements: Must have element array buffer bound. @ http://localhost:8080/:0
[26085653ms] [WARNING] [.WebGL-0x1ff413a46200] GL_INVALID_OPERATION: glDrawElements: Must have element array buffer bound. @ http://localhost:8080/:0
[26085691ms] [WARNING] [.WebGL-0x1ff413a46200] GL_INVALID_OPERATION: glDrawElements: Must have element array buffer bound. @ http://localhost:8080/:0
[26085729ms] [WARNING] [.WebGL-0x1ff413a46200] GL_INVALID_OPERATION: glDrawElements: Must have element array buffer bound. @ http://localhost:8080/:0
[26085767ms] [WARNING] [.WebGL-0x1ff413a46200] GL_INVALID_OPERATION: glDrawElements: Must have element array buffer bound. @ http://localhost:8080/:0
[26085806ms] [WARNING] [.WebGL-0x1ff413a46200] GL_INVALID_OPERATION: glDrawElements: Must have element array buffer bound. @ http://localhost:8080/:0
[26085844ms] [WARNING] [.WebGL-0x1ff413a46200] GL_INVALID_OPERATION: glDrawElements: Must have element array buffer bound. @ http://localhost:8080/:0
[26085885ms] [WARNING] [.WebGL-0x1ff413a46200] GL_INVALID_OPERATION: glDrawElements: Must have element array buffer bound. @ http://localhost:8080/:0
[26085931ms] [WARNING] [.WebGL-0x1ff413a46200] GL_INVALID_OPERATION: glDrawElements: Must have element array buffer bound. @ http://localhost:8080/:0
[26085975ms] [WARNING] [.WebGL-0x1ff413a46200] GL_INVALID_OPERATION: glDrawElements: Must have element array buffer bound. @ http://localhost:8080/:0
[26086018ms] [WARNING] [.WebGL-0x1ff413a46200] GL_INVALID_OPERATION: glDrawElements: Must have element array buffer bound. @ http://localhost:8080/:0
[26086064ms] [WARNING] [.WebGL-0x1ff413a46200] GL_INVALID_OPERATION: glDrawElements: Must have element array buffer bound. @ http://localhost:8080/:0
[26086109ms] [WARNING] [.WebGL-0x1ff413a46200] GL_INVALID_OPERATION: glDrawElements: Must have element array buffer bound. @ http://localhost:8080/:0
[26086154ms] [WARNING] [.WebGL-0x1ff413a46200] GL_INVALID_OPERATION: glDrawElements: Must have element array buffer bound. @ http://localhost:8080/:0
[26086198ms] [WARNING] [.WebGL-0x1ff413a46200] GL_INVALID_OPERATION: glDrawElements: Must have element array buffer bound. @ http://localhost:8080/:0
[26086242ms] [WARNING] [.WebGL-0x1ff413a46200] GL_INVALID_OPERATION: glDrawElements: Must have element array buffer bound. @ http://localhost:8080/:0
[26086285ms] [WARNING] [.WebGL-0x1ff413a46200] GL_INVALID_OPERATION: glDrawElements: Must have element array buffer bound. @ http://localhost:8080/:0
[26086328ms] [WARNING] [.WebGL-0x1ff413a46200] GL_INVALID_OPERATION: glDrawElements: Must have element array buffer bound. @ http://localhost:8080/:0
[26086371ms] [WARNING] [.WebGL-0x1ff413a46200] GL_INVALID_OPERATION: glDrawElements: Must have element array buffer bound. @ http://localhost:8080/:0
[26086413ms] [WARNING] [.WebGL-0x1ff413a46200] GL_INVALID_OPERATION: glDrawElements: Must have element array buffer bound. @ http://localhost:8080/:0
[26086455ms] [WARNING] [.WebGL-0x1ff413a46200] GL_INVALID_OPERATION: glDrawElements: Must have element array buffer bound. @ http://localhost:8080/:0
[26086497ms] [WARNING] [.WebGL-0x1ff413a46200] GL_INVALID_OPERATION: glDrawElements: Must have element array buffer bound. @ http://localhost:8080/:0
[26086540ms] [WARNING] [.WebGL-0x1ff413a46200] GL_INVALID_OPERATION: glDrawElements: Must have element array buffer bound. @ http://localhost:8080/:0
[26086587ms] [WARNING] [.WebGL-0x1ff413a46200] GL_INVALID_OPERATION: glDrawElements: Must have element array buffer bound. @ http://localhost:8080/:0
[26086629ms] [WARNING] [.WebGL-0x1ff413a46200] GL_INVALID_OPERATION: glDrawElements: Must have element array buffer bound. @ http://localhost:8080/:0
[26086671ms] [WARNING] [.WebGL-0x1ff413a46200] GL_INVALID_OPERATION: glDrawElements: Must have element array buffer bound. @ http://localhost:8080/:0
[26086714ms] [WARNING] [.WebGL-0x1ff413a46200] GL_INVALID_OPERATION: glDrawElements: Must have element array buffer bound. @ http://localhost:8080/:0
[26086757ms] [WARNING] [.WebGL-0x1ff413a46200] GL_INVALID_OPERATION: glDrawElements: Must have element array buffer bound. @ http://localhost:8080/:0
[26086801ms] [WARNING] [.WebGL-0x1ff413a46200] GL_INVALID_OPERATION: glDrawElements: Must have element array buffer bound. @ http://localhost:8080/:0
[26086843ms] [WARNING] [.WebGL-0x1ff413a46200] GL_INVALID_OPERATION: glDrawElements: Must have element array buffer bound. @ http://localhost:8080/:0
[26086885ms] [WARNING] [.WebGL-0x1ff413a46200] GL_INVALID_OPERATION: glDrawElements: Must have element array buffer bound. @ http://localhost:8080/:0
[26086929ms] [WARNING] [.WebGL-0x1ff413a46200] GL_INVALID_OPERATION: glDrawElements: Must have element array buffer bound. @ http://localhost:8080/:0
[26086973ms] [WARNING] [.WebGL-0x1ff413a46200] GL_INVALID_OPERATION: glDrawElements: Must have element array buffer bound. @ http://localhost:8080/:0
[26087015ms] [WARNING] [.WebGL-0x1ff413a46200] GL_INVALID_OPERATION: glDrawElements: Must have element array buffer bound. @ http://localhost:8080/:0
[26087059ms] [WARNING] [.WebGL-0x1ff413a46200] GL_INVALID_OPERATION: glDrawElements: Must have element array buffer bound. @ http://localhost:8080/:0
[26087103ms] [WARNING] [.WebGL-0x1ff413a46200] GL_INVALID_OPERATION: glDrawElements: Must have element array buffer bound. @ http://localhost:8080/:0
[26087145ms] [WARNING] [.WebGL-0x1ff413a46200] GL_INVALID_OPERATION: glDrawElements: Must have element array buffer bound. @ http://localhost:8080/:0
[26087188ms] [WARNING] [.WebGL-0x1ff413a46200] GL_INVALID_OPERATION: glDrawElements: Must have element array buffer bound. @ http://localhost:8080/:0
[26087234ms] [WARNING] [.WebGL-0x1ff413a46200] GL_INVALID_OPERATION: glDrawElements: Must have element array buffer bound. @ http://localhost:8080/:0
[26087283ms] [WARNING] [.WebGL-0x1ff413a46200] GL_INVALID_OPERATION: glDrawElements: Must have element array buffer bound. @ http://localhost:8080/:0
[26087332ms] [WARNING] [.WebGL-0x1ff413a46200] GL_INVALID_OPERATION: glDrawElements: Must have element array buffer bound. @ http://localhost:8080/:0
[26087381ms] [WARNING] [.WebGL-0x1ff413a46200] GL_INVALID_OPERATION: glDrawElements: Must have element array buffer bound. @ http://localhost:8080/:0
[26087428ms] [WARNING] [.WebGL-0x1ff413a46200] GL_INVALID_OPERATION: glDrawElements: Must have element array buffer bound. @ http://localhost:8080/:0
[26087479ms] [WARNING] [.WebGL-0x1ff413a46200] GL_INVALID_OPERATION: glDrawElements: Must have element array buffer bound. @ http://localhost:8080/:0
[26087528ms] [WARNING] [.WebGL-0x1ff413a46200] GL_INVALID_OPERATION: glDrawElements: Must have element array buffer bound. @ http://localhost:8080/:0
[26087577ms] [WARNING] [.WebGL-0x1ff413a46200] GL_INVALID_OPERATION: glDrawElements: Must have element array buffer bound. @ http://localhost:8080/:0
[26087628ms] [WARNING] [.WebGL-0x1ff413a46200] GL_INVALID_OPERATION: glDrawElements: Must have element array buffer bound. @ http://localhost:8080/:0
[26087679ms] [WARNING] [.WebGL-0x1ff413a46200] GL_INVALID_OPERATION: glDrawElements: Must have element array buffer bound. @ http://localhost:8080/:0
[26087736ms] [WARNING] [.WebGL-0x1ff413a46200] GL_INVALID_OPERATION: glDrawElements: Must have element array buffer bound. @ http://localhost:8080/:0
[26087785ms] [WARNING] [.WebGL-0x1ff413a46200] GL_INVALID_OPERATION: glDrawElements: Must have element array buffer bound. @ http://localhost:8080/:0
[26087836ms] [WARNING] [.WebGL-0x1ff413a46200] GL_INVALID_OPERATION: glDrawElements: Must have element array buffer bound. @ http://localhost:8080/:0
[26087886ms] [WARNING] [.WebGL-0x1ff413a46200] GL_INVALID_OPERATION: glDrawElements: Must have element array buffer bound. @ http://localhost:8080/:0
[26087937ms] [WARNING] [.WebGL-0x1ff413a46200] GL_INVALID_OPERATION: glDrawElements: Must have element array buffer bound. @ http://localhost:8080/:0
[26087990ms] [WARNING] [.WebGL-0x1ff413a46200] GL_INVALID_OPERATION: glDrawElements: Must have element array buffer bound. @ http://localhost:8080/:0
[26088048ms] [WARNING] [.WebGL-0x1ff413a46200] GL_INVALID_OPERATION: glDrawElements: Must have element array buffer bound. @ http://localhost:8080/:0
[26088101ms] [WARNING] [.WebGL-0x1ff413a46200] GL_INVALID_OPERATION: glDrawElements: Must have element array buffer bound. @ http://localhost:8080/:0
[26088152ms] [WARNING] [.WebGL-0x1ff413a46200] GL_INVALID_OPERATION: glDrawElements: Must have element array buffer bound. @ http://localhost:8080/:0
[26088203ms] [WARNING] [.WebGL-0x1ff413a46200] GL_INVALID_OPERATION: glDrawElements: Must have element array buffer bound. @ http://localhost:8080/:0
[26088257ms] [WARNING] [.WebGL-0x1ff413a46200] GL_INVALID_OPERATION: glDrawElements: Must have element array buffer bound. @ http://localhost:8080/:0
[26088317ms] [WARNING] [.WebGL-0x1ff413a46200] GL_INVALID_OPERATION: glDrawElements: Must have element array buffer bound. @ http://localhost:8080/:0
[26088370ms] [WARNING] [.WebGL-0x1ff413a46200] GL_INVALID_OPERATION: glDrawElements: Must have element array buffer bound. @ http://localhost:8080/:0
[26088426ms] [WARNING] [.WebGL-0x1ff413a46200] GL_INVALID_OPERATION: glDrawElements: Must have element array buffer bound. @ http://localhost:8080/:0
[26088482ms] [WARNING] [.WebGL-0x1ff413a46200] GL_INVALID_OPERATION: glDrawElements: Must have element array buffer bound. @ http://localhost:8080/:0
[26088546ms] [WARNING] [.WebGL-0x1ff413a46200] GL_INVALID_OPERATION: glDrawElements: Must have element array buffer bound. @ http://localhost:8080/:0
[26088604ms] [WARNING] [.WebGL-0x1ff413a46200] GL_INVALID_OPERATION: glDrawElements: Must have element array buffer bound. @ http://localhost:8080/:0
[26088661ms] [WARNING] [.WebGL-0x1ff413a46200] GL_INVALID_OPERATION: glDrawElements: Must have element array buffer bound. @ http://localhost:8080/:0
[26088729ms] [WARNING] [.WebGL-0x1ff413a46200] GL_INVALID_OPERATION: glDrawElements: Must have element array buffer bound. @ http://localhost:8080/:0
[26088785ms] [WARNING] [.WebGL-0x1ff413a46200] GL_INVALID_OPERATION: glDrawElements: Must have element array buffer bound. @ http://localhost:8080/:0
[26088838ms] [WARNING] [.WebGL-0x1ff413a46200] GL_INVALID_OPERATION: glDrawElements: Must have element array buffer bound. @ http://localhost:8080/:0
[26088900ms] [WARNING] [.WebGL-0x1ff413a46200] GL_INVALID_OPERATION: glDrawElements: Must have element array buffer bound. @ http://localhost:8080/:0
[26088960ms] [WARNING] [.WebGL-0x1ff413a46200] GL_INVALID_OPERATION: glDrawElements: Must have element array buffer bound. @ http://localhost:8080/:0
[26089021ms] [WARNING] [.WebGL-0x1ff413a46200] GL_INVALID_OPERATION: glDrawElements: Must have element array buffer bound. @ http://localhost:8080/:0
[26089075ms] [WARNING] [.WebGL-0x1ff413a46200] GL_INVALID_OPERATION: glDrawElements: Must have element array buffer bound. @ http://localhost:8080/:0
[26089137ms] [WARNING] [.WebGL-0x1ff413a46200] GL_INVALID_OPERATION: glDrawElements: Must have element array buffer bound. @ http://localhost:8080/:0
[26089197ms] [WARNING] [.WebGL-0x1ff413a46200] GL_INVALID_OPERATION: glDrawElements: Must have element array buffer bound. @ http://localhost:8080/:0
[26089253ms] [WARNING] [.WebGL-0x1ff413a46200] GL_INVALID_OPERATION: glDrawElements: Must have element array buffer bound. @ http://localhost:8080/:0
[26089315ms] [WARNING] [.WebGL-0x1ff413a46200] GL_INVALID_OPERATION: glDrawElements: Must have element array buffer bound. @ http://localhost:8080/:0
[26089372ms] [WARNING] [.WebGL-0x1ff413a46200] GL_INVALID_OPERATION: glDrawElements: Must have element array buffer bound. @ http://localhost:8080/:0
[26089372ms] [WARNING] WebGL: too many errors, no more errors will be reported to the console for this context. @ http://localhost:8080/:0
[26926537ms] [WARNING] [.WebGL-0x1ff401775c00] GL_INVALID_VALUE: glGetProgramiv: Program object expected. @ http://localhost:8080/:0
[26926537ms] [WARNING] [.WebGL-0x1ff401775c00] GL_INVALID_VALUE: glGetProgramiv: Program object expected. @ http://localhost:8080/:0
[26926537ms] [WARNING] [.WebGL-0x1ff401775c00] GL_INVALID_VALUE: glGetProgramiv: Program object expected. @ http://localhost:8080/:0
[26926537ms] [WARNING] [.WebGL-0x1ff401775c00] GL_INVALID_VALUE: glGetProgramiv: Program object expected. @ http://localhost:8080/:0
[26926537ms] [WARNING] [.WebGL-0x1ff401775c00] GL_INVALID_VALUE: glGetProgramiv: Program object expected. @ http://localhost:8080/:0
[26926537ms] [WARNING] [.WebGL-0x1ff401775c00] GL_INVALID_VALUE: glGetProgramiv: Program object expected. @ http://localhost:8080/:0
[26926537ms] [WARNING] [.WebGL-0x1ff401775c00] GL_INVALID_VALUE: glGetProgramiv: Program object expected. @ http://localhost:8080/:0
[26926537ms] [WARNING] [.WebGL-0x1ff401775c00] GL_INVALID_VALUE: glGetProgramiv: Program object expected. @ http://localhost:8080/:0
[26926537ms] [WARNING] [.WebGL-0x1ff401775c00] GL_INVALID_VALUE: glGetProgramiv: Program object expected. @ http://localhost:8080/:0
[26926538ms] [WARNING] [.WebGL-0x1ff401775c00] GL_INVALID_VALUE: glGetProgramiv: Program object expected. @ http://localhost:8080/:0
[26926538ms] [WARNING] [.WebGL-0x1ff401775c00] GL_INVALID_VALUE: glGetProgramiv: Program object expected. @ http://localhost:8080/:0
[26926539ms] [WARNING] [.WebGL-0x1ff401775c00] GL_INVALID_VALUE: glGetProgramiv: Program object expected. @ http://localhost:8080/:0
[26946665ms] [WARNING] [.WebGL-0x1ff4007de300] GL_INVALID_OPERATION: glDrawElements: Must have element array buffer bound. @ http://localhost:8080/:0
[26946766ms] [WARNING] [.WebGL-0x1ff4007de300] GL_INVALID_OPERATION: glDrawElements: Must have element array buffer bound. @ http://localhost:8080/:0
[26946828ms] [WARNING] [.WebGL-0x1ff4007de300] GL_INVALID_OPERATION: glDrawElements: Must have element array buffer bound. @ http://localhost:8080/:0
[26946873ms] [WARNING] [.WebGL-0x1ff4007de300] GL_INVALID_OPERATION: glDrawElements: Must have element array buffer bound. @ http://localhost:8080/:0
[26946918ms] [WARNING] [.WebGL-0x1ff4007de300] GL_INVALID_OPERATION: glDrawElements: Must have element array buffer bound. @ http://localhost:8080/:0
[26946967ms] [WARNING] [.WebGL-0x1ff4007de300] GL_INVALID_OPERATION: glDrawElements: Must have element array buffer bound. @ http://localhost:8080/:0
[26947013ms] [WARNING] [.WebGL-0x1ff4007de300] GL_INVALID_OPERATION: glDrawElements: Must have element array buffer bound. @ http://localhost:8080/:0
[26947069ms] [WARNING] [.WebGL-0x1ff4007de300] GL_INVALID_OPERATION: glDrawElements: Must have element array buffer bound. @ http://localhost:8080/:0
[26947116ms] [WARNING] [.WebGL-0x1ff4007de300] GL_INVALID_OPERATION: glDrawElements: Must have element array buffer bound. @ http://localhost:8080/:0
[26947166ms] [WARNING] [.WebGL-0x1ff4007de300] GL_INVALID_OPERATION: glDrawElements: Must have element array buffer bound. @ http://localhost:8080/:0
[26947214ms] [WARNING] [.WebGL-0x1ff4007de300] GL_INVALID_OPERATION: glDrawElements: Must have element array buffer bound. @ http://localhost:8080/:0
[26947262ms] [WARNING] [.WebGL-0x1ff4007de300] GL_INVALID_OPERATION: glDrawElements: Must have element array buffer bound. @ http://localhost:8080/:0
[26947311ms] [WARNING] [.WebGL-0x1ff4007de300] GL_INVALID_OPERATION: glDrawElements: Must have element array buffer bound. @ http://localhost:8080/:0
[26947362ms] [WARNING] [.WebGL-0x1ff4007de300] GL_INVALID_OPERATION: glDrawElements: Must have element array buffer bound. @ http://localhost:8080/:0
[26947414ms] [WARNING] [.WebGL-0x1ff4007de300] GL_INVALID_OPERATION: glDrawElements: Must have element array buffer bound. @ http://localhost:8080/:0
[26947467ms] [WARNING] [.WebGL-0x1ff4007de300] GL_INVALID_OPERATION: glDrawElements: Must have element array buffer bound. @ http://localhost:8080/:0
[26947517ms] [WARNING] [.WebGL-0x1ff4007de300] GL_INVALID_OPERATION: glDrawElements: Must have element array buffer bound. @ http://localhost:8080/:0
[26947563ms] [WARNING] [.WebGL-0x1ff4007de300] GL_INVALID_OPERATION: glDrawElements: Must have element array buffer bound. @ http://localhost:8080/:0
[26947613ms] [WARNING] [.WebGL-0x1ff4007de300] GL_INVALID_OPERATION: glDrawElements: Must have element array buffer bound. @ http://localhost:8080/:0
[26947658ms] [WARNING] [.WebGL-0x1ff4007de300] GL_INVALID_OPERATION: glDrawElements: Must have element array buffer bound. @ http://localhost:8080/:0
[26947707ms] [WARNING] [.WebGL-0x1ff4007de300] GL_INVALID_OPERATION: glDrawElements: Must have element array buffer bound. @ http://localhost:8080/:0
[26947754ms] [WARNING] [.WebGL-0x1ff4007de300] GL_INVALID_OPERATION: glDrawElements: Must have element array buffer bound. @ http://localhost:8080/:0
[26947800ms] [WARNING] [.WebGL-0x1ff4007de300] GL_INVALID_OPERATION: glDrawElements: Must have element array buffer bound. @ http://localhost:8080/:0
[26947848ms] [WARNING] [.WebGL-0x1ff4007de300] GL_INVALID_OPERATION: glDrawElements: Must have element array buffer bound. @ http://localhost:8080/:0
[26947895ms] [WARNING] [.WebGL-0x1ff4007de300] GL_INVALID_OPERATION: glDrawElements: Must have element array buffer bound. @ http://localhost:8080/:0
[26947940ms] [WARNING] [.WebGL-0x1ff4007de300] GL_INVALID_OPERATION: glDrawElements: Must have element array buffer bound. @ http://localhost:8080/:0
[26947986ms] [WARNING] [.WebGL-0x1ff4007de300] GL_INVALID_OPERATION: glDrawElements: Must have element array buffer bound. @ http://localhost:8080/:0
[26948035ms] [WARNING] [.WebGL-0x1ff4007de300] GL_INVALID_OPERATION: glDrawElements: Must have element array buffer bound. @ http://localhost:8080/:0
[26948082ms] [WARNING] [.WebGL-0x1ff4007de300] GL_INVALID_OPERATION: glDrawElements: Must have element array buffer bound. @ http://localhost:8080/:0
[26948127ms] [WARNING] [.WebGL-0x1ff4007de300] GL_INVALID_OPERATION: glDrawElements: Must have element array buffer bound. @ http://localhost:8080/:0
[26948175ms] [WARNING] [.WebGL-0x1ff4007de300] GL_INVALID_OPERATION: glDrawElements: Must have element array buffer bound. @ http://localhost:8080/:0
[26948219ms] [WARNING] [.WebGL-0x1ff4007de300] GL_INVALID_OPERATION: glDrawElements: Must have element array buffer bound. @ http://localhost:8080/:0
[26948263ms] [WARNING] [.WebGL-0x1ff4007de300] GL_INVALID_OPERATION: glDrawElements: Must have element array buffer bound. @ http://localhost:8080/:0
[26948307ms] [WARNING] [.WebGL-0x1ff4007de300] GL_INVALID_OPERATION: glDrawElements: Must have element array buffer bound. @ http://localhost:8080/:0
[26948353ms] [WARNING] [.WebGL-0x1ff4007de300] GL_INVALID_OPERATION: glDrawElements: Must have element array buffer bound. @ http://localhost:8080/:0
[26948398ms] [WARNING] [.WebGL-0x1ff4007de300] GL_INVALID_OPERATION: glDrawElements: Must have element array buffer bound. @ http://localhost:8080/:0
[26948442ms] [WARNING] [.WebGL-0x1ff4007de300] GL_INVALID_OPERATION: glDrawElements: Must have element array buffer bound. @ http://localhost:8080/:0
[26948485ms] [WARNING] [.WebGL-0x1ff4007de300] GL_INVALID_OPERATION: glDrawElements: Must have element array buffer bound. @ http://localhost:8080/:0
[26948530ms] [WARNING] [.WebGL-0x1ff4007de300] GL_INVALID_OPERATION: glDrawElements: Must have element array buffer bound. @ http://localhost:8080/:0
[26948574ms] [WARNING] [.WebGL-0x1ff4007de300] GL_INVALID_OPERATION: glDrawElements: Must have element array buffer bound. @ http://localhost:8080/:0
[26948619ms] [WARNING] [.WebGL-0x1ff4007de300] GL_INVALID_OPERATION: glDrawElements: Must have element array buffer bound. @ http://localhost:8080/:0
[26948666ms] [WARNING] [.WebGL-0x1ff4007de300] GL_INVALID_OPERATION: glDrawElements: Must have element array buffer bound. @ http://localhost:8080/:0
[26948710ms] [WARNING] [.WebGL-0x1ff4007de300] GL_INVALID_OPERATION: glDrawElements: Must have element array buffer bound. @ http://localhost:8080/:0
[26948754ms] [WARNING] [.WebGL-0x1ff4007de300] GL_INVALID_OPERATION: glDrawElements: Must have element array buffer bound. @ http://localhost:8080/:0
[26948797ms] [WARNING] [.WebGL-0x1ff4007de300] GL_INVALID_OPERATION: glDrawElements: Must have element array buffer bound. @ http://localhost:8080/:0
[26948842ms] [WARNING] [.WebGL-0x1ff4007de300] GL_INVALID_OPERATION: glDrawElements: Must have element array buffer bound. @ http://localhost:8080/:0
[26948887ms] [WARNING] [.WebGL-0x1ff4007de300] GL_INVALID_OPERATION: glDrawElements: Must have element array buffer bound. @ http://localhost:8080/:0
[26948931ms] [WARNING] [.WebGL-0x1ff4007de300] GL_INVALID_OPERATION: glDrawElements: Must have element array buffer bound. @ http://localhost:8080/:0
[26948974ms] [WARNING] [.WebGL-0x1ff4007de300] GL_INVALID_OPERATION: glDrawElements: Must have element array buffer bound. @ http://localhost:8080/:0
[26949019ms] [WARNING] [.WebGL-0x1ff4007de300] GL_INVALID_OPERATION: glDrawElements: Must have element array buffer bound. @ http://localhost:8080/:0
[26949067ms] [WARNING] [.WebGL-0x1ff4007de300] GL_INVALID_OPERATION: glDrawElements: Must have element array buffer bound. @ http://localhost:8080/:0
[26949110ms] [WARNING] [.WebGL-0x1ff4007de300] GL_INVALID_OPERATION: glDrawElements: Must have element array buffer bound. @ http://localhost:8080/:0
[26949155ms] [WARNING] [.WebGL-0x1ff4007de300] GL_INVALID_OPERATION: glDrawElements: Must have element array buffer bound. @ http://localhost:8080/:0
[26949203ms] [WARNING] [.WebGL-0x1ff4007de300] GL_INVALID_OPERATION: glDrawElements: Must have element array buffer bound. @ http://localhost:8080/:0
[26949252ms] [WARNING] [.WebGL-0x1ff4007de300] GL_INVALID_OPERATION: glDrawElements: Must have element array buffer bound. @ http://localhost:8080/:0
[26949296ms] [WARNING] [.WebGL-0x1ff4007de300] GL_INVALID_OPERATION: glDrawElements: Must have element array buffer bound. @ http://localhost:8080/:0
[26949341ms] [WARNING] [.WebGL-0x1ff4007de300] GL_INVALID_OPERATION: glDrawElements: Must have element array buffer bound. @ http://localhost:8080/:0
[26949435ms] [WARNING] [.WebGL-0x1ff4007de300] GL_INVALID_OPERATION: glDrawElements: Must have element array buffer bound. @ http://localhost:8080/:0
[26949435ms] [WARNING] [.WebGL-0x1ff4007de300] GL_INVALID_OPERATION: glDrawElements: Must have element array buffer bound. @ http://localhost:8080/:0
[26949481ms] [WARNING] [.WebGL-0x1ff4007de300] GL_INVALID_OPERATION: glDrawElements: Must have element array buffer bound. @ http://localhost:8080/:0
[26949527ms] [WARNING] [.WebGL-0x1ff4007de300] GL_INVALID_OPERATION: glDrawElements: Must have element array buffer bound. @ http://localhost:8080/:0
[26949618ms] [WARNING] [.WebGL-0x1ff4007de300] GL_INVALID_OPERATION: glDrawElements: Must have element array buffer bound. @ http://localhost:8080/:0
[26949619ms] [WARNING] [.WebGL-0x1ff4007de300] GL_INVALID_OPERATION: glDrawElements: Must have element array buffer bound. @ http://localhost:8080/:0
[26949664ms] [WARNING] [.WebGL-0x1ff4007de300] GL_INVALID_OPERATION: glDrawElements: Must have element array buffer bound. @ http://localhost:8080/:0
[26949758ms] [WARNING] [.WebGL-0x1ff4007de300] GL_INVALID_OPERATION: glDrawElements: Must have element array buffer bound. @ http://localhost:8080/:0
[26949758ms] [WARNING] [.WebGL-0x1ff4007de300] GL_INVALID_OPERATION: glDrawElements: Must have element array buffer bound. @ http://localhost:8080/:0
[26949806ms] [WARNING] [.WebGL-0x1ff4007de300] GL_INVALID_OPERATION: glDrawElements: Must have element array buffer bound. @ http://localhost:8080/:0
[26949854ms] [WARNING] [.WebGL-0x1ff4007de300] GL_INVALID_OPERATION: glDrawElements: Must have element array buffer bound. @ http://localhost:8080/:0
[26949903ms] [WARNING] [.WebGL-0x1ff4007de300] GL_INVALID_OPERATION: glDrawElements: Must have element array buffer bound. @ http://localhost:8080/:0
[26949950ms] [WARNING] [.WebGL-0x1ff4007de300] GL_INVALID_OPERATION: glDrawElements: Must have element array buffer bound. @ http://localhost:8080/:0
[26950041ms] [WARNING] [.WebGL-0x1ff4007de300] GL_INVALID_OPERATION: glDrawElements: Must have element array buffer bound. @ http://localhost:8080/:0
[26950041ms] [WARNING] [.WebGL-0x1ff4007de300] GL_INVALID_OPERATION: glDrawElements: Must have element array buffer bound. @ http://localhost:8080/:0
[26950085ms] [WARNING] [.WebGL-0x1ff4007de300] GL_INVALID_OPERATION: glDrawElements: Must have element array buffer bound. @ http://localhost:8080/:0
[26950129ms] [WARNING] [.WebGL-0x1ff4007de300] GL_INVALID_OPERATION: glDrawElements: Must have element array buffer bound. @ http://localhost:8080/:0
[26950174ms] [WARNING] [.WebGL-0x1ff4007de300] GL_INVALID_OPERATION: glDrawElements: Must have element array buffer bound. @ http://localhost:8080/:0
[26950224ms] [WARNING] [.WebGL-0x1ff4007de300] GL_INVALID_OPERATION: glDrawElements: Must have element array buffer bound. @ http://localhost:8080/:0
[26950277ms] [WARNING] [.WebGL-0x1ff4007de300] GL_INVALID_OPERATION: glDrawElements: Must have element array buffer bound. @ http://localhost:8080/:0
[26950327ms] [WARNING] [.WebGL-0x1ff4007de300] GL_INVALID_OPERATION: glDrawElements: Must have element array buffer bound. @ http://localhost:8080/:0
[26950429ms] [WARNING] [.WebGL-0x1ff4007de300] GL_INVALID_OPERATION: glDrawElements: Must have element array buffer bound. @ http://localhost:8080/:0
[26950429ms] [WARNING] [.WebGL-0x1ff4007de300] GL_INVALID_OPERATION: glDrawElements: Must have element array buffer bound. @ http://localhost:8080/:0
[26950479ms] [WARNING] [.WebGL-0x1ff4007de300] GL_INVALID_OPERATION: glDrawElements: Must have element array buffer bound. @ http://localhost:8080/:0
[26950532ms] [WARNING] [.WebGL-0x1ff4007de300] GL_INVALID_OPERATION: glDrawElements: Must have element array buffer bound. @ http://localhost:8080/:0
[26950578ms] [WARNING] [.WebGL-0x1ff4007de300] GL_INVALID_OPERATION: glDrawElements: Must have element array buffer bound. @ http://localhost:8080/:0
[26950621ms] [WARNING] [.WebGL-0x1ff4007de300] GL_INVALID_OPERATION: glDrawElements: Must have element array buffer bound. @ http://localhost:8080/:0
[26950667ms] [WARNING] [.WebGL-0x1ff4007de300] GL_INVALID_OPERATION: glDrawElements: Must have element array buffer bound. @ http://localhost:8080/:0
[26950709ms] [WARNING] [.WebGL-0x1ff4007de300] GL_INVALID_OPERATION: glDrawElements: Must have element array buffer bound. @ http://localhost:8080/:0
[26950752ms] [WARNING] [.WebGL-0x1ff4007de300] GL_INVALID_OPERATION: glDrawElements: Must have element array buffer bound. @ http://localhost:8080/:0
[26950798ms] [WARNING] [.WebGL-0x1ff4007de300] GL_INVALID_OPERATION: glDrawElements: Must have element array buffer bound. @ http://localhost:8080/:0
[26950995ms] [WARNING] [.WebGL-0x1ff4007de300] GL_INVALID_OPERATION: glDrawElements: Must have element array buffer bound. @ http://localhost:8080/:0
[26950995ms] [WARNING] [.WebGL-0x1ff4007de300] GL_INVALID_OPERATION: glDrawElements: Must have element array buffer bound. @ http://localhost:8080/:0
[26950995ms] [WARNING] [.WebGL-0x1ff4007de300] GL_INVALID_OPERATION: glDrawElements: Must have element array buffer bound. @ http://localhost:8080/:0
[26950995ms] [WARNING] [.WebGL-0x1ff4007de300] GL_INVALID_OPERATION: glDrawElements: Must have element array buffer bound. @ http://localhost:8080/:0
[26951047ms] [WARNING] [.WebGL-0x1ff4007de300] GL_INVALID_OPERATION: glDrawElements: Must have element array buffer bound. @ http://localhost:8080/:0
[26951097ms] [WARNING] [.WebGL-0x1ff4007de300] GL_INVALID_OPERATION: glDrawElements: Must have element array buffer bound. @ http://localhost:8080/:0
[26951152ms] [WARNING] [.WebGL-0x1ff4007de300] GL_INVALID_OPERATION: glDrawElements: Must have element array buffer bound. @ http://localhost:8080/:0
[26951202ms] [WARNING] [.WebGL-0x1ff4007de300] GL_INVALID_OPERATION: glDrawElements: Must have element array buffer bound. @ http://localhost:8080/:0
[26951257ms] [WARNING] [.WebGL-0x1ff4007de300] GL_INVALID_OPERATION: glDrawElements: Must have element array buffer bound. @ http://localhost:8080/:0
[26951322ms] [WARNING] [.WebGL-0x1ff4007de300] GL_INVALID_OPERATION: glDrawElements: Must have element array buffer bound. @ http://localhost:8080/:0
[26951479ms] [WARNING] [.WebGL-0x1ff4007de300] GL_INVALID_OPERATION: glDrawElements: Must have element array buffer bound. @ http://localhost:8080/:0
[26951479ms] [WARNING] [.WebGL-0x1ff4007de300] GL_INVALID_OPERATION: glDrawElements: Must have element array buffer bound. @ http://localhost:8080/:0
[26951538ms] [WARNING] [.WebGL-0x1ff4007de300] GL_INVALID_OPERATION: glDrawElements: Must have element array buffer bound. @ http://localhost:8080/:0
[26951657ms] [WARNING] [.WebGL-0x1ff4007de300] GL_INVALID_OPERATION: glDrawElements: Must have element array buffer bound. @ http://localhost:8080/:0
[26951657ms] [WARNING] [.WebGL-0x1ff4007de300] GL_INVALID_OPERATION: glDrawElements: Must have element array buffer bound. @ http://localhost:8080/:0
[26951716ms] [WARNING] [.WebGL-0x1ff4007de300] GL_INVALID_OPERATION: glDrawElements: Must have element array buffer bound. @ http://localhost:8080/:0
[26951774ms] [WARNING] [.WebGL-0x1ff4007de300] GL_INVALID_OPERATION: glDrawElements: Must have element array buffer bound. @ http://localhost:8080/:0
[26951830ms] [WARNING] [.WebGL-0x1ff4007de300] GL_INVALID_OPERATION: glDrawElements: Must have element array buffer bound. @ http://localhost:8080/:0
[26951884ms] [WARNING] [.WebGL-0x1ff4007de300] GL_INVALID_OPERATION: glDrawElements: Must have element array buffer bound. @ http://localhost:8080/:0
[26951937ms] [WARNING] [.WebGL-0x1ff4007de300] GL_INVALID_OPERATION: glDrawElements: Must have element array buffer bound. @ http://localhost:8080/:0
[26952043ms] [WARNING] [.WebGL-0x1ff4007de300] GL_INVALID_OPERATION: glDrawElements: Must have element array buffer bound. @ http://localhost:8080/:0
[26952043ms] [WARNING] [.WebGL-0x1ff4007de300] GL_INVALID_OPERATION: glDrawElements: Must have element array buffer bound. @ http://localhost:8080/:0
[26952096ms] [WARNING] [.WebGL-0x1ff4007de300] GL_INVALID_OPERATION: glDrawElements: Must have element array buffer bound. @ http://localhost:8080/:0
[26952150ms] [WARNING] [.WebGL-0x1ff4007de300] GL_INVALID_OPERATION: glDrawElements: Must have element array buffer bound. @ http://localhost:8080/:0
[26952251ms] [WARNING] [.WebGL-0x1ff4007de300] GL_INVALID_OPERATION: glDrawElements: Must have element array buffer bound. @ http://localhost:8080/:0
[26952251ms] [WARNING] [.WebGL-0x1ff4007de300] GL_INVALID_OPERATION: glDrawElements: Must have element array buffer bound. @ http://localhost:8080/:0
[26952303ms] [WARNING] [.WebGL-0x1ff4007de300] GL_INVALID_OPERATION: glDrawElements: Must have element array buffer bound. @ http://localhost:8080/:0
[26952353ms] [WARNING] [.WebGL-0x1ff4007de300] GL_INVALID_OPERATION: glDrawElements: Must have element array buffer bound. @ http://localhost:8080/:0
[26952403ms] [WARNING] [.WebGL-0x1ff4007de300] GL_INVALID_OPERATION: glDrawElements: Must have element array buffer bound. @ http://localhost:8080/:0
[26952459ms] [WARNING] [.WebGL-0x1ff4007de300] GL_INVALID_OPERATION: glDrawElements: Must have element array buffer bound. @ http://localhost:8080/:0
[26952560ms] [WARNING] [.WebGL-0x1ff4007de300] GL_INVALID_OPERATION: glDrawElements: Must have element array buffer bound. @ http://localhost:8080/:0
[26952560ms] [WARNING] [.WebGL-0x1ff4007de300] GL_INVALID_OPERATION: glDrawElements: Must have element array buffer bound. @ http://localhost:8080/:0
[26952612ms] [WARNING] [.WebGL-0x1ff4007de300] GL_INVALID_OPERATION: glDrawElements: Must have element array buffer bound. @ http://localhost:8080/:0
[26952670ms] [WARNING] [.WebGL-0x1ff4007de300] GL_INVALID_OPERATION: glDrawElements: Must have element array buffer bound. @ http://localhost:8080/:0
[26952723ms] [WARNING] [.WebGL-0x1ff4007de300] GL_INVALID_OPERATION: glDrawElements: Must have element array buffer bound. @ http://localhost:8080/:0
[26952778ms] [WARNING] [.WebGL-0x1ff4007de300] GL_INVALID_OPERATION: glDrawElements: Must have element array buffer bound. @ http://localhost:8080/:0
[26952827ms] [WARNING] [.WebGL-0x1ff4007de300] GL_INVALID_OPERATION: glDrawElements: Must have element array buffer bound. @ http://localhost:8080/:0
[26952877ms] [WARNING] [.WebGL-0x1ff4007de300] GL_INVALID_OPERATION: glDrawElements: Must have element array buffer bound. @ http://localhost:8080/:0
[26952926ms] [WARNING] [.WebGL-0x1ff4007de300] GL_INVALID_OPERATION: glDrawElements: Must have element array buffer bound. @ http://localhost:8080/:0
[26953033ms] [WARNING] [.WebGL-0x1ff4007de300] GL_INVALID_OPERATION: glDrawElements: Must have element array buffer bound. @ http://localhost:8080/:0
[26953033ms] [WARNING] [.WebGL-0x1ff4007de300] GL_INVALID_OPERATION: glDrawElements: Must have element array buffer bound. @ http://localhost:8080/:0
[26953089ms] [WARNING] [.WebGL-0x1ff4007de300] GL_INVALID_OPERATION: glDrawElements: Must have element array buffer bound. @ http://localhost:8080/:0
[26953139ms] [WARNING] [.WebGL-0x1ff4007de300] GL_INVALID_OPERATION: glDrawElements: Must have element array buffer bound. @ http://localhost:8080/:0
[26953242ms] [WARNING] [.WebGL-0x1ff4007de300] GL_INVALID_OPERATION: glDrawElements: Must have element array buffer bound. @ http://localhost:8080/:0
[26953242ms] [WARNING] [.WebGL-0x1ff4007de300] GL_INVALID_OPERATION: glDrawElements: Must have element array buffer bound. @ http://localhost:8080/:0
[26953295ms] [WARNING] [.WebGL-0x1ff4007de300] GL_INVALID_OPERATION: glDrawElements: Must have element array buffer bound. @ http://localhost:8080/:0
[26953341ms] [WARNING] [.WebGL-0x1ff4007de300] GL_INVALID_OPERATION: glDrawElements: Must have element array buffer bound. @ http://localhost:8080/:0
[26953437ms] [WARNING] [.WebGL-0x1ff4007de300] GL_INVALID_OPERATION: glDrawElements: Must have element array buffer bound. @ http://localhost:8080/:0
[26953437ms] [WARNING] [.WebGL-0x1ff4007de300] GL_INVALID_OPERATION: glDrawElements: Must have element array buffer bound. @ http://localhost:8080/:0
[26953486ms] [WARNING] [.WebGL-0x1ff4007de300] GL_INVALID_OPERATION: glDrawElements: Must have element array buffer bound. @ http://localhost:8080/:0
[26953537ms] [WARNING] [.WebGL-0x1ff4007de300] GL_INVALID_OPERATION: glDrawElements: Must have element array buffer bound. @ http://localhost:8080/:0
[26953587ms] [WARNING] [.WebGL-0x1ff4007de300] GL_INVALID_OPERATION: glDrawElements: Must have element array buffer bound. @ http://localhost:8080/:0
[26953636ms] [WARNING] [.WebGL-0x1ff4007de300] GL_INVALID_OPERATION: glDrawElements: Must have element array buffer bound. @ http://localhost:8080/:0
[26953734ms] [WARNING] [.WebGL-0x1ff4007de300] GL_INVALID_OPERATION: glDrawElements: Must have element array buffer bound. @ http://localhost:8080/:0
[26953734ms] [WARNING] [.WebGL-0x1ff4007de300] GL_INVALID_OPERATION: glDrawElements: Must have element array buffer bound. @ http://localhost:8080/:0
[26953784ms] [WARNING] [.WebGL-0x1ff4007de300] GL_INVALID_OPERATION: glDrawElements: Must have element array buffer bound. @ http://localhost:8080/:0
[26953983ms] [WARNING] [.WebGL-0x1ff4007de300] GL_INVALID_OPERATION: glDrawElements: Must have element array buffer bound. @ http://localhost:8080/:0
[26953983ms] [WARNING] [.WebGL-0x1ff4007de300] GL_INVALID_OPERATION: glDrawElements: Must have element array buffer bound. @ http://localhost:8080/:0
[26953984ms] [WARNING] [.WebGL-0x1ff4007de300] GL_INVALID_OPERATION: glDrawElements: Must have element array buffer bound. @ http://localhost:8080/:0
[26953984ms] [WARNING] [.WebGL-0x1ff4007de300] GL_INVALID_OPERATION: glDrawElements: Must have element array buffer bound. @ http://localhost:8080/:0
[26954079ms] [WARNING] [.WebGL-0x1ff4007de300] GL_INVALID_OPERATION: glDrawElements: Must have element array buffer bound. @ http://localhost:8080/:0
[26954079ms] [WARNING] [.WebGL-0x1ff4007de300] GL_INVALID_OPERATION: glDrawElements: Must have element array buffer bound. @ http://localhost:8080/:0
[26954129ms] [WARNING] [.WebGL-0x1ff4007de300] GL_INVALID_OPERATION: glDrawElements: Must have element array buffer bound. @ http://localhost:8080/:0
[26954228ms] [WARNING] [.WebGL-0x1ff4007de300] GL_INVALID_OPERATION: glDrawElements: Must have element array buffer bound. @ http://localhost:8080/:0
[26954229ms] [WARNING] [.WebGL-0x1ff4007de300] GL_INVALID_OPERATION: glDrawElements: Must have element array buffer bound. @ http://localhost:8080/:0
[26954271ms] [WARNING] [.WebGL-0x1ff4007de300] GL_INVALID_OPERATION: glDrawElements: Must have element array buffer bound. @ http://localhost:8080/:0
[26954313ms] [WARNING] [.WebGL-0x1ff4007de300] GL_INVALID_OPERATION: glDrawElements: Must have element array buffer bound. @ http://localhost:8080/:0
[26954353ms] [WARNING] [.WebGL-0x1ff4007de300] GL_INVALID_OPERATION: glDrawElements: Must have element array buffer bound. @ http://localhost:8080/:0
[26954396ms] [WARNING] [.WebGL-0x1ff4007de300] GL_INVALID_OPERATION: glDrawElements: Must have element array buffer bound. @ http://localhost:8080/:0
[26954440ms] [WARNING] [.WebGL-0x1ff4007de300] GL_INVALID_OPERATION: glDrawElements: Must have element array buffer bound. @ http://localhost:8080/:0
[26954483ms] [WARNING] [.WebGL-0x1ff4007de300] GL_INVALID_OPERATION: glDrawElements: Must have element array buffer bound. @ http://localhost:8080/:0
[26954531ms] [WARNING] [.WebGL-0x1ff4007de300] GL_INVALID_OPERATION: glDrawElements: Must have element array buffer bound. @ http://localhost:8080/:0
[26954618ms] [WARNING] [.WebGL-0x1ff4007de300] GL_INVALID_OPERATION: glDrawElements: Must have element array buffer bound. @ http://localhost:8080/:0
[26954618ms] [WARNING] [.WebGL-0x1ff4007de300] GL_INVALID_OPERATION: glDrawElements: Must have element array buffer bound. @ http://localhost:8080/:0
[26954662ms] [WARNING] [.WebGL-0x1ff4007de300] GL_INVALID_OPERATION: glDrawElements: Must have element array buffer bound. @ http://localhost:8080/:0
[26954707ms] [WARNING] [.WebGL-0x1ff4007de300] GL_INVALID_OPERATION: glDrawElements: Must have element array buffer bound. @ http://localhost:8080/:0
[26954751ms] [WARNING] [.WebGL-0x1ff4007de300] GL_INVALID_OPERATION: glDrawElements: Must have element array buffer bound. @ http://localhost:8080/:0
[26954849ms] [WARNING] [.WebGL-0x1ff4007de300] GL_INVALID_OPERATION: glDrawElements: Must have element array buffer bound. @ http://localhost:8080/:0
[26954849ms] [WARNING] [.WebGL-0x1ff4007de300] GL_INVALID_OPERATION: glDrawElements: Must have element array buffer bound. @ http://localhost:8080/:0
[26954910ms] [WARNING] [.WebGL-0x1ff4007de300] GL_INVALID_OPERATION: glDrawElements: Must have element array buffer bound. @ http://localhost:8080/:0
[26954962ms] [WARNING] [.WebGL-0x1ff4007de300] GL_INVALID_OPERATION: glDrawElements: Must have element array buffer bound. @ http://localhost:8080/:0
[26955075ms] [WARNING] [.WebGL-0x1ff4007de300] GL_INVALID_OPERATION: glDrawElements: Must have element array buffer bound. @ http://localhost:8080/:0
[26955075ms] [WARNING] [.WebGL-0x1ff4007de300] GL_INVALID_OPERATION: glDrawElements: Must have element array buffer bound. @ http://localhost:8080/:0
[26955124ms] [WARNING] [.WebGL-0x1ff4007de300] GL_INVALID_OPERATION: glDrawElements: Must have element array buffer bound. @ http://localhost:8080/:0
[26955172ms] [WARNING] [.WebGL-0x1ff4007de300] GL_INVALID_OPERATION: glDrawElements: Must have element array buffer bound. @ http://localhost:8080/:0
[26955218ms] [WARNING] [.WebGL-0x1ff4007de300] GL_INVALID_OPERATION: glDrawElements: Must have element array buffer bound. @ http://localhost:8080/:0
[26955313ms] [WARNING] [.WebGL-0x1ff4007de300] GL_INVALID_OPERATION: glDrawElements: Must have element array buffer bound. @ http://localhost:8080/:0
[26955313ms] [WARNING] [.WebGL-0x1ff4007de300] GL_INVALID_OPERATION: glDrawElements: Must have element array buffer bound. @ http://localhost:8080/:0
[26955360ms] [WARNING] [.WebGL-0x1ff4007de300] GL_INVALID_OPERATION: glDrawElements: Must have element array buffer bound. @ http://localhost:8080/:0
[26955402ms] [WARNING] [.WebGL-0x1ff4007de300] GL_INVALID_OPERATION: glDrawElements: Must have element array buffer bound. @ http://localhost:8080/:0
[26955453ms] [WARNING] [.WebGL-0x1ff4007de300] GL_INVALID_OPERATION: glDrawElements: Must have element array buffer bound. @ http://localhost:8080/:0
[26955554ms] [WARNING] [.WebGL-0x1ff4007de300] GL_INVALID_OPERATION: glDrawElements: Must have element array buffer bound. @ http://localhost:8080/:0
[26955554ms] [WARNING] [.WebGL-0x1ff4007de300] GL_INVALID_OPERATION: glDrawElements: Must have element array buffer bound. @ http://localhost:8080/:0
[26955597ms] [WARNING] [.WebGL-0x1ff4007de300] GL_INVALID_OPERATION: glDrawElements: Must have element array buffer bound. @ http://localhost:8080/:0
[26955642ms] [WARNING] [.WebGL-0x1ff4007de300] GL_INVALID_OPERATION: glDrawElements: Must have element array buffer bound. @ http://localhost:8080/:0
[26955687ms] [WARNING] [.WebGL-0x1ff4007de300] GL_INVALID_OPERATION: glDrawElements: Must have element array buffer bound. @ http://localhost:8080/:0
[26955729ms] [WARNING] [.WebGL-0x1ff4007de300] GL_INVALID_OPERATION: glDrawElements: Must have element array buffer bound. @ http://localhost:8080/:0
[26955771ms] [WARNING] [.WebGL-0x1ff4007de300] GL_INVALID_OPERATION: glDrawElements: Must have element array buffer bound. @ http://localhost:8080/:0
[26955813ms] [WARNING] [.WebGL-0x1ff4007de300] GL_INVALID_OPERATION: glDrawElements: Must have element array buffer bound. @ http://localhost:8080/:0
[26955857ms] [WARNING] [.WebGL-0x1ff4007de300] GL_INVALID_OPERATION: glDrawElements: Must have element array buffer bound. @ http://localhost:8080/:0
[26955903ms] [WARNING] [.WebGL-0x1ff4007de300] GL_INVALID_OPERATION: glDrawElements: Must have element array buffer bound. @ http://localhost:8080/:0
[26955945ms] [WARNING] [.WebGL-0x1ff4007de300] GL_INVALID_OPERATION: glDrawElements: Must have element array buffer bound. @ http://localhost:8080/:0
[26955991ms] [WARNING] [.WebGL-0x1ff4007de300] GL_INVALID_OPERATION: glDrawElements: Must have element array buffer bound. @ http://localhost:8080/:0
[26956041ms] [WARNING] [.WebGL-0x1ff4007de300] GL_INVALID_OPERATION: glDrawElements: Must have element array buffer bound. @ http://localhost:8080/:0
[26956089ms] [WARNING] [.WebGL-0x1ff4007de300] GL_INVALID_OPERATION: glDrawElements: Must have element array buffer bound. @ http://localhost:8080/:0
[26956176ms] [WARNING] [.WebGL-0x1ff4007de300] GL_INVALID_OPERATION: glDrawElements: Must have element array buffer bound. @ http://localhost:8080/:0
[26956177ms] [WARNING] [.WebGL-0x1ff4007de300] GL_INVALID_OPERATION: glDrawElements: Must have element array buffer bound. @ http://localhost:8080/:0
[26956213ms] [WARNING] [.WebGL-0x1ff4007de300] GL_INVALID_OPERATION: glDrawElements: Must have element array buffer bound. @ http://localhost:8080/:0
[26956265ms] [WARNING] [.WebGL-0x1ff4007de300] GL_INVALID_OPERATION: glDrawElements: Must have element array buffer bound. @ http://localhost:8080/:0
[26956318ms] [WARNING] [.WebGL-0x1ff4007de300] GL_INVALID_OPERATION: glDrawElements: Must have element array buffer bound. @ http://localhost:8080/:0
[26956423ms] [WARNING] [.WebGL-0x1ff4007de300] GL_INVALID_OPERATION: glDrawElements: Must have element array buffer bound. @ http://localhost:8080/:0
[26956423ms] [WARNING] [.WebGL-0x1ff4007de300] GL_INVALID_OPERATION: glDrawElements: Must have element array buffer bound. @ http://localhost:8080/:0
[26956473ms] [WARNING] [.WebGL-0x1ff4007de300] GL_INVALID_OPERATION: glDrawElements: Must have element array buffer bound. @ http://localhost:8080/:0
[26956522ms] [WARNING] [.WebGL-0x1ff4007de300] GL_INVALID_OPERATION: glDrawElements: Must have element array buffer bound. @ http://localhost:8080/:0
[26956573ms] [WARNING] [.WebGL-0x1ff4007de300] GL_INVALID_OPERATION: glDrawElements: Must have element array buffer bound. @ http://localhost:8080/:0
[26956621ms] [WARNING] [.WebGL-0x1ff4007de300] GL_INVALID_OPERATION: glDrawElements: Must have element array buffer bound. @ http://localhost:8080/:0
[26956667ms] [WARNING] [.WebGL-0x1ff4007de300] GL_INVALID_OPERATION: glDrawElements: Must have element array buffer bound. @ http://localhost:8080/:0
[26956713ms] [WARNING] [.WebGL-0x1ff4007de300] GL_INVALID_OPERATION: glDrawElements: Must have element array buffer bound. @ http://localhost:8080/:0
[26956759ms] [WARNING] [.WebGL-0x1ff4007de300] GL_INVALID_OPERATION: glDrawElements: Must have element array buffer bound. @ http://localhost:8080/:0
[26956805ms] [WARNING] [.WebGL-0x1ff4007de300] GL_INVALID_OPERATION: glDrawElements: Must have element array buffer bound. @ http://localhost:8080/:0
[26956900ms] [WARNING] [.WebGL-0x1ff4007de300] GL_INVALID_OPERATION: glDrawElements: Must have element array buffer bound. @ http://localhost:8080/:0
[26956900ms] [WARNING] [.WebGL-0x1ff4007de300] GL_INVALID_OPERATION: glDrawElements: Must have element array buffer bound. @ http://localhost:8080/:0
[26956946ms] [WARNING] [.WebGL-0x1ff4007de300] GL_INVALID_OPERATION: glDrawElements: Must have element array buffer bound. @ http://localhost:8080/:0
[26957044ms] [WARNING] [.WebGL-0x1ff4007de300] GL_INVALID_OPERATION: glDrawElements: Must have element array buffer bound. @ http://localhost:8080/:0
[26957045ms] [WARNING] [.WebGL-0x1ff4007de300] GL_INVALID_OPERATION: glDrawElements: Must have element array buffer bound. @ http://localhost:8080/:0
[26957091ms] [WARNING] [.WebGL-0x1ff4007de300] GL_INVALID_OPERATION: glDrawElements: Must have element array buffer bound. @ http://localhost:8080/:0
[26957139ms] [WARNING] [.WebGL-0x1ff4007de300] GL_INVALID_OPERATION: glDrawElements: Must have element array buffer bound. @ http://localhost:8080/:0
[26957187ms] [WARNING] [.WebGL-0x1ff4007de300] GL_INVALID_OPERATION: glDrawElements: Must have element array buffer bound. @ http://localhost:8080/:0
[26957235ms] [WARNING] [.WebGL-0x1ff4007de300] GL_INVALID_OPERATION: glDrawElements: Must have element array buffer bound. @ http://localhost:8080/:0
[26957286ms] [WARNING] [.WebGL-0x1ff4007de300] GL_INVALID_OPERATION: glDrawElements: Must have element array buffer bound. @ http://localhost:8080/:0
[26957336ms] [WARNING] [.WebGL-0x1ff4007de300] GL_INVALID_OPERATION: glDrawElements: Must have element array buffer bound. @ http://localhost:8080/:0
[26957383ms] [WARNING] [.WebGL-0x1ff4007de300] GL_INVALID_OPERATION: glDrawElements: Must have element array buffer bound. @ http://localhost:8080/:0
[26957430ms] [WARNING] [.WebGL-0x1ff4007de300] GL_INVALID_OPERATION: glDrawElements: Must have element array buffer bound. @ http://localhost:8080/:0
[26957481ms] [WARNING] [.WebGL-0x1ff4007de300] GL_INVALID_OPERATION: glDrawElements: Must have element array buffer bound. @ http://localhost:8080/:0
[26957533ms] [WARNING] [.WebGL-0x1ff4007de300] GL_INVALID_OPERATION: glDrawElements: Must have element array buffer bound. @ http://localhost:8080/:0
[26957584ms] [WARNING] [.WebGL-0x1ff4007de300] GL_INVALID_OPERATION: glDrawElements: Must have element array buffer bound. @ http://localhost:8080/:0
[26957631ms] [WARNING] [.WebGL-0x1ff4007de300] GL_INVALID_OPERATION: glDrawElements: Must have element array buffer bound. @ http://localhost:8080/:0
[26957726ms] [WARNING] [.WebGL-0x1ff4007de300] GL_INVALID_OPERATION: glDrawElements: Must have element array buffer bound. @ http://localhost:8080/:0
[26957726ms] [WARNING] [.WebGL-0x1ff4007de300] GL_INVALID_OPERATION: glDrawElements: Must have element array buffer bound. @ http://localhost:8080/:0
[26957820ms] [WARNING] [.WebGL-0x1ff4007de300] GL_INVALID_OPERATION: glDrawElements: Must have element array buffer bound. @ http://localhost:8080/:0
[26957820ms] [WARNING] [.WebGL-0x1ff4007de300] GL_INVALID_OPERATION: glDrawElements: Must have element array buffer bound. @ http://localhost:8080/:0
[26957866ms] [WARNING] [.WebGL-0x1ff4007de300] GL_INVALID_OPERATION: glDrawElements: Must have element array buffer bound. @ http://localhost:8080/:0
[26957912ms] [WARNING] [.WebGL-0x1ff4007de300] GL_INVALID_OPERATION: glDrawElements: Must have element array buffer bound. @ http://localhost:8080/:0
[26957960ms] [WARNING] [.WebGL-0x1ff4007de300] GL_INVALID_OPERATION: glDrawElements: Must have element array buffer bound. @ http://localhost:8080/:0
[26958010ms] [WARNING] [.WebGL-0x1ff4007de300] GL_INVALID_OPERATION: glDrawElements: Must have element array buffer bound. @ http://localhost:8080/:0
[26958060ms] [WARNING] [.WebGL-0x1ff4007de300] GL_INVALID_OPERATION: glDrawElements: Must have element array buffer bound. @ http://localhost:8080/:0
[26958110ms] [WARNING] [.WebGL-0x1ff4007de300] GL_INVALID_OPERATION: glDrawElements: Must have element array buffer bound. @ http://localhost:8080/:0
[26958160ms] [WARNING] [.WebGL-0x1ff4007de300] GL_INVALID_OPERATION: glDrawElements: Must have element array buffer bound. @ http://localhost:8080/:0
[26958206ms] [WARNING] [.WebGL-0x1ff4007de300] GL_INVALID_OPERATION: glDrawElements: Must have element array buffer bound. @ http://localhost:8080/:0
[26958253ms] [WARNING] [.WebGL-0x1ff4007de300] GL_INVALID_OPERATION: glDrawElements: Must have element array buffer bound. @ http://localhost:8080/:0
[26958335ms] [WARNING] [.WebGL-0x1ff4007de300] GL_INVALID_OPERATION: glDrawElements: Must have element array buffer bound. @ http://localhost:8080/:0
[26958335ms] [WARNING] [.WebGL-0x1ff4007de300] GL_INVALID_OPERATION: glDrawElements: Must have element array buffer bound. @ http://localhost:8080/:0
[26958376ms] [WARNING] [.WebGL-0x1ff4007de300] GL_INVALID_OPERATION: glDrawElements: Must have element array buffer bound. @ http://localhost:8080/:0
[26958459ms] [WARNING] [.WebGL-0x1ff4007de300] GL_INVALID_OPERATION: glDrawElements: Must have element array buffer bound. @ http://localhost:8080/:0
[26958459ms] [WARNING] [.WebGL-0x1ff4007de300] GL_INVALID_OPERATION: glDrawElements: Must have element array buffer bound. @ http://localhost:8080/:0
[26958501ms] [WARNING] [.WebGL-0x1ff4007de300] GL_INVALID_OPERATION: glDrawElements: Must have element array buffer bound. @ http://localhost:8080/:0
[26958546ms] [WARNING] [.WebGL-0x1ff4007de300] GL_INVALID_OPERATION: glDrawElements: Must have element array buffer bound. @ http://localhost:8080/:0
[26958589ms] [WARNING] [.WebGL-0x1ff4007de300] GL_INVALID_OPERATION: glDrawElements: Must have element array buffer bound. @ http://localhost:8080/:0
[26958636ms] [WARNING] [.WebGL-0x1ff4007de300] GL_INVALID_OPERATION: glDrawElements: Must have element array buffer bound. @ http://localhost:8080/:0
[26958677ms] [WARNING] [.WebGL-0x1ff4007de300] GL_INVALID_OPERATION: glDrawElements: Must have element array buffer bound. @ http://localhost:8080/:0
[26958717ms] [WARNING] [.WebGL-0x1ff4007de300] GL_INVALID_OPERATION: glDrawElements: Must have element array buffer bound. @ http://localhost:8080/:0
[26958758ms] [WARNING] [.WebGL-0x1ff4007de300] GL_INVALID_OPERATION: glDrawElements: Must have element array buffer bound. @ http://localhost:8080/:0
[26958800ms] [WARNING] [.WebGL-0x1ff4007de300] GL_INVALID_OPERATION: glDrawElements: Must have element array buffer bound. @ http://localhost:8080/:0
[26958842ms] [WARNING] [.WebGL-0x1ff4007de300] GL_INVALID_OPERATION: glDrawElements: Must have element array buffer bound. @ http://localhost:8080/:0
[26958883ms] [WARNING] [.WebGL-0x1ff4007de300] GL_INVALID_OPERATION: glDrawElements: Must have element array buffer bound. @ http://localhost:8080/:0
[26958923ms] [WARNING] [.WebGL-0x1ff4007de300] GL_INVALID_OPERATION: glDrawElements: Must have element array buffer bound. @ http://localhost:8080/:0
[26958964ms] [WARNING] [.WebGL-0x1ff4007de300] GL_INVALID_OPERATION: glDrawElements: Must have element array buffer bound. @ http://localhost:8080/:0
[26959005ms] [WARNING] [.WebGL-0x1ff4007de300] GL_INVALID_OPERATION: glDrawElements: Must have element array buffer bound. @ http://localhost:8080/:0
[26959005ms] [WARNING] WebGL: too many errors, no more errors will be reported to the console for this context. @ http://localhost:8080/:0
[28976738ms] [WARNING] [.WebGL-0x1ff401777f00] GL_INVALID_OPERATION: glDrawElements: Must have element array buffer bound. @ http://localhost:8080/:0
[28976800ms] [WARNING] [.WebGL-0x1ff401777f00] GL_INVALID_OPERATION: glDrawElements: Must have element array buffer bound. @ http://localhost:8080/:0
[28976854ms] [WARNING] [.WebGL-0x1ff401777f00] GL_INVALID_OPERATION: glDrawElements: Must have element array buffer bound. @ http://localhost:8080/:0
[28976893ms] [WARNING] [.WebGL-0x1ff401777f00] GL_INVALID_OPERATION: glDrawElements: Must have element array buffer bound. @ http://localhost:8080/:0
[28976935ms] [WARNING] [.WebGL-0x1ff401777f00] GL_INVALID_OPERATION: glDrawElements: Must have element array buffer bound. @ http://localhost:8080/:0
[28976982ms] [WARNING] [.WebGL-0x1ff401777f00] GL_INVALID_OPERATION: glDrawElements: Must have element array buffer bound. @ http://localhost:8080/:0
[28977025ms] [WARNING] [.WebGL-0x1ff401777f00] GL_INVALID_OPERATION: glDrawElements: Must have element array buffer bound. @ http://localhost:8080/:0
[28977073ms] [WARNING] [.WebGL-0x1ff401777f00] GL_INVALID_OPERATION: glDrawElements: Must have element array buffer bound. @ http://localhost:8080/:0
[28977123ms] [WARNING] [.WebGL-0x1ff401777f00] GL_INVALID_OPERATION: glDrawElements: Must have element array buffer bound. @ http://localhost:8080/:0
[28977167ms] [WARNING] [.WebGL-0x1ff401777f00] GL_INVALID_OPERATION: glDrawElements: Must have element array buffer bound. @ http://localhost:8080/:0
[28977212ms] [WARNING] [.WebGL-0x1ff401777f00] GL_INVALID_OPERATION: glDrawElements: Must have element array buffer bound. @ http://localhost:8080/:0
[28977254ms] [WARNING] [.WebGL-0x1ff401777f00] GL_INVALID_OPERATION: glDrawElements: Must have element array buffer bound. @ http://localhost:8080/:0
[28977294ms] [WARNING] [.WebGL-0x1ff401777f00] GL_INVALID_OPERATION: glDrawElements: Must have element array buffer bound. @ http://localhost:8080/:0
[28977340ms] [WARNING] [.WebGL-0x1ff401777f00] GL_INVALID_OPERATION: glDrawElements: Must have element array buffer bound. @ http://localhost:8080/:0
[28977388ms] [WARNING] [.WebGL-0x1ff401777f00] GL_INVALID_OPERATION: glDrawElements: Must have element array buffer bound. @ http://localhost:8080/:0
[28977431ms] [WARNING] [.WebGL-0x1ff401777f00] GL_INVALID_OPERATION: glDrawElements: Must have element array buffer bound. @ http://localhost:8080/:0
[28977476ms] [WARNING] [.WebGL-0x1ff401777f00] GL_INVALID_OPERATION: glDrawElements: Must have element array buffer bound. @ http://localhost:8080/:0
[28977519ms] [WARNING] [.WebGL-0x1ff401777f00] GL_INVALID_OPERATION: glDrawElements: Must have element array buffer bound. @ http://localhost:8080/:0
[28977564ms] [WARNING] [.WebGL-0x1ff401777f00] GL_INVALID_OPERATION: glDrawElements: Must have element array buffer bound. @ http://localhost:8080/:0
[28977611ms] [WARNING] [.WebGL-0x1ff401777f00] GL_INVALID_OPERATION: glDrawElements: Must have element array buffer bound. @ http://localhost:8080/:0
[28977655ms] [WARNING] [.WebGL-0x1ff401777f00] GL_INVALID_OPERATION: glDrawElements: Must have element array buffer bound. @ http://localhost:8080/:0
[28977698ms] [WARNING] [.WebGL-0x1ff401777f00] GL_INVALID_OPERATION: glDrawElements: Must have element array buffer bound. @ http://localhost:8080/:0
[28977738ms] [WARNING] [.WebGL-0x1ff401777f00] GL_INVALID_OPERATION: glDrawElements: Must have element array buffer bound. @ http://localhost:8080/:0
[28977781ms] [WARNING] [.WebGL-0x1ff401777f00] GL_INVALID_OPERATION: glDrawElements: Must have element array buffer bound. @ http://localhost:8080/:0
[28977823ms] [WARNING] [.WebGL-0x1ff401777f00] GL_INVALID_OPERATION: glDrawElements: Must have element array buffer bound. @ http://localhost:8080/:0
[28977864ms] [WARNING] [.WebGL-0x1ff401777f00] GL_INVALID_OPERATION: glDrawElements: Must have element array buffer bound. @ http://localhost:8080/:0
[28977904ms] [WARNING] [.WebGL-0x1ff401777f00] GL_INVALID_OPERATION: glDrawElements: Must have element array buffer bound. @ http://localhost:8080/:0
[28977943ms] [WARNING] [.WebGL-0x1ff401777f00] GL_INVALID_OPERATION: glDrawElements: Must have element array buffer bound. @ http://localhost:8080/:0
[28977984ms] [WARNING] [.WebGL-0x1ff401777f00] GL_INVALID_OPERATION: glDrawElements: Must have element array buffer bound. @ http://localhost:8080/:0
[28978025ms] [WARNING] [.WebGL-0x1ff401777f00] GL_INVALID_OPERATION: glDrawElements: Must have element array buffer bound. @ http://localhost:8080/:0
[28978068ms] [WARNING] [.WebGL-0x1ff401777f00] GL_INVALID_OPERATION: glDrawElements: Must have element array buffer bound. @ http://localhost:8080/:0
[28978111ms] [WARNING] [.WebGL-0x1ff401777f00] GL_INVALID_OPERATION: glDrawElements: Must have element array buffer bound. @ http://localhost:8080/:0
[28978151ms] [WARNING] [.WebGL-0x1ff401777f00] GL_INVALID_OPERATION: glDrawElements: Must have element array buffer bound. @ http://localhost:8080/:0
[28978192ms] [WARNING] [.WebGL-0x1ff401777f00] GL_INVALID_OPERATION: glDrawElements: Must have element array buffer bound. @ http://localhost:8080/:0
[28978233ms] [WARNING] [.WebGL-0x1ff401777f00] GL_INVALID_OPERATION: glDrawElements: Must have element array buffer bound. @ http://localhost:8080/:0
[28978274ms] [WARNING] [.WebGL-0x1ff401777f00] GL_INVALID_OPERATION: glDrawElements: Must have element array buffer bound. @ http://localhost:8080/:0
[28978314ms] [WARNING] [.WebGL-0x1ff401777f00] GL_INVALID_OPERATION: glDrawElements: Must have element array buffer bound. @ http://localhost:8080/:0
[28978353ms] [WARNING] [.WebGL-0x1ff401777f00] GL_INVALID_OPERATION: glDrawElements: Must have element array buffer bound. @ http://localhost:8080/:0
[28978393ms] [WARNING] [.WebGL-0x1ff401777f00] GL_INVALID_OPERATION: glDrawElements: Must have element array buffer bound. @ http://localhost:8080/:0
[28978431ms] [WARNING] [.WebGL-0x1ff401777f00] GL_INVALID_OPERATION: glDrawElements: Must have element array buffer bound. @ http://localhost:8080/:0
[28978471ms] [WARNING] [.WebGL-0x1ff401777f00] GL_INVALID_OPERATION: glDrawElements: Must have element array buffer bound. @ http://localhost:8080/:0
[28978513ms] [WARNING] [.WebGL-0x1ff401777f00] GL_INVALID_OPERATION: glDrawElements: Must have element array buffer bound. @ http://localhost:8080/:0
[28978555ms] [WARNING] [.WebGL-0x1ff401777f00] GL_INVALID_OPERATION: glDrawElements: Must have element array buffer bound. @ http://localhost:8080/:0
[28978597ms] [WARNING] [.WebGL-0x1ff401777f00] GL_INVALID_OPERATION: glDrawElements: Must have element array buffer bound. @ http://localhost:8080/:0
[28978641ms] [WARNING] [.WebGL-0x1ff401777f00] GL_INVALID_OPERATION: glDrawElements: Must have element array buffer bound. @ http://localhost:8080/:0
[28978683ms] [WARNING] [.WebGL-0x1ff401777f00] GL_INVALID_OPERATION: glDrawElements: Must have element array buffer bound. @ http://localhost:8080/:0
[28978723ms] [WARNING] [.WebGL-0x1ff401777f00] GL_INVALID_OPERATION: glDrawElements: Must have element array buffer bound. @ http://localhost:8080/:0
[28978763ms] [WARNING] [.WebGL-0x1ff401777f00] GL_INVALID_OPERATION: glDrawElements: Must have element array buffer bound. @ http://localhost:8080/:0
[28978803ms] [WARNING] [.WebGL-0x1ff401777f00] GL_INVALID_OPERATION: glDrawElements: Must have element array buffer bound. @ http://localhost:8080/:0
[28978842ms] [WARNING] [.WebGL-0x1ff401777f00] GL_INVALID_OPERATION: glDrawElements: Must have element array buffer bound. @ http://localhost:8080/:0
[28978881ms] [WARNING] [.WebGL-0x1ff401777f00] GL_INVALID_OPERATION: glDrawElements: Must have element array buffer bound. @ http://localhost:8080/:0
[28978922ms] [WARNING] [.WebGL-0x1ff401777f00] GL_INVALID_OPERATION: glDrawElements: Must have element array buffer bound. @ http://localhost:8080/:0
[28978963ms] [WARNING] [.WebGL-0x1ff401777f00] GL_INVALID_OPERATION: glDrawElements: Must have element array buffer bound. @ http://localhost:8080/:0
[28979003ms] [WARNING] [.WebGL-0x1ff401777f00] GL_INVALID_OPERATION: glDrawElements: Must have element array buffer bound. @ http://localhost:8080/:0
[28979042ms] [WARNING] [.WebGL-0x1ff401777f00] GL_INVALID_OPERATION: glDrawElements: Must have element array buffer bound. @ http://localhost:8080/:0
[28979080ms] [WARNING] [.WebGL-0x1ff401777f00] GL_INVALID_OPERATION: glDrawElements: Must have element array buffer bound. @ http://localhost:8080/:0
[28979118ms] [WARNING] [.WebGL-0x1ff401777f00] GL_INVALID_OPERATION: glDrawElements: Must have element array buffer bound. @ http://localhost:8080/:0
[28979158ms] [WARNING] [.WebGL-0x1ff401777f00] GL_INVALID_OPERATION: glDrawElements: Must have element array buffer bound. @ http://localhost:8080/:0
[28979196ms] [WARNING] [.WebGL-0x1ff401777f00] GL_INVALID_OPERATION: glDrawElements: Must have element array buffer bound. @ http://localhost:8080/:0
[28979235ms] [WARNING] [.WebGL-0x1ff401777f00] GL_INVALID_OPERATION: glDrawElements: Must have element array buffer bound. @ http://localhost:8080/:0
[28979274ms] [WARNING] [.WebGL-0x1ff401777f00] GL_INVALID_OPERATION: glDrawElements: Must have element array buffer bound. @ http://localhost:8080/:0
[28979313ms] [WARNING] [.WebGL-0x1ff401777f00] GL_INVALID_OPERATION: glDrawElements: Must have element array buffer bound. @ http://localhost:8080/:0
[28979353ms] [WARNING] [.WebGL-0x1ff401777f00] GL_INVALID_OPERATION: glDrawElements: Must have element array buffer bound. @ http://localhost:8080/:0
[28979394ms] [WARNING] [.WebGL-0x1ff401777f00] GL_INVALID_OPERATION: glDrawElements: Must have element array buffer bound. @ http://localhost:8080/:0
[28979433ms] [WARNING] [.WebGL-0x1ff401777f00] GL_INVALID_OPERATION: glDrawElements: Must have element array buffer bound. @ http://localhost:8080/:0
[28979475ms] [WARNING] [.WebGL-0x1ff401777f00] GL_INVALID_OPERATION: glDrawElements: Must have element array buffer bound. @ http://localhost:8080/:0
[28979517ms] [WARNING] [.WebGL-0x1ff401777f00] GL_INVALID_OPERATION: glDrawElements: Must have element array buffer bound. @ http://localhost:8080/:0
[28979556ms] [WARNING] [.WebGL-0x1ff401777f00] GL_INVALID_OPERATION: glDrawElements: Must have element array buffer bound. @ http://localhost:8080/:0
[28979595ms] [WARNING] [.WebGL-0x1ff401777f00] GL_INVALID_OPERATION: glDrawElements: Must have element array buffer bound. @ http://localhost:8080/:0
[28979680ms] [WARNING] [.WebGL-0x1ff401777f00] GL_INVALID_OPERATION: glDrawElements: Must have element array buffer bound. @ http://localhost:8080/:0
[28979680ms] [WARNING] [.WebGL-0x1ff401777f00] GL_INVALID_OPERATION: glDrawElements: Must have element array buffer bound. @ http://localhost:8080/:0
[28979722ms] [WARNING] [.WebGL-0x1ff401777f00] GL_INVALID_OPERATION: glDrawElements: Must have element array buffer bound. @ http://localhost:8080/:0
[28979767ms] [WARNING] [.WebGL-0x1ff401777f00] GL_INVALID_OPERATION: glDrawElements: Must have element array buffer bound. @ http://localhost:8080/:0
[28979808ms] [WARNING] [.WebGL-0x1ff401777f00] GL_INVALID_OPERATION: glDrawElements: Must have element array buffer bound. @ http://localhost:8080/:0
[28979850ms] [WARNING] [.WebGL-0x1ff401777f00] GL_INVALID_OPERATION: glDrawElements: Must have element array buffer bound. @ http://localhost:8080/:0
[28979891ms] [WARNING] [.WebGL-0x1ff401777f00] GL_INVALID_OPERATION: glDrawElements: Must have element array buffer bound. @ http://localhost:8080/:0
[28979932ms] [WARNING] [.WebGL-0x1ff401777f00] GL_INVALID_OPERATION: glDrawElements: Must have element array buffer bound. @ http://localhost:8080/:0
[28979972ms] [WARNING] [.WebGL-0x1ff401777f00] GL_INVALID_OPERATION: glDrawElements: Must have element array buffer bound. @ http://localhost:8080/:0
[28980010ms] [WARNING] [.WebGL-0x1ff401777f00] GL_INVALID_OPERATION: glDrawElements: Must have element array buffer bound. @ http://localhost:8080/:0
[28980049ms] [WARNING] [.WebGL-0x1ff401777f00] GL_INVALID_OPERATION: glDrawElements: Must have element array buffer bound. @ http://localhost:8080/:0
[28980088ms] [WARNING] [.WebGL-0x1ff401777f00] GL_INVALID_OPERATION: glDrawElements: Must have element array buffer bound. @ http://localhost:8080/:0
[28980826ms] [WARNING] [.WebGL-0x1ff401777f00] GL_INVALID_OPERATION: glDrawElements: Must have element array buffer bound. @ http://localhost:8080/:0
[28980826ms] [WARNING] [.WebGL-0x1ff401777f00] GL_INVALID_OPERATION: glDrawElements: Must have element array buffer bound. @ http://localhost:8080/:0
[28980826ms] [WARNING] [.WebGL-0x1ff401777f00] GL_INVALID_OPERATION: glDrawElements: Must have element array buffer bound. @ http://localhost:8080/:0
[28980826ms] [WARNING] [.WebGL-0x1ff401777f00] GL_INVALID_OPERATION: glDrawElements: Must have element array buffer bound. @ http://localhost:8080/:0
[28980826ms] [WARNING] [.WebGL-0x1ff401777f00] GL_INVALID_OPERATION: glDrawElements: Must have element array buffer bound. @ http://localhost:8080/:0
[28980826ms] [WARNING] [.WebGL-0x1ff401777f00] GL_INVALID_OPERATION: glDrawElements: Must have element array buffer bound. @ http://localhost:8080/:0
[28980826ms] [WARNING] [.WebGL-0x1ff401777f00] GL_INVALID_OPERATION: glDrawElements: Must have element array buffer bound. @ http://localhost:8080/:0
[28980826ms] [WARNING] [.WebGL-0x1ff401777f00] GL_INVALID_OPERATION: glDrawElements: Must have element array buffer bound. @ http://localhost:8080/:0
[28980826ms] [WARNING] [.WebGL-0x1ff401777f00] GL_INVALID_OPERATION: glDrawElements: Must have element array buffer bound. @ http://localhost:8080/:0
[28980826ms] [WARNING] [.WebGL-0x1ff401777f00] GL_INVALID_OPERATION: glDrawElements: Must have element array buffer bound. @ http://localhost:8080/:0
[28980826ms] [WARNING] [.WebGL-0x1ff401777f00] GL_INVALID_OPERATION: glDrawElements: Must have element array buffer bound. @ http://localhost:8080/:0
[28980826ms] [WARNING] [.WebGL-0x1ff401777f00] GL_INVALID_OPERATION: glDrawElements: Must have element array buffer bound. @ http://localhost:8080/:0
[28980826ms] [WARNING] [.WebGL-0x1ff401777f00] GL_INVALID_OPERATION: glDrawElements: Must have element array buffer bound. @ http://localhost:8080/:0
[28980826ms] [WARNING] [.WebGL-0x1ff401777f00] GL_INVALID_OPERATION: glDrawElements: Must have element array buffer bound. @ http://localhost:8080/:0
[28980826ms] [WARNING] [.WebGL-0x1ff401777f00] GL_INVALID_OPERATION: glDrawElements: Must have element array buffer bound. @ http://localhost:8080/:0
[28980826ms] [WARNING] [.WebGL-0x1ff401777f00] GL_INVALID_OPERATION: glDrawElements: Must have element array buffer bound. @ http://localhost:8080/:0
[28980826ms] [WARNING] [.WebGL-0x1ff401777f00] GL_INVALID_OPERATION: glDrawElements: Must have element array buffer bound. @ http://localhost:8080/:0
[28980826ms] [WARNING] [.WebGL-0x1ff401777f00] GL_INVALID_OPERATION: glDrawElements: Must have element array buffer bound. @ http://localhost:8080/:0
[28980827ms] [WARNING] [.WebGL-0x1ff401777f00] GL_INVALID_OPERATION: glDrawElements: Must have element array buffer bound. @ http://localhost:8080/:0
[28980866ms] [WARNING] [.WebGL-0x1ff401777f00] GL_INVALID_OPERATION: glDrawElements: Must have element array buffer bound. @ http://localhost:8080/:0
[28980906ms] [WARNING] [.WebGL-0x1ff401777f00] GL_INVALID_OPERATION: glDrawElements: Must have element array buffer bound. @ http://localhost:8080/:0
[28980987ms] [WARNING] [.WebGL-0x1ff401777f00] GL_INVALID_OPERATION: glDrawElements: Must have element array buffer bound. @ http://localhost:8080/:0
[28980987ms] [WARNING] [.WebGL-0x1ff401777f00] GL_INVALID_OPERATION: glDrawElements: Must have element array buffer bound. @ http://localhost:8080/:0
[28981027ms] [WARNING] [.WebGL-0x1ff401777f00] GL_INVALID_OPERATION: glDrawElements: Must have element array buffer bound. @ http://localhost:8080/:0
[28981068ms] [WARNING] [.WebGL-0x1ff401777f00] GL_INVALID_OPERATION: glDrawElements: Must have element array buffer bound. @ http://localhost:8080/:0
[28981108ms] [WARNING] [.WebGL-0x1ff401777f00] GL_INVALID_OPERATION: glDrawElements: Must have element array buffer bound. @ http://localhost:8080/:0
[28981152ms] [WARNING] [.WebGL-0x1ff401777f00] GL_INVALID_OPERATION: glDrawElements: Must have element array buffer bound. @ http://localhost:8080/:0
[28981191ms] [WARNING] [.WebGL-0x1ff401777f00] GL_INVALID_OPERATION: glDrawElements: Must have element array buffer bound. @ http://localhost:8080/:0
[28981233ms] [WARNING] [.WebGL-0x1ff401777f00] GL_INVALID_OPERATION: glDrawElements: Must have element array buffer bound. @ http://localhost:8080/:0
[28981274ms] [WARNING] [.WebGL-0x1ff401777f00] GL_INVALID_OPERATION: glDrawElements: Must have element array buffer bound. @ http://localhost:8080/:0
[28981356ms] [WARNING] [.WebGL-0x1ff401777f00] GL_INVALID_OPERATION: glDrawElements: Must have element array buffer bound. @ http://localhost:8080/:0
[28981356ms] [WARNING] [.WebGL-0x1ff401777f00] GL_INVALID_OPERATION: glDrawElements: Must have element array buffer bound. @ http://localhost:8080/:0
[28981404ms] [WARNING] [.WebGL-0x1ff401777f00] GL_INVALID_OPERATION: glDrawElements: Must have element array buffer bound. @ http://localhost:8080/:0
[28981447ms] [WARNING] [.WebGL-0x1ff401777f00] GL_INVALID_OPERATION: glDrawElements: Must have element array buffer bound. @ http://localhost:8080/:0
[28981491ms] [WARNING] [.WebGL-0x1ff401777f00] GL_INVALID_OPERATION: glDrawElements: Must have element array buffer bound. @ http://localhost:8080/:0
[28981540ms] [WARNING] [.WebGL-0x1ff401777f00] GL_INVALID_OPERATION: glDrawElements: Must have element array buffer bound. @ http://localhost:8080/:0
[28981631ms] [WARNING] [.WebGL-0x1ff401777f00] GL_INVALID_OPERATION: glDrawElements: Must have element array buffer bound. @ http://localhost:8080/:0
[28981631ms] [WARNING] [.WebGL-0x1ff401777f00] GL_INVALID_OPERATION: glDrawElements: Must have element array buffer bound. @ http://localhost:8080/:0
[28981685ms] [WARNING] [.WebGL-0x1ff401777f00] GL_INVALID_OPERATION: glDrawElements: Must have element array buffer bound. @ http://localhost:8080/:0
[28981736ms] [WARNING] [.WebGL-0x1ff401777f00] GL_INVALID_OPERATION: glDrawElements: Must have element array buffer bound. @ http://localhost:8080/:0
[28981790ms] [WARNING] [.WebGL-0x1ff401777f00] GL_INVALID_OPERATION: glDrawElements: Must have element array buffer bound. @ http://localhost:8080/:0
[28981846ms] [WARNING] [.WebGL-0x1ff401777f00] GL_INVALID_OPERATION: glDrawElements: Must have element array buffer bound. @ http://localhost:8080/:0
[28981896ms] [WARNING] [.WebGL-0x1ff401777f00] GL_INVALID_OPERATION: glDrawElements: Must have element array buffer bound. @ http://localhost:8080/:0
[28981944ms] [WARNING] [.WebGL-0x1ff401777f00] GL_INVALID_OPERATION: glDrawElements: Must have element array buffer bound. @ http://localhost:8080/:0
[28981991ms] [WARNING] [.WebGL-0x1ff401777f00] GL_INVALID_OPERATION: glDrawElements: Must have element array buffer bound. @ http://localhost:8080/:0
[28982036ms] [WARNING] [.WebGL-0x1ff401777f00] GL_INVALID_OPERATION: glDrawElements: Must have element array buffer bound. @ http://localhost:8080/:0
[28982079ms] [WARNING] [.WebGL-0x1ff401777f00] GL_INVALID_OPERATION: glDrawElements: Must have element array buffer bound. @ http://localhost:8080/:0
[28982853ms] [WARNING] [.WebGL-0x1ff401777f00] GL_INVALID_OPERATION: glDrawElements: Must have element array buffer bound. @ http://localhost:8080/:0
[28982853ms] [WARNING] [.WebGL-0x1ff401777f00] GL_INVALID_OPERATION: glDrawElements: Must have element array buffer bound. @ http://localhost:8080/:0
[28982853ms] [WARNING] [.WebGL-0x1ff401777f00] GL_INVALID_OPERATION: glDrawElements: Must have element array buffer bound. @ http://localhost:8080/:0
[28982853ms] [WARNING] [.WebGL-0x1ff401777f00] GL_INVALID_OPERATION: glDrawElements: Must have element array buffer bound. @ http://localhost:8080/:0
[28982853ms] [WARNING] [.WebGL-0x1ff401777f00] GL_INVALID_OPERATION: glDrawElements: Must have element array buffer bound. @ http://localhost:8080/:0
[28982853ms] [WARNING] [.WebGL-0x1ff401777f00] GL_INVALID_OPERATION: glDrawElements: Must have element array buffer bound. @ http://localhost:8080/:0
[28982853ms] [WARNING] [.WebGL-0x1ff401777f00] GL_INVALID_OPERATION: glDrawElements: Must have element array buffer bound. @ http://localhost:8080/:0
[28982853ms] [WARNING] [.WebGL-0x1ff401777f00] GL_INVALID_OPERATION: glDrawElements: Must have element array buffer bound. @ http://localhost:8080/:0
[28982854ms] [WARNING] [.WebGL-0x1ff401777f00] GL_INVALID_OPERATION: glDrawElements: Must have element array buffer bound. @ http://localhost:8080/:0
[28982854ms] [WARNING] [.WebGL-0x1ff401777f00] GL_INVALID_OPERATION: glDrawElements: Must have element array buffer bound. @ http://localhost:8080/:0
[28982854ms] [WARNING] [.WebGL-0x1ff401777f00] GL_INVALID_OPERATION: glDrawElements: Must have element array buffer bound. @ http://localhost:8080/:0
[28982854ms] [WARNING] [.WebGL-0x1ff401777f00] GL_INVALID_OPERATION: glDrawElements: Must have element array buffer bound. @ http://localhost:8080/:0
[28982854ms] [WARNING] [.WebGL-0x1ff401777f00] GL_INVALID_OPERATION: glDrawElements: Must have element array buffer bound. @ http://localhost:8080/:0
[28982854ms] [WARNING] [.WebGL-0x1ff401777f00] GL_INVALID_OPERATION: glDrawElements: Must have element array buffer bound. @ http://localhost:8080/:0
[28982854ms] [WARNING] [.WebGL-0x1ff401777f00] GL_INVALID_OPERATION: glDrawElements: Must have element array buffer bound. @ http://localhost:8080/:0
[28982854ms] [WARNING] [.WebGL-0x1ff401777f00] GL_INVALID_OPERATION: glDrawElements: Must have element array buffer bound. @ http://localhost:8080/:0
[28982854ms] [WARNING] [.WebGL-0x1ff401777f00] GL_INVALID_OPERATION: glDrawElements: Must have element array buffer bound. @ http://localhost:8080/:0
[28982894ms] [WARNING] [.WebGL-0x1ff401777f00] GL_INVALID_OPERATION: glDrawElements: Must have element array buffer bound. @ http://localhost:8080/:0
[28982937ms] [WARNING] [.WebGL-0x1ff401777f00] GL_INVALID_OPERATION: glDrawElements: Must have element array buffer bound. @ http://localhost:8080/:0
[28982981ms] [WARNING] [.WebGL-0x1ff401777f00] GL_INVALID_OPERATION: glDrawElements: Must have element array buffer bound. @ http://localhost:8080/:0
[28983023ms] [WARNING] [.WebGL-0x1ff401777f00] GL_INVALID_OPERATION: glDrawElements: Must have element array buffer bound. @ http://localhost:8080/:0
[28983067ms] [WARNING] [.WebGL-0x1ff401777f00] GL_INVALID_OPERATION: glDrawElements: Must have element array buffer bound. @ http://localhost:8080/:0
[28983112ms] [WARNING] [.WebGL-0x1ff401777f00] GL_INVALID_OPERATION: glDrawElements: Must have element array buffer bound. @ http://localhost:8080/:0
[28983154ms] [WARNING] [.WebGL-0x1ff401777f00] GL_INVALID_OPERATION: glDrawElements: Must have element array buffer bound. @ http://localhost:8080/:0
[28983198ms] [WARNING] [.WebGL-0x1ff401777f00] GL_INVALID_OPERATION: glDrawElements: Must have element array buffer bound. @ http://localhost:8080/:0
[28983301ms] [WARNING] [.WebGL-0x1ff401777f00] GL_INVALID_OPERATION: glDrawElements: Must have element array buffer bound. @ http://localhost:8080/:0
[28983301ms] [WARNING] [.WebGL-0x1ff401777f00] GL_INVALID_OPERATION: glDrawElements: Must have element array buffer bound. @ http://localhost:8080/:0
[28983404ms] [WARNING] [.WebGL-0x1ff401777f00] GL_INVALID_OPERATION: glDrawElements: Must have element array buffer bound. @ http://localhost:8080/:0
[28983404ms] [WARNING] [.WebGL-0x1ff401777f00] GL_INVALID_OPERATION: glDrawElements: Must have element array buffer bound. @ http://localhost:8080/:0
[28983502ms] [WARNING] [.WebGL-0x1ff401777f00] GL_INVALID_OPERATION: glDrawElements: Must have element array buffer bound. @ http://localhost:8080/:0
[28983502ms] [WARNING] [.WebGL-0x1ff401777f00] GL_INVALID_OPERATION: glDrawElements: Must have element array buffer bound. @ http://localhost:8080/:0
[28983550ms] [WARNING] [.WebGL-0x1ff401777f00] GL_INVALID_OPERATION: glDrawElements: Must have element array buffer bound. @ http://localhost:8080/:0
[28983594ms] [WARNING] [.WebGL-0x1ff401777f00] GL_INVALID_OPERATION: glDrawElements: Must have element array buffer bound. @ http://localhost:8080/:0
[28983636ms] [WARNING] [.WebGL-0x1ff401777f00] GL_INVALID_OPERATION: glDrawElements: Must have element array buffer bound. @ http://localhost:8080/:0
[28983675ms] [WARNING] [.WebGL-0x1ff401777f00] GL_INVALID_OPERATION: glDrawElements: Must have element array buffer bound. @ http://localhost:8080/:0
[28983716ms] [WARNING] [.WebGL-0x1ff401777f00] GL_INVALID_OPERATION: glDrawElements: Must have element array buffer bound. @ http://localhost:8080/:0
[28983797ms] [WARNING] [.WebGL-0x1ff401777f00] GL_INVALID_OPERATION: glDrawElements: Must have element array buffer bound. @ http://localhost:8080/:0
[28983797ms] [WARNING] [.WebGL-0x1ff401777f00] GL_INVALID_OPERATION: glDrawElements: Must have element array buffer bound. @ http://localhost:8080/:0
[28983838ms] [WARNING] [.WebGL-0x1ff401777f00] GL_INVALID_OPERATION: glDrawElements: Must have element array buffer bound. @ http://localhost:8080/:0
[28983877ms] [WARNING] [.WebGL-0x1ff401777f00] GL_INVALID_OPERATION: glDrawElements: Must have element array buffer bound. @ http://localhost:8080/:0
[28983915ms] [WARNING] [.WebGL-0x1ff401777f00] GL_INVALID_OPERATION: glDrawElements: Must have element array buffer bound. @ http://localhost:8080/:0
[28983953ms] [WARNING] [.WebGL-0x1ff401777f00] GL_INVALID_OPERATION: glDrawElements: Must have element array buffer bound. @ http://localhost:8080/:0
[28983994ms] [WARNING] [.WebGL-0x1ff401777f00] GL_INVALID_OPERATION: glDrawElements: Must have element array buffer bound. @ http://localhost:8080/:0
[28984033ms] [WARNING] [.WebGL-0x1ff401777f00] GL_INVALID_OPERATION: glDrawElements: Must have element array buffer bound. @ http://localhost:8080/:0
[28984076ms] [WARNING] [.WebGL-0x1ff401777f00] GL_INVALID_OPERATION: glDrawElements: Must have element array buffer bound. @ http://localhost:8080/:0
[28984118ms] [WARNING] [.WebGL-0x1ff401777f00] GL_INVALID_OPERATION: glDrawElements: Must have element array buffer bound. @ http://localhost:8080/:0
[28984156ms] [WARNING] [.WebGL-0x1ff401777f00] GL_INVALID_OPERATION: glDrawElements: Must have element array buffer bound. @ http://localhost:8080/:0
[28984196ms] [WARNING] [.WebGL-0x1ff401777f00] GL_INVALID_OPERATION: glDrawElements: Must have element array buffer bound. @ http://localhost:8080/:0
[28984237ms] [WARNING] [.WebGL-0x1ff401777f00] GL_INVALID_OPERATION: glDrawElements: Must have element array buffer bound. @ http://localhost:8080/:0
[28984281ms] [WARNING] [.WebGL-0x1ff401777f00] GL_INVALID_OPERATION: glDrawElements: Must have element array buffer bound. @ http://localhost:8080/:0
[28984320ms] [WARNING] [.WebGL-0x1ff401777f00] GL_INVALID_OPERATION: glDrawElements: Must have element array buffer bound. @ http://localhost:8080/:0
[28984359ms] [WARNING] [.WebGL-0x1ff401777f00] GL_INVALID_OPERATION: glDrawElements: Must have element array buffer bound. @ http://localhost:8080/:0
[28984399ms] [WARNING] [.WebGL-0x1ff401777f00] GL_INVALID_OPERATION: glDrawElements: Must have element array buffer bound. @ http://localhost:8080/:0
[28984436ms] [WARNING] [.WebGL-0x1ff401777f00] GL_INVALID_OPERATION: glDrawElements: Must have element array buffer bound. @ http://localhost:8080/:0
[28984474ms] [WARNING] [.WebGL-0x1ff401777f00] GL_INVALID_OPERATION: glDrawElements: Must have element array buffer bound. @ http://localhost:8080/:0
[28984512ms] [WARNING] [.WebGL-0x1ff401777f00] GL_INVALID_OPERATION: glDrawElements: Must have element array buffer bound. @ http://localhost:8080/:0
[28984552ms] [WARNING] [.WebGL-0x1ff401777f00] GL_INVALID_OPERATION: glDrawElements: Must have element array buffer bound. @ http://localhost:8080/:0
[28984593ms] [WARNING] [.WebGL-0x1ff401777f00] GL_INVALID_OPERATION: glDrawElements: Must have element array buffer bound. @ http://localhost:8080/:0
[28984632ms] [WARNING] [.WebGL-0x1ff401777f00] GL_INVALID_OPERATION: glDrawElements: Must have element array buffer bound. @ http://localhost:8080/:0
[28984671ms] [WARNING] [.WebGL-0x1ff401777f00] GL_INVALID_OPERATION: glDrawElements: Must have element array buffer bound. @ http://localhost:8080/:0
[28984711ms] [WARNING] [.WebGL-0x1ff401777f00] GL_INVALID_OPERATION: glDrawElements: Must have element array buffer bound. @ http://localhost:8080/:0
[28984748ms] [WARNING] [.WebGL-0x1ff401777f00] GL_INVALID_OPERATION: glDrawElements: Must have element array buffer bound. @ http://localhost:8080/:0
[28984789ms] [WARNING] [.WebGL-0x1ff401777f00] GL_INVALID_OPERATION: glDrawElements: Must have element array buffer bound. @ http://localhost:8080/:0
[28984828ms] [WARNING] [.WebGL-0x1ff401777f00] GL_INVALID_OPERATION: glDrawElements: Must have element array buffer bound. @ http://localhost:8080/:0
[28984865ms] [WARNING] [.WebGL-0x1ff401777f00] GL_INVALID_OPERATION: glDrawElements: Must have element array buffer bound. @ http://localhost:8080/:0
[28984904ms] [WARNING] [.WebGL-0x1ff401777f00] GL_INVALID_OPERATION: glDrawElements: Must have element array buffer bound. @ http://localhost:8080/:0
[28984943ms] [WARNING] [.WebGL-0x1ff401777f00] GL_INVALID_OPERATION: glDrawElements: Must have element array buffer bound. @ http://localhost:8080/:0
[28984984ms] [WARNING] [.WebGL-0x1ff401777f00] GL_INVALID_OPERATION: glDrawElements: Must have element array buffer bound. @ http://localhost:8080/:0
[28985022ms] [WARNING] [.WebGL-0x1ff401777f00] GL_INVALID_OPERATION: glDrawElements: Must have element array buffer bound. @ http://localhost:8080/:0
[28985099ms] [WARNING] [.WebGL-0x1ff401777f00] GL_INVALID_OPERATION: glDrawElements: Must have element array buffer bound. @ http://localhost:8080/:0
[28985099ms] [WARNING] [.WebGL-0x1ff401777f00] GL_INVALID_OPERATION: glDrawElements: Must have element array buffer bound. @ http://localhost:8080/:0
[28985142ms] [WARNING] [.WebGL-0x1ff401777f00] GL_INVALID_OPERATION: glDrawElements: Must have element array buffer bound. @ http://localhost:8080/:0
[28985182ms] [WARNING] [.WebGL-0x1ff401777f00] GL_INVALID_OPERATION: glDrawElements: Must have element array buffer bound. @ http://localhost:8080/:0
[28985222ms] [WARNING] [.WebGL-0x1ff401777f00] GL_INVALID_OPERATION: glDrawElements: Must have element array buffer bound. @ http://localhost:8080/:0
[28985260ms] [WARNING] [.WebGL-0x1ff401777f00] GL_INVALID_OPERATION: glDrawElements: Must have element array buffer bound. @ http://localhost:8080/:0
[28985302ms] [WARNING] [.WebGL-0x1ff401777f00] GL_INVALID_OPERATION: glDrawElements: Must have element array buffer bound. @ http://localhost:8080/:0
[28985340ms] [WARNING] [.WebGL-0x1ff401777f00] GL_INVALID_OPERATION: glDrawElements: Must have element array buffer bound. @ http://localhost:8080/:0
[28985417ms] [WARNING] [.WebGL-0x1ff401777f00] GL_INVALID_OPERATION: glDrawElements: Must have element array buffer bound. @ http://localhost:8080/:0
[28985417ms] [WARNING] [.WebGL-0x1ff401777f00] GL_INVALID_OPERATION: glDrawElements: Must have element array buffer bound. @ http://localhost:8080/:0
[28985494ms] [WARNING] [.WebGL-0x1ff401777f00] GL_INVALID_OPERATION: glDrawElements: Must have element array buffer bound. @ http://localhost:8080/:0
[28985494ms] [WARNING] [.WebGL-0x1ff401777f00] GL_INVALID_OPERATION: glDrawElements: Must have element array buffer bound. @ http://localhost:8080/:0
[28985534ms] [WARNING] [.WebGL-0x1ff401777f00] GL_INVALID_OPERATION: glDrawElements: Must have element array buffer bound. @ http://localhost:8080/:0
[28985572ms] [WARNING] [.WebGL-0x1ff401777f00] GL_INVALID_OPERATION: glDrawElements: Must have element array buffer bound. @ http://localhost:8080/:0
[28985612ms] [WARNING] [.WebGL-0x1ff401777f00] GL_INVALID_OPERATION: glDrawElements: Must have element array buffer bound. @ http://localhost:8080/:0
[28985693ms] [WARNING] [.WebGL-0x1ff401777f00] GL_INVALID_OPERATION: glDrawElements: Must have element array buffer bound. @ http://localhost:8080/:0
[28985693ms] [WARNING] [.WebGL-0x1ff401777f00] GL_INVALID_OPERATION: glDrawElements: Must have element array buffer bound. @ http://localhost:8080/:0
[28985732ms] [WARNING] [.WebGL-0x1ff401777f00] GL_INVALID_OPERATION: glDrawElements: Must have element array buffer bound. @ http://localhost:8080/:0
[28985771ms] [WARNING] [.WebGL-0x1ff401777f00] GL_INVALID_OPERATION: glDrawElements: Must have element array buffer bound. @ http://localhost:8080/:0
[28985812ms] [WARNING] [.WebGL-0x1ff401777f00] GL_INVALID_OPERATION: glDrawElements: Must have element array buffer bound. @ http://localhost:8080/:0
[28985851ms] [WARNING] [.WebGL-0x1ff401777f00] GL_INVALID_OPERATION: glDrawElements: Must have element array buffer bound. @ http://localhost:8080/:0
[28985892ms] [WARNING] [.WebGL-0x1ff401777f00] GL_INVALID_OPERATION: glDrawElements: Must have element array buffer bound. @ http://localhost:8080/:0
[28985931ms] [WARNING] [.WebGL-0x1ff401777f00] GL_INVALID_OPERATION: glDrawElements: Must have element array buffer bound. @ http://localhost:8080/:0
[28985971ms] [WARNING] [.WebGL-0x1ff401777f00] GL_INVALID_OPERATION: glDrawElements: Must have element array buffer bound. @ http://localhost:8080/:0
[28986010ms] [WARNING] [.WebGL-0x1ff401777f00] GL_INVALID_OPERATION: glDrawElements: Must have element array buffer bound. @ http://localhost:8080/:0
[28986050ms] [WARNING] [.WebGL-0x1ff401777f00] GL_INVALID_OPERATION: glDrawElements: Must have element array buffer bound. @ http://localhost:8080/:0
[28986089ms] [WARNING] [.WebGL-0x1ff401777f00] GL_INVALID_OPERATION: glDrawElements: Must have element array buffer bound. @ http://localhost:8080/:0
[28986128ms] [WARNING] [.WebGL-0x1ff401777f00] GL_INVALID_OPERATION: glDrawElements: Must have element array buffer bound. @ http://localhost:8080/:0
[28986169ms] [WARNING] [.WebGL-0x1ff401777f00] GL_INVALID_OPERATION: glDrawElements: Must have element array buffer bound. @ http://localhost:8080/:0
[28986246ms] [WARNING] [.WebGL-0x1ff401777f00] GL_INVALID_OPERATION: glDrawElements: Must have element array buffer bound. @ http://localhost:8080/:0
[28986246ms] [WARNING] [.WebGL-0x1ff401777f00] GL_INVALID_OPERATION: glDrawElements: Must have element array buffer bound. @ http://localhost:8080/:0
[28986285ms] [WARNING] [.WebGL-0x1ff401777f00] GL_INVALID_OPERATION: glDrawElements: Must have element array buffer bound. @ http://localhost:8080/:0
[28986366ms] [WARNING] [.WebGL-0x1ff401777f00] GL_INVALID_OPERATION: glDrawElements: Must have element array buffer bound. @ http://localhost:8080/:0
[28986366ms] [WARNING] [.WebGL-0x1ff401777f00] GL_INVALID_OPERATION: glDrawElements: Must have element array buffer bound. @ http://localhost:8080/:0
[28986406ms] [WARNING] [.WebGL-0x1ff401777f00] GL_INVALID_OPERATION: glDrawElements: Must have element array buffer bound. @ http://localhost:8080/:0
[28986446ms] [WARNING] [.WebGL-0x1ff401777f00] GL_INVALID_OPERATION: glDrawElements: Must have element array buffer bound. @ http://localhost:8080/:0
[28986484ms] [WARNING] [.WebGL-0x1ff401777f00] GL_INVALID_OPERATION: glDrawElements: Must have element array buffer bound. @ http://localhost:8080/:0
[28986524ms] [WARNING] [.WebGL-0x1ff401777f00] GL_INVALID_OPERATION: glDrawElements: Must have element array buffer bound. @ http://localhost:8080/:0
[28986564ms] [WARNING] [.WebGL-0x1ff401777f00] GL_INVALID_OPERATION: glDrawElements: Must have element array buffer bound. @ http://localhost:8080/:0
[28986602ms] [WARNING] [.WebGL-0x1ff401777f00] GL_INVALID_OPERATION: glDrawElements: Must have element array buffer bound. @ http://localhost:8080/:0
[28986642ms] [WARNING] [.WebGL-0x1ff401777f00] GL_INVALID_OPERATION: glDrawElements: Must have element array buffer bound. @ http://localhost:8080/:0
[28986683ms] [WARNING] [.WebGL-0x1ff401777f00] GL_INVALID_OPERATION: glDrawElements: Must have element array buffer bound. @ http://localhost:8080/:0
[28986723ms] [WARNING] [.WebGL-0x1ff401777f00] GL_INVALID_OPERATION: glDrawElements: Must have element array buffer bound. @ http://localhost:8080/:0
[28986765ms] [WARNING] [.WebGL-0x1ff401777f00] GL_INVALID_OPERATION: glDrawElements: Must have element array buffer bound. @ http://localhost:8080/:0
[28986812ms] [WARNING] [.WebGL-0x1ff401777f00] GL_INVALID_OPERATION: glDrawElements: Must have element array buffer bound. @ http://localhost:8080/:0
[28986853ms] [WARNING] [.WebGL-0x1ff401777f00] GL_INVALID_OPERATION: glDrawElements: Must have element array buffer bound. @ http://localhost:8080/:0
[28986934ms] [WARNING] [.WebGL-0x1ff401777f00] GL_INVALID_OPERATION: glDrawElements: Must have element array buffer bound. @ http://localhost:8080/:0
[28986935ms] [WARNING] [.WebGL-0x1ff401777f00] GL_INVALID_OPERATION: glDrawElements: Must have element array buffer bound. @ http://localhost:8080/:0
[28987013ms] [WARNING] [.WebGL-0x1ff401777f00] GL_INVALID_OPERATION: glDrawElements: Must have element array buffer bound. @ http://localhost:8080/:0
[28987013ms] [WARNING] [.WebGL-0x1ff401777f00] GL_INVALID_OPERATION: glDrawElements: Must have element array buffer bound. @ http://localhost:8080/:0
[28987053ms] [WARNING] [.WebGL-0x1ff401777f00] GL_INVALID_OPERATION: glDrawElements: Must have element array buffer bound. @ http://localhost:8080/:0
[28987095ms] [WARNING] [.WebGL-0x1ff401777f00] GL_INVALID_OPERATION: glDrawElements: Must have element array buffer bound. @ http://localhost:8080/:0
[28987136ms] [WARNING] [.WebGL-0x1ff401777f00] GL_INVALID_OPERATION: glDrawElements: Must have element array buffer bound. @ http://localhost:8080/:0
[28987178ms] [WARNING] [.WebGL-0x1ff401777f00] GL_INVALID_OPERATION: glDrawElements: Must have element array buffer bound. @ http://localhost:8080/:0
[28987218ms] [WARNING] [.WebGL-0x1ff401777f00] GL_INVALID_OPERATION: glDrawElements: Must have element array buffer bound. @ http://localhost:8080/:0
[28987258ms] [WARNING] [.WebGL-0x1ff401777f00] GL_INVALID_OPERATION: glDrawElements: Must have element array buffer bound. @ http://localhost:8080/:0
[28987296ms] [WARNING] [.WebGL-0x1ff401777f00] GL_INVALID_OPERATION: glDrawElements: Must have element array buffer bound. @ http://localhost:8080/:0
[28987337ms] [WARNING] [.WebGL-0x1ff401777f00] GL_INVALID_OPERATION: glDrawElements: Must have element array buffer bound. @ http://localhost:8080/:0
[28987376ms] [WARNING] [.WebGL-0x1ff401777f00] GL_INVALID_OPERATION: glDrawElements: Must have element array buffer bound. @ http://localhost:8080/:0
[28987376ms] [WARNING] WebGL: too many errors, no more errors will be reported to the console for this context. @ http://localhost:8080/:0
[30197429ms] [WARNING] [.WebGL-0x1ff4033f4d00] GL_INVALID_OPERATION: glDrawElements: Must have element array buffer bound. @ http://localhost:8080/:0
[30197495ms] [WARNING] [.WebGL-0x1ff4033f4d00] GL_INVALID_OPERATION: glDrawElements: Must have element array buffer bound. @ http://localhost:8080/:0
[30197550ms] [WARNING] [.WebGL-0x1ff4033f4d00] GL_INVALID_OPERATION: glDrawElements: Must have element array buffer bound. @ http://localhost:8080/:0
[30197599ms] [WARNING] [.WebGL-0x1ff4033f4d00] GL_INVALID_OPERATION: glDrawElements: Must have element array buffer bound. @ http://localhost:8080/:0
[30197644ms] [WARNING] [.WebGL-0x1ff4033f4d00] GL_INVALID_OPERATION: glDrawElements: Must have element array buffer bound. @ http://localhost:8080/:0
[30197698ms] [WARNING] [.WebGL-0x1ff4033f4d00] GL_INVALID_OPERATION: glDrawElements: Must have element array buffer bound. @ http://localhost:8080/:0
[30197747ms] [WARNING] [.WebGL-0x1ff4033f4d00] GL_INVALID_OPERATION: glDrawElements: Must have element array buffer bound. @ http://localhost:8080/:0
[30197798ms] [WARNING] [.WebGL-0x1ff4033f4d00] GL_INVALID_OPERATION: glDrawElements: Must have element array buffer bound. @ http://localhost:8080/:0
[30197848ms] [WARNING] [.WebGL-0x1ff4033f4d00] GL_INVALID_OPERATION: glDrawElements: Must have element array buffer bound. @ http://localhost:8080/:0
[30197894ms] [WARNING] [.WebGL-0x1ff4033f4d00] GL_INVALID_OPERATION: glDrawElements: Must have element array buffer bound. @ http://localhost:8080/:0
[30197943ms] [WARNING] [.WebGL-0x1ff4033f4d00] GL_INVALID_OPERATION: glDrawElements: Must have element array buffer bound. @ http://localhost:8080/:0
[30197991ms] [WARNING] [.WebGL-0x1ff4033f4d00] GL_INVALID_OPERATION: glDrawElements: Must have element array buffer bound. @ http://localhost:8080/:0
[30198036ms] [WARNING] [.WebGL-0x1ff4033f4d00] GL_INVALID_OPERATION: glDrawElements: Must have element array buffer bound. @ http://localhost:8080/:0
[30198084ms] [WARNING] [.WebGL-0x1ff4033f4d00] GL_INVALID_OPERATION: glDrawElements: Must have element array buffer bound. @ http://localhost:8080/:0
[30198130ms] [WARNING] [.WebGL-0x1ff4033f4d00] GL_INVALID_OPERATION: glDrawElements: Must have element array buffer bound. @ http://localhost:8080/:0
[30198176ms] [WARNING] [.WebGL-0x1ff4033f4d00] GL_INVALID_OPERATION: glDrawElements: Must have element array buffer bound. @ http://localhost:8080/:0
[30198223ms] [WARNING] [.WebGL-0x1ff4033f4d00] GL_INVALID_OPERATION: glDrawElements: Must have element array buffer bound. @ http://localhost:8080/:0
[30198271ms] [WARNING] [.WebGL-0x1ff4033f4d00] GL_INVALID_OPERATION: glDrawElements: Must have element array buffer bound. @ http://localhost:8080/:0
[30198316ms] [WARNING] [.WebGL-0x1ff4033f4d00] GL_INVALID_OPERATION: glDrawElements: Must have element array buffer bound. @ http://localhost:8080/:0
[30198364ms] [WARNING] [.WebGL-0x1ff4033f4d00] GL_INVALID_OPERATION: glDrawElements: Must have element array buffer bound. @ http://localhost:8080/:0
[30198408ms] [WARNING] [.WebGL-0x1ff4033f4d00] GL_INVALID_OPERATION: glDrawElements: Must have element array buffer bound. @ http://localhost:8080/:0
[30198453ms] [WARNING] [.WebGL-0x1ff4033f4d00] GL_INVALID_OPERATION: glDrawElements: Must have element array buffer bound. @ http://localhost:8080/:0
[30198498ms] [WARNING] [.WebGL-0x1ff4033f4d00] GL_INVALID_OPERATION: glDrawElements: Must have element array buffer bound. @ http://localhost:8080/:0
[30198544ms] [WARNING] [.WebGL-0x1ff4033f4d00] GL_INVALID_OPERATION: glDrawElements: Must have element array buffer bound. @ http://localhost:8080/:0
[30198596ms] [WARNING] [.WebGL-0x1ff4033f4d00] GL_INVALID_OPERATION: glDrawElements: Must have element array buffer bound. @ http://localhost:8080/:0
[30198641ms] [WARNING] [.WebGL-0x1ff4033f4d00] GL_INVALID_OPERATION: glDrawElements: Must have element array buffer bound. @ http://localhost:8080/:0
[30198689ms] [WARNING] [.WebGL-0x1ff4033f4d00] GL_INVALID_OPERATION: glDrawElements: Must have element array buffer bound. @ http://localhost:8080/:0
[30198738ms] [WARNING] [.WebGL-0x1ff4033f4d00] GL_INVALID_OPERATION: glDrawElements: Must have element array buffer bound. @ http://localhost:8080/:0
[30198784ms] [WARNING] [.WebGL-0x1ff4033f4d00] GL_INVALID_OPERATION: glDrawElements: Must have element array buffer bound. @ http://localhost:8080/:0
[30198829ms] [WARNING] [.WebGL-0x1ff4033f4d00] GL_INVALID_OPERATION: glDrawElements: Must have element array buffer bound. @ http://localhost:8080/:0
[30198873ms] [WARNING] [.WebGL-0x1ff4033f4d00] GL_INVALID_OPERATION: glDrawElements: Must have element array buffer bound. @ http://localhost:8080/:0
[30198920ms] [WARNING] [.WebGL-0x1ff4033f4d00] GL_INVALID_OPERATION: glDrawElements: Must have element array buffer bound. @ http://localhost:8080/:0
[30198964ms] [WARNING] [.WebGL-0x1ff4033f4d00] GL_INVALID_OPERATION: glDrawElements: Must have element array buffer bound. @ http://localhost:8080/:0
[30199008ms] [WARNING] [.WebGL-0x1ff4033f4d00] GL_INVALID_OPERATION: glDrawElements: Must have element array buffer bound. @ http://localhost:8080/:0
[30199052ms] [WARNING] [.WebGL-0x1ff4033f4d00] GL_INVALID_OPERATION: glDrawElements: Must have element array buffer bound. @ http://localhost:8080/:0
[30199096ms] [WARNING] [.WebGL-0x1ff4033f4d00] GL_INVALID_OPERATION: glDrawElements: Must have element array buffer bound. @ http://localhost:8080/:0
[30199140ms] [WARNING] [.WebGL-0x1ff4033f4d00] GL_INVALID_OPERATION: glDrawElements: Must have element array buffer bound. @ http://localhost:8080/:0
[30199185ms] [WARNING] [.WebGL-0x1ff4033f4d00] GL_INVALID_OPERATION: glDrawElements: Must have element array buffer bound. @ http://localhost:8080/:0
[30199229ms] [WARNING] [.WebGL-0x1ff4033f4d00] GL_INVALID_OPERATION: glDrawElements: Must have element array buffer bound. @ http://localhost:8080/:0
[30199276ms] [WARNING] [.WebGL-0x1ff4033f4d00] GL_INVALID_OPERATION: glDrawElements: Must have element array buffer bound. @ http://localhost:8080/:0
[30199322ms] [WARNING] [.WebGL-0x1ff4033f4d00] GL_INVALID_OPERATION: glDrawElements: Must have element array buffer bound. @ http://localhost:8080/:0
[30199368ms] [WARNING] [.WebGL-0x1ff4033f4d00] GL_INVALID_OPERATION: glDrawElements: Must have element array buffer bound. @ http://localhost:8080/:0
[30199412ms] [WARNING] [.WebGL-0x1ff4033f4d00] GL_INVALID_OPERATION: glDrawElements: Must have element array buffer bound. @ http://localhost:8080/:0
[30199458ms] [WARNING] [.WebGL-0x1ff4033f4d00] GL_INVALID_OPERATION: glDrawElements: Must have element array buffer bound. @ http://localhost:8080/:0
[30199501ms] [WARNING] [.WebGL-0x1ff4033f4d00] GL_INVALID_OPERATION: glDrawElements: Must have element array buffer bound. @ http://localhost:8080/:0
[30199544ms] [WARNING] [.WebGL-0x1ff4033f4d00] GL_INVALID_OPERATION: glDrawElements: Must have element array buffer bound. @ http://localhost:8080/:0
[30199590ms] [WARNING] [.WebGL-0x1ff4033f4d00] GL_INVALID_OPERATION: glDrawElements: Must have element array buffer bound. @ http://localhost:8080/:0
[30199638ms] [WARNING] [.WebGL-0x1ff4033f4d00] GL_INVALID_OPERATION: glDrawElements: Must have element array buffer bound. @ http://localhost:8080/:0
[30199684ms] [WARNING] [.WebGL-0x1ff4033f4d00] GL_INVALID_OPERATION: glDrawElements: Must have element array buffer bound. @ http://localhost:8080/:0
[30199731ms] [WARNING] [.WebGL-0x1ff4033f4d00] GL_INVALID_OPERATION: glDrawElements: Must have element array buffer bound. @ http://localhost:8080/:0
[30199776ms] [WARNING] [.WebGL-0x1ff4033f4d00] GL_INVALID_OPERATION: glDrawElements: Must have element array buffer bound. @ http://localhost:8080/:0
[30199822ms] [WARNING] [.WebGL-0x1ff4033f4d00] GL_INVALID_OPERATION: glDrawElements: Must have element array buffer bound. @ http://localhost:8080/:0
[30199870ms] [WARNING] [.WebGL-0x1ff4033f4d00] GL_INVALID_OPERATION: glDrawElements: Must have element array buffer bound. @ http://localhost:8080/:0
[30199918ms] [WARNING] [.WebGL-0x1ff4033f4d00] GL_INVALID_OPERATION: glDrawElements: Must have element array buffer bound. @ http://localhost:8080/:0
[30199963ms] [WARNING] [.WebGL-0x1ff4033f4d00] GL_INVALID_OPERATION: glDrawElements: Must have element array buffer bound. @ http://localhost:8080/:0
[30200008ms] [WARNING] [.WebGL-0x1ff4033f4d00] GL_INVALID_OPERATION: glDrawElements: Must have element array buffer bound. @ http://localhost:8080/:0
[30200052ms] [WARNING] [.WebGL-0x1ff4033f4d00] GL_INVALID_OPERATION: glDrawElements: Must have element array buffer bound. @ http://localhost:8080/:0
[30200099ms] [WARNING] [.WebGL-0x1ff4033f4d00] GL_INVALID_OPERATION: glDrawElements: Must have element array buffer bound. @ http://localhost:8080/:0
[30200145ms] [WARNING] [.WebGL-0x1ff4033f4d00] GL_INVALID_OPERATION: glDrawElements: Must have element array buffer bound. @ http://localhost:8080/:0
[30200189ms] [WARNING] [.WebGL-0x1ff4033f4d00] GL_INVALID_OPERATION: glDrawElements: Must have element array buffer bound. @ http://localhost:8080/:0
[30200234ms] [WARNING] [.WebGL-0x1ff4033f4d00] GL_INVALID_OPERATION: glDrawElements: Must have element array buffer bound. @ http://localhost:8080/:0
[30200279ms] [WARNING] [.WebGL-0x1ff4033f4d00] GL_INVALID_OPERATION: glDrawElements: Must have element array buffer bound. @ http://localhost:8080/:0
[30200324ms] [WARNING] [.WebGL-0x1ff4033f4d00] GL_INVALID_OPERATION: glDrawElements: Must have element array buffer bound. @ http://localhost:8080/:0
[30200368ms] [WARNING] [.WebGL-0x1ff4033f4d00] GL_INVALID_OPERATION: glDrawElements: Must have element array buffer bound. @ http://localhost:8080/:0
[30200411ms] [WARNING] [.WebGL-0x1ff4033f4d00] GL_INVALID_OPERATION: glDrawElements: Must have element array buffer bound. @ http://localhost:8080/:0
[30200456ms] [WARNING] [.WebGL-0x1ff4033f4d00] GL_INVALID_OPERATION: glDrawElements: Must have element array buffer bound. @ http://localhost:8080/:0
[30200502ms] [WARNING] [.WebGL-0x1ff4033f4d00] GL_INVALID_OPERATION: glDrawElements: Must have element array buffer bound. @ http://localhost:8080/:0
[30200547ms] [WARNING] [.WebGL-0x1ff4033f4d00] GL_INVALID_OPERATION: glDrawElements: Must have element array buffer bound. @ http://localhost:8080/:0
[30200591ms] [WARNING] [.WebGL-0x1ff4033f4d00] GL_INVALID_OPERATION: glDrawElements: Must have element array buffer bound. @ http://localhost:8080/:0
[30200634ms] [WARNING] [.WebGL-0x1ff4033f4d00] GL_INVALID_OPERATION: glDrawElements: Must have element array buffer bound. @ http://localhost:8080/:0
[30200678ms] [WARNING] [.WebGL-0x1ff4033f4d00] GL_INVALID_OPERATION: glDrawElements: Must have element array buffer bound. @ http://localhost:8080/:0
[30200724ms] [WARNING] [.WebGL-0x1ff4033f4d00] GL_INVALID_OPERATION: glDrawElements: Must have element array buffer bound. @ http://localhost:8080/:0
[30200773ms] [WARNING] [.WebGL-0x1ff4033f4d00] GL_INVALID_OPERATION: glDrawElements: Must have element array buffer bound. @ http://localhost:8080/:0
[30200821ms] [WARNING] [.WebGL-0x1ff4033f4d00] GL_INVALID_OPERATION: glDrawElements: Must have element array buffer bound. @ http://localhost:8080/:0
[30200867ms] [WARNING] [.WebGL-0x1ff4033f4d00] GL_INVALID_OPERATION: glDrawElements: Must have element array buffer bound. @ http://localhost:8080/:0
[30200911ms] [WARNING] [.WebGL-0x1ff4033f4d00] GL_INVALID_OPERATION: glDrawElements: Must have element array buffer bound. @ http://localhost:8080/:0
[30200958ms] [WARNING] [.WebGL-0x1ff4033f4d00] GL_INVALID_OPERATION: glDrawElements: Must have element array buffer bound. @ http://localhost:8080/:0
[30201003ms] [WARNING] [.WebGL-0x1ff4033f4d00] GL_INVALID_OPERATION: glDrawElements: Must have element array buffer bound. @ http://localhost:8080/:0
[30201051ms] [WARNING] [.WebGL-0x1ff4033f4d00] GL_INVALID_OPERATION: glDrawElements: Must have element array buffer bound. @ http://localhost:8080/:0
[30201097ms] [WARNING] [.WebGL-0x1ff4033f4d00] GL_INVALID_OPERATION: glDrawElements: Must have element array buffer bound. @ http://localhost:8080/:0
[30201144ms] [WARNING] [.WebGL-0x1ff4033f4d00] GL_INVALID_OPERATION: glDrawElements: Must have element array buffer bound. @ http://localhost:8080/:0
[30201189ms] [WARNING] [.WebGL-0x1ff4033f4d00] GL_INVALID_OPERATION: glDrawElements: Must have element array buffer bound. @ http://localhost:8080/:0
[30201235ms] [WARNING] [.WebGL-0x1ff4033f4d00] GL_INVALID_OPERATION: glDrawElements: Must have element array buffer bound. @ http://localhost:8080/:0
[30201279ms] [WARNING] [.WebGL-0x1ff4033f4d00] GL_INVALID_OPERATION: glDrawElements: Must have element array buffer bound. @ http://localhost:8080/:0
[30201322ms] [WARNING] [.WebGL-0x1ff4033f4d00] GL_INVALID_OPERATION: glDrawElements: Must have element array buffer bound. @ http://localhost:8080/:0
[30201367ms] [WARNING] [.WebGL-0x1ff4033f4d00] GL_INVALID_OPERATION: glDrawElements: Must have element array buffer bound. @ http://localhost:8080/:0
[30201409ms] [WARNING] [.WebGL-0x1ff4033f4d00] GL_INVALID_OPERATION: glDrawElements: Must have element array buffer bound. @ http://localhost:8080/:0
[30201452ms] [WARNING] [.WebGL-0x1ff4033f4d00] GL_INVALID_OPERATION: glDrawElements: Must have element array buffer bound. @ http://localhost:8080/:0
[30201495ms] [WARNING] [.WebGL-0x1ff4033f4d00] GL_INVALID_OPERATION: glDrawElements: Must have element array buffer bound. @ http://localhost:8080/:0
[30201539ms] [WARNING] [.WebGL-0x1ff4033f4d00] GL_INVALID_OPERATION: glDrawElements: Must have element array buffer bound. @ http://localhost:8080/:0
[30201582ms] [WARNING] [.WebGL-0x1ff4033f4d00] GL_INVALID_OPERATION: glDrawElements: Must have element array buffer bound. @ http://localhost:8080/:0
[30201626ms] [WARNING] [.WebGL-0x1ff4033f4d00] GL_INVALID_OPERATION: glDrawElements: Must have element array buffer bound. @ http://localhost:8080/:0
[30201670ms] [WARNING] [.WebGL-0x1ff4033f4d00] GL_INVALID_OPERATION: glDrawElements: Must have element array buffer bound. @ http://localhost:8080/:0
[30201716ms] [WARNING] [.WebGL-0x1ff4033f4d00] GL_INVALID_OPERATION: glDrawElements: Must have element array buffer bound. @ http://localhost:8080/:0
[30201760ms] [WARNING] [.WebGL-0x1ff4033f4d00] GL_INVALID_OPERATION: glDrawElements: Must have element array buffer bound. @ http://localhost:8080/:0
[30201808ms] [WARNING] [.WebGL-0x1ff4033f4d00] GL_INVALID_OPERATION: glDrawElements: Must have element array buffer bound. @ http://localhost:8080/:0
[30201856ms] [WARNING] [.WebGL-0x1ff4033f4d00] GL_INVALID_OPERATION: glDrawElements: Must have element array buffer bound. @ http://localhost:8080/:0
[30201903ms] [WARNING] [.WebGL-0x1ff4033f4d00] GL_INVALID_OPERATION: glDrawElements: Must have element array buffer bound. @ http://localhost:8080/:0
[30201958ms] [WARNING] [.WebGL-0x1ff4033f4d00] GL_INVALID_OPERATION: glDrawElements: Must have element array buffer bound. @ http://localhost:8080/:0
[30202011ms] [WARNING] [.WebGL-0x1ff4033f4d00] GL_INVALID_OPERATION: glDrawElements: Must have element array buffer bound. @ http://localhost:8080/:0
[30202071ms] [WARNING] [.WebGL-0x1ff4033f4d00] GL_INVALID_OPERATION: glDrawElements: Must have element array buffer bound. @ http://localhost:8080/:0
[30202130ms] [WARNING] [.WebGL-0x1ff4033f4d00] GL_INVALID_OPERATION: glDrawElements: Must have element array buffer bound. @ http://localhost:8080/:0
[30202191ms] [WARNING] [.WebGL-0x1ff4033f4d00] GL_INVALID_OPERATION: glDrawElements: Must have element array buffer bound. @ http://localhost:8080/:0
[30202250ms] [WARNING] [.WebGL-0x1ff4033f4d00] GL_INVALID_OPERATION: glDrawElements: Must have element array buffer bound. @ http://localhost:8080/:0
[30202300ms] [WARNING] [.WebGL-0x1ff4033f4d00] GL_INVALID_OPERATION: glDrawElements: Must have element array buffer bound. @ http://localhost:8080/:0
[30202349ms] [WARNING] [.WebGL-0x1ff4033f4d00] GL_INVALID_OPERATION: glDrawElements: Must have element array buffer bound. @ http://localhost:8080/:0
[30202397ms] [WARNING] [.WebGL-0x1ff4033f4d00] GL_INVALID_OPERATION: glDrawElements: Must have element array buffer bound. @ http://localhost:8080/:0
[30202443ms] [WARNING] [.WebGL-0x1ff4033f4d00] GL_INVALID_OPERATION: glDrawElements: Must have element array buffer bound. @ http://localhost:8080/:0
[30202494ms] [WARNING] [.WebGL-0x1ff4033f4d00] GL_INVALID_OPERATION: glDrawElements: Must have element array buffer bound. @ http://localhost:8080/:0
[30202548ms] [WARNING] [.WebGL-0x1ff4033f4d00] GL_INVALID_OPERATION: glDrawElements: Must have element array buffer bound. @ http://localhost:8080/:0
[30202600ms] [WARNING] [.WebGL-0x1ff4033f4d00] GL_INVALID_OPERATION: glDrawElements: Must have element array buffer bound. @ http://localhost:8080/:0
[30202646ms] [WARNING] [.WebGL-0x1ff4033f4d00] GL_INVALID_OPERATION: glDrawElements: Must have element array buffer bound. @ http://localhost:8080/:0
[30202695ms] [WARNING] [.WebGL-0x1ff4033f4d00] GL_INVALID_OPERATION: glDrawElements: Must have element array buffer bound. @ http://localhost:8080/:0
[30202742ms] [WARNING] [.WebGL-0x1ff4033f4d00] GL_INVALID_OPERATION: glDrawElements: Must have element array buffer bound. @ http://localhost:8080/:0
[30202791ms] [WARNING] [.WebGL-0x1ff4033f4d00] GL_INVALID_OPERATION: glDrawElements: Must have element array buffer bound. @ http://localhost:8080/:0
[30202836ms] [WARNING] [.WebGL-0x1ff4033f4d00] GL_INVALID_OPERATION: glDrawElements: Must have element array buffer bound. @ http://localhost:8080/:0
[30202971ms] [WARNING] [.WebGL-0x1ff4033f4d00] GL_INVALID_OPERATION: glDrawElements: Must have element array buffer bound. @ http://localhost:8080/:0
[30202971ms] [WARNING] [.WebGL-0x1ff4033f4d00] GL_INVALID_OPERATION: glDrawElements: Must have element array buffer bound. @ http://localhost:8080/:0
[30202971ms] [WARNING] [.WebGL-0x1ff4033f4d00] GL_INVALID_OPERATION: glDrawElements: Must have element array buffer bound. @ http://localhost:8080/:0
[30203018ms] [WARNING] [.WebGL-0x1ff4033f4d00] GL_INVALID_OPERATION: glDrawElements: Must have element array buffer bound. @ http://localhost:8080/:0
[30203066ms] [WARNING] [.WebGL-0x1ff4033f4d00] GL_INVALID_OPERATION: glDrawElements: Must have element array buffer bound. @ http://localhost:8080/:0
[30203111ms] [WARNING] [.WebGL-0x1ff4033f4d00] GL_INVALID_OPERATION: glDrawElements: Must have element array buffer bound. @ http://localhost:8080/:0
[30203157ms] [WARNING] [.WebGL-0x1ff4033f4d00] GL_INVALID_OPERATION: glDrawElements: Must have element array buffer bound. @ http://localhost:8080/:0
[30203202ms] [WARNING] [.WebGL-0x1ff4033f4d00] GL_INVALID_OPERATION: glDrawElements: Must have element array buffer bound. @ http://localhost:8080/:0
[30203249ms] [WARNING] [.WebGL-0x1ff4033f4d00] GL_INVALID_OPERATION: glDrawElements: Must have element array buffer bound. @ http://localhost:8080/:0
[30203303ms] [WARNING] [.WebGL-0x1ff4033f4d00] GL_INVALID_OPERATION: glDrawElements: Must have element array buffer bound. @ http://localhost:8080/:0
[30203354ms] [WARNING] [.WebGL-0x1ff4033f4d00] GL_INVALID_OPERATION: glDrawElements: Must have element array buffer bound. @ http://localhost:8080/:0
[30203407ms] [WARNING] [.WebGL-0x1ff4033f4d00] GL_INVALID_OPERATION: glDrawElements: Must have element array buffer bound. @ http://localhost:8080/:0
[30203504ms] [WARNING] [.WebGL-0x1ff4033f4d00] GL_INVALID_OPERATION: glDrawElements: Must have element array buffer bound. @ http://localhost:8080/:0
[30203504ms] [WARNING] [.WebGL-0x1ff4033f4d00] GL_INVALID_OPERATION: glDrawElements: Must have element array buffer bound. @ http://localhost:8080/:0
[30203557ms] [WARNING] [.WebGL-0x1ff4033f4d00] GL_INVALID_OPERATION: glDrawElements: Must have element array buffer bound. @ http://localhost:8080/:0
[30203666ms] [WARNING] [.WebGL-0x1ff4033f4d00] GL_INVALID_OPERATION: glDrawElements: Must have element array buffer bound. @ http://localhost:8080/:0
[30203667ms] [WARNING] [.WebGL-0x1ff4033f4d00] GL_INVALID_OPERATION: glDrawElements: Must have element array buffer bound. @ http://localhost:8080/:0
[30203714ms] [WARNING] [.WebGL-0x1ff4033f4d00] GL_INVALID_OPERATION: glDrawElements: Must have element array buffer bound. @ http://localhost:8080/:0
[30203764ms] [WARNING] [.WebGL-0x1ff4033f4d00] GL_INVALID_OPERATION: glDrawElements: Must have element array buffer bound. @ http://localhost:8080/:0
[30203812ms] [WARNING] [.WebGL-0x1ff4033f4d00] GL_INVALID_OPERATION: glDrawElements: Must have element array buffer bound. @ http://localhost:8080/:0
[30203912ms] [WARNING] [.WebGL-0x1ff4033f4d00] GL_INVALID_OPERATION: glDrawElements: Must have element array buffer bound. @ http://localhost:8080/:0
[30203912ms] [WARNING] [.WebGL-0x1ff4033f4d00] GL_INVALID_OPERATION: glDrawElements: Must have element array buffer bound. @ http://localhost:8080/:0
[30203962ms] [WARNING] [.WebGL-0x1ff4033f4d00] GL_INVALID_OPERATION: glDrawElements: Must have element array buffer bound. @ http://localhost:8080/:0
[30204058ms] [WARNING] [.WebGL-0x1ff4033f4d00] GL_INVALID_OPERATION: glDrawElements: Must have element array buffer bound. @ http://localhost:8080/:0
[30204058ms] [WARNING] [.WebGL-0x1ff4033f4d00] GL_INVALID_OPERATION: glDrawElements: Must have element array buffer bound. @ http://localhost:8080/:0
[30204102ms] [WARNING] [.WebGL-0x1ff4033f4d00] GL_INVALID_OPERATION: glDrawElements: Must have element array buffer bound. @ http://localhost:8080/:0
[30204192ms] [WARNING] [.WebGL-0x1ff4033f4d00] GL_INVALID_OPERATION: glDrawElements: Must have element array buffer bound. @ http://localhost:8080/:0
[30204193ms] [WARNING] [.WebGL-0x1ff4033f4d00] GL_INVALID_OPERATION: glDrawElements: Must have element array buffer bound. @ http://localhost:8080/:0
[30204236ms] [WARNING] [.WebGL-0x1ff4033f4d00] GL_INVALID_OPERATION: glDrawElements: Must have element array buffer bound. @ http://localhost:8080/:0
[30204280ms] [WARNING] [.WebGL-0x1ff4033f4d00] GL_INVALID_OPERATION: glDrawElements: Must have element array buffer bound. @ http://localhost:8080/:0
[30204375ms] [WARNING] [.WebGL-0x1ff4033f4d00] GL_INVALID_OPERATION: glDrawElements: Must have element array buffer bound. @ http://localhost:8080/:0
[30204375ms] [WARNING] [.WebGL-0x1ff4033f4d00] GL_INVALID_OPERATION: glDrawElements: Must have element array buffer bound. @ http://localhost:8080/:0
[30204423ms] [WARNING] [.WebGL-0x1ff4033f4d00] GL_INVALID_OPERATION: glDrawElements: Must have element array buffer bound. @ http://localhost:8080/:0
[30204520ms] [WARNING] [.WebGL-0x1ff4033f4d00] GL_INVALID_OPERATION: glDrawElements: Must have element array buffer bound. @ http://localhost:8080/:0
[30204520ms] [WARNING] [.WebGL-0x1ff4033f4d00] GL_INVALID_OPERATION: glDrawElements: Must have element array buffer bound. @ http://localhost:8080/:0
[30204567ms] [WARNING] [.WebGL-0x1ff4033f4d00] GL_INVALID_OPERATION: glDrawElements: Must have element array buffer bound. @ http://localhost:8080/:0
[30204613ms] [WARNING] [.WebGL-0x1ff4033f4d00] GL_INVALID_OPERATION: glDrawElements: Must have element array buffer bound. @ http://localhost:8080/:0
[30204658ms] [WARNING] [.WebGL-0x1ff4033f4d00] GL_INVALID_OPERATION: glDrawElements: Must have element array buffer bound. @ http://localhost:8080/:0
[30204702ms] [WARNING] [.WebGL-0x1ff4033f4d00] GL_INVALID_OPERATION: glDrawElements: Must have element array buffer bound. @ http://localhost:8080/:0
[30204746ms] [WARNING] [.WebGL-0x1ff4033f4d00] GL_INVALID_OPERATION: glDrawElements: Must have element array buffer bound. @ http://localhost:8080/:0
[30204791ms] [WARNING] [.WebGL-0x1ff4033f4d00] GL_INVALID_OPERATION: glDrawElements: Must have element array buffer bound. @ http://localhost:8080/:0
[30204836ms] [WARNING] [.WebGL-0x1ff4033f4d00] GL_INVALID_OPERATION: glDrawElements: Must have element array buffer bound. @ http://localhost:8080/:0
[30204880ms] [WARNING] [.WebGL-0x1ff4033f4d00] GL_INVALID_OPERATION: glDrawElements: Must have element array buffer bound. @ http://localhost:8080/:0
[30204925ms] [WARNING] [.WebGL-0x1ff4033f4d00] GL_INVALID_OPERATION: glDrawElements: Must have element array buffer bound. @ http://localhost:8080/:0
[30205101ms] [WARNING] [.WebGL-0x1ff4033f4d00] GL_INVALID_OPERATION: glDrawElements: Must have element array buffer bound. @ http://localhost:8080/:0
[30205101ms] [WARNING] [.WebGL-0x1ff4033f4d00] GL_INVALID_OPERATION: glDrawElements: Must have element array buffer bound. @ http://localhost:8080/:0
[30205101ms] [WARNING] [.WebGL-0x1ff4033f4d00] GL_INVALID_OPERATION: glDrawElements: Must have element array buffer bound. @ http://localhost:8080/:0
[30205101ms] [WARNING] [.WebGL-0x1ff4033f4d00] GL_INVALID_OPERATION: glDrawElements: Must have element array buffer bound. @ http://localhost:8080/:0
[30205144ms] [WARNING] [.WebGL-0x1ff4033f4d00] GL_INVALID_OPERATION: glDrawElements: Must have element array buffer bound. @ http://localhost:8080/:0
[30205232ms] [WARNING] [.WebGL-0x1ff4033f4d00] GL_INVALID_OPERATION: glDrawElements: Must have element array buffer bound. @ http://localhost:8080/:0
[30205232ms] [WARNING] [.WebGL-0x1ff4033f4d00] GL_INVALID_OPERATION: glDrawElements: Must have element array buffer bound. @ http://localhost:8080/:0
[30205274ms] [WARNING] [.WebGL-0x1ff4033f4d00] GL_INVALID_OPERATION: glDrawElements: Must have element array buffer bound. @ http://localhost:8080/:0
[30205317ms] [WARNING] [.WebGL-0x1ff4033f4d00] GL_INVALID_OPERATION: glDrawElements: Must have element array buffer bound. @ http://localhost:8080/:0
[30205358ms] [WARNING] [.WebGL-0x1ff4033f4d00] GL_INVALID_OPERATION: glDrawElements: Must have element array buffer bound. @ http://localhost:8080/:0
[30205401ms] [WARNING] [.WebGL-0x1ff4033f4d00] GL_INVALID_OPERATION: glDrawElements: Must have element array buffer bound. @ http://localhost:8080/:0
[30205443ms] [WARNING] [.WebGL-0x1ff4033f4d00] GL_INVALID_OPERATION: glDrawElements: Must have element array buffer bound. @ http://localhost:8080/:0
[30205527ms] [WARNING] [.WebGL-0x1ff4033f4d00] GL_INVALID_OPERATION: glDrawElements: Must have element array buffer bound. @ http://localhost:8080/:0
[30205527ms] [WARNING] [.WebGL-0x1ff4033f4d00] GL_INVALID_OPERATION: glDrawElements: Must have element array buffer bound. @ http://localhost:8080/:0
[30205616ms] [WARNING] [.WebGL-0x1ff4033f4d00] GL_INVALID_OPERATION: glDrawElements: Must have element array buffer bound. @ http://localhost:8080/:0
[30205616ms] [WARNING] [.WebGL-0x1ff4033f4d00] GL_INVALID_OPERATION: glDrawElements: Must have element array buffer bound. @ http://localhost:8080/:0
[30205660ms] [WARNING] [.WebGL-0x1ff4033f4d00] GL_INVALID_OPERATION: glDrawElements: Must have element array buffer bound. @ http://localhost:8080/:0
[30205703ms] [WARNING] [.WebGL-0x1ff4033f4d00] GL_INVALID_OPERATION: glDrawElements: Must have element array buffer bound. @ http://localhost:8080/:0
[30205743ms] [WARNING] [.WebGL-0x1ff4033f4d00] GL_INVALID_OPERATION: glDrawElements: Must have element array buffer bound. @ http://localhost:8080/:0
[30205785ms] [WARNING] [.WebGL-0x1ff4033f4d00] GL_INVALID_OPERATION: glDrawElements: Must have element array buffer bound. @ http://localhost:8080/:0
[30205825ms] [WARNING] [.WebGL-0x1ff4033f4d00] GL_INVALID_OPERATION: glDrawElements: Must have element array buffer bound. @ http://localhost:8080/:0
[30205866ms] [WARNING] [.WebGL-0x1ff4033f4d00] GL_INVALID_OPERATION: glDrawElements: Must have element array buffer bound. @ http://localhost:8080/:0
[30205906ms] [WARNING] [.WebGL-0x1ff4033f4d00] GL_INVALID_OPERATION: glDrawElements: Must have element array buffer bound. @ http://localhost:8080/:0
[30205947ms] [WARNING] [.WebGL-0x1ff4033f4d00] GL_INVALID_OPERATION: glDrawElements: Must have element array buffer bound. @ http://localhost:8080/:0
[30205988ms] [WARNING] [.WebGL-0x1ff4033f4d00] GL_INVALID_OPERATION: glDrawElements: Must have element array buffer bound. @ http://localhost:8080/:0
[30206029ms] [WARNING] [.WebGL-0x1ff4033f4d00] GL_INVALID_OPERATION: glDrawElements: Must have element array buffer bound. @ http://localhost:8080/:0
[30207211ms] [WARNING] [.WebGL-0x1ff4033f4d00] GL_INVALID_OPERATION: glDrawElements: Must have element array buffer bound. @ http://localhost:8080/:0
[30207211ms] [WARNING] [.WebGL-0x1ff4033f4d00] GL_INVALID_OPERATION: glDrawElements: Must have element array buffer bound. @ http://localhost:8080/:0
[30207211ms] [WARNING] [.WebGL-0x1ff4033f4d00] GL_INVALID_OPERATION: glDrawElements: Must have element array buffer bound. @ http://localhost:8080/:0
[30207211ms] [WARNING] [.WebGL-0x1ff4033f4d00] GL_INVALID_OPERATION: glDrawElements: Must have element array buffer bound. @ http://localhost:8080/:0
[30207211ms] [WARNING] [.WebGL-0x1ff4033f4d00] GL_INVALID_OPERATION: glDrawElements: Must have element array buffer bound. @ http://localhost:8080/:0
[30207211ms] [WARNING] [.WebGL-0x1ff4033f4d00] GL_INVALID_OPERATION: glDrawElements: Must have element array buffer bound. @ http://localhost:8080/:0
[30207211ms] [WARNING] [.WebGL-0x1ff4033f4d00] GL_INVALID_OPERATION: glDrawElements: Must have element array buffer bound. @ http://localhost:8080/:0
[30207211ms] [WARNING] [.WebGL-0x1ff4033f4d00] GL_INVALID_OPERATION: glDrawElements: Must have element array buffer bound. @ http://localhost:8080/:0
[30207211ms] [WARNING] [.WebGL-0x1ff4033f4d00] GL_INVALID_OPERATION: glDrawElements: Must have element array buffer bound. @ http://localhost:8080/:0
[30207211ms] [WARNING] [.WebGL-0x1ff4033f4d00] GL_INVALID_OPERATION: glDrawElements: Must have element array buffer bound. @ http://localhost:8080/:0
[30207211ms] [WARNING] [.WebGL-0x1ff4033f4d00] GL_INVALID_OPERATION: glDrawElements: Must have element array buffer bound. @ http://localhost:8080/:0
[30207211ms] [WARNING] [.WebGL-0x1ff4033f4d00] GL_INVALID_OPERATION: glDrawElements: Must have element array buffer bound. @ http://localhost:8080/:0
[30207211ms] [WARNING] [.WebGL-0x1ff4033f4d00] GL_INVALID_OPERATION: glDrawElements: Must have element array buffer bound. @ http://localhost:8080/:0
[30207211ms] [WARNING] [.WebGL-0x1ff4033f4d00] GL_INVALID_OPERATION: glDrawElements: Must have element array buffer bound. @ http://localhost:8080/:0
[30207211ms] [WARNING] [.WebGL-0x1ff4033f4d00] GL_INVALID_OPERATION: glDrawElements: Must have element array buffer bound. @ http://localhost:8080/:0
[30207211ms] [WARNING] [.WebGL-0x1ff4033f4d00] GL_INVALID_OPERATION: glDrawElements: Must have element array buffer bound. @ http://localhost:8080/:0
[30207211ms] [WARNING] [.WebGL-0x1ff4033f4d00] GL_INVALID_OPERATION: glDrawElements: Must have element array buffer bound. @ http://localhost:8080/:0
[30207211ms] [WARNING] [.WebGL-0x1ff4033f4d00] GL_INVALID_OPERATION: glDrawElements: Must have element array buffer bound. @ http://localhost:8080/:0
[30207211ms] [WARNING] [.WebGL-0x1ff4033f4d00] GL_INVALID_OPERATION: glDrawElements: Must have element array buffer bound. @ http://localhost:8080/:0
[30207211ms] [WARNING] [.WebGL-0x1ff4033f4d00] GL_INVALID_OPERATION: glDrawElements: Must have element array buffer bound. @ http://localhost:8080/:0
[30207211ms] [WARNING] [.WebGL-0x1ff4033f4d00] GL_INVALID_OPERATION: glDrawElements: Must have element array buffer bound. @ http://localhost:8080/:0
[30207211ms] [WARNING] [.WebGL-0x1ff4033f4d00] GL_INVALID_OPERATION: glDrawElements: Must have element array buffer bound. @ http://localhost:8080/:0
[30207211ms] [WARNING] [.WebGL-0x1ff4033f4d00] GL_INVALID_OPERATION: glDrawElements: Must have element array buffer bound. @ http://localhost:8080/:0
[30207211ms] [WARNING] [.WebGL-0x1ff4033f4d00] GL_INVALID_OPERATION: glDrawElements: Must have element array buffer bound. @ http://localhost:8080/:0
[30207211ms] [WARNING] [.WebGL-0x1ff4033f4d00] GL_INVALID_OPERATION: glDrawElements: Must have element array buffer bound. @ http://localhost:8080/:0
[30207211ms] [WARNING] [.WebGL-0x1ff4033f4d00] GL_INVALID_OPERATION: glDrawElements: Must have element array buffer bound. @ http://localhost:8080/:0
[30207211ms] [WARNING] [.WebGL-0x1ff4033f4d00] GL_INVALID_OPERATION: glDrawElements: Must have element array buffer bound. @ http://localhost:8080/:0
[30207211ms] [WARNING] [.WebGL-0x1ff4033f4d00] GL_INVALID_OPERATION: glDrawElements: Must have element array buffer bound. @ http://localhost:8080/:0
[30207211ms] [WARNING] [.WebGL-0x1ff4033f4d00] GL_INVALID_OPERATION: glDrawElements: Must have element array buffer bound. @ http://localhost:8080/:0
[30207211ms] [WARNING] [.WebGL-0x1ff4033f4d00] GL_INVALID_OPERATION: glDrawElements: Must have element array buffer bound. @ http://localhost:8080/:0
[30207212ms] [WARNING] [.WebGL-0x1ff4033f4d00] GL_INVALID_OPERATION: glDrawElements: Must have element array buffer bound. @ http://localhost:8080/:0
[30207252ms] [WARNING] [.WebGL-0x1ff4033f4d00] GL_INVALID_OPERATION: glDrawElements: Must have element array buffer bound. @ http://localhost:8080/:0
[30207340ms] [WARNING] [.WebGL-0x1ff4033f4d00] GL_INVALID_OPERATION: glDrawElements: Must have element array buffer bound. @ http://localhost:8080/:0
[30207340ms] [WARNING] [.WebGL-0x1ff4033f4d00] GL_INVALID_OPERATION: glDrawElements: Must have element array buffer bound. @ http://localhost:8080/:0
[30207383ms] [WARNING] [.WebGL-0x1ff4033f4d00] GL_INVALID_OPERATION: glDrawElements: Must have element array buffer bound. @ http://localhost:8080/:0
[30207425ms] [WARNING] [.WebGL-0x1ff4033f4d00] GL_INVALID_OPERATION: glDrawElements: Must have element array buffer bound. @ http://localhost:8080/:0
[30207467ms] [WARNING] [.WebGL-0x1ff4033f4d00] GL_INVALID_OPERATION: glDrawElements: Must have element array buffer bound. @ http://localhost:8080/:0
[30207556ms] [WARNING] [.WebGL-0x1ff4033f4d00] GL_INVALID_OPERATION: glDrawElements: Must have element array buffer bound. @ http://localhost:8080/:0
[30207557ms] [WARNING] [.WebGL-0x1ff4033f4d00] GL_INVALID_OPERATION: glDrawElements: Must have element array buffer bound. @ http://localhost:8080/:0
[30207601ms] [WARNING] [.WebGL-0x1ff4033f4d00] GL_INVALID_OPERATION: glDrawElements: Must have element array buffer bound. @ http://localhost:8080/:0
[30207647ms] [WARNING] [.WebGL-0x1ff4033f4d00] GL_INVALID_OPERATION: glDrawElements: Must have element array buffer bound. @ http://localhost:8080/:0
[30207692ms] [WARNING] [.WebGL-0x1ff4033f4d00] GL_INVALID_OPERATION: glDrawElements: Must have element array buffer bound. @ http://localhost:8080/:0
[30207733ms] [WARNING] [.WebGL-0x1ff4033f4d00] GL_INVALID_OPERATION: glDrawElements: Must have element array buffer bound. @ http://localhost:8080/:0
[30207774ms] [WARNING] [.WebGL-0x1ff4033f4d00] GL_INVALID_OPERATION: glDrawElements: Must have element array buffer bound. @ http://localhost:8080/:0
[30207825ms] [WARNING] [.WebGL-0x1ff4033f4d00] GL_INVALID_OPERATION: glDrawElements: Must have element array buffer bound. @ http://localhost:8080/:0
[30207871ms] [WARNING] [.WebGL-0x1ff4033f4d00] GL_INVALID_OPERATION: glDrawElements: Must have element array buffer bound. @ http://localhost:8080/:0
[30207980ms] [WARNING] [.WebGL-0x1ff4033f4d00] GL_INVALID_OPERATION: glDrawElements: Must have element array buffer bound. @ http://localhost:8080/:0
[30207980ms] [WARNING] [.WebGL-0x1ff4033f4d00] GL_INVALID_OPERATION: glDrawElements: Must have element array buffer bound. @ http://localhost:8080/:0
[30208027ms] [WARNING] [.WebGL-0x1ff4033f4d00] GL_INVALID_OPERATION: glDrawElements: Must have element array buffer bound. @ http://localhost:8080/:0
[30208123ms] [WARNING] [.WebGL-0x1ff4033f4d00] GL_INVALID_OPERATION: glDrawElements: Must have element array buffer bound. @ http://localhost:8080/:0
[30208123ms] [WARNING] [.WebGL-0x1ff4033f4d00] GL_INVALID_OPERATION: glDrawElements: Must have element array buffer bound. @ http://localhost:8080/:0
[30208166ms] [WARNING] [.WebGL-0x1ff4033f4d00] GL_INVALID_OPERATION: glDrawElements: Must have element array buffer bound. @ http://localhost:8080/:0
[30208211ms] [WARNING] [.WebGL-0x1ff4033f4d00] GL_INVALID_OPERATION: glDrawElements: Must have element array buffer bound. @ http://localhost:8080/:0
[30208255ms] [WARNING] [.WebGL-0x1ff4033f4d00] GL_INVALID_OPERATION: glDrawElements: Must have element array buffer bound. @ http://localhost:8080/:0
[30208342ms] [WARNING] [.WebGL-0x1ff4033f4d00] GL_INVALID_OPERATION: glDrawElements: Must have element array buffer bound. @ http://localhost:8080/:0
[30208342ms] [WARNING] [.WebGL-0x1ff4033f4d00] GL_INVALID_OPERATION: glDrawElements: Must have element array buffer bound. @ http://localhost:8080/:0
[30208386ms] [WARNING] [.WebGL-0x1ff4033f4d00] GL_INVALID_OPERATION: glDrawElements: Must have element array buffer bound. @ http://localhost:8080/:0
[30208429ms] [WARNING] [.WebGL-0x1ff4033f4d00] GL_INVALID_OPERATION: glDrawElements: Must have element array buffer bound. @ http://localhost:8080/:0
[30208472ms] [WARNING] [.WebGL-0x1ff4033f4d00] GL_INVALID_OPERATION: glDrawElements: Must have element array buffer bound. @ http://localhost:8080/:0
[30208517ms] [WARNING] [.WebGL-0x1ff4033f4d00] GL_INVALID_OPERATION: glDrawElements: Must have element array buffer bound. @ http://localhost:8080/:0
[30208561ms] [WARNING] [.WebGL-0x1ff4033f4d00] GL_INVALID_OPERATION: glDrawElements: Must have element array buffer bound. @ http://localhost:8080/:0
[30208604ms] [WARNING] [.WebGL-0x1ff4033f4d00] GL_INVALID_OPERATION: glDrawElements: Must have element array buffer bound. @ http://localhost:8080/:0
[30208648ms] [WARNING] [.WebGL-0x1ff4033f4d00] GL_INVALID_OPERATION: glDrawElements: Must have element array buffer bound. @ http://localhost:8080/:0
[30208691ms] [WARNING] [.WebGL-0x1ff4033f4d00] GL_INVALID_OPERATION: glDrawElements: Must have element array buffer bound. @ http://localhost:8080/:0
[30208733ms] [WARNING] [.WebGL-0x1ff4033f4d00] GL_INVALID_OPERATION: glDrawElements: Must have element array buffer bound. @ http://localhost:8080/:0
[30208777ms] [WARNING] [.WebGL-0x1ff4033f4d00] GL_INVALID_OPERATION: glDrawElements: Must have element array buffer bound. @ http://localhost:8080/:0
[30208865ms] [WARNING] [.WebGL-0x1ff4033f4d00] GL_INVALID_OPERATION: glDrawElements: Must have element array buffer bound. @ http://localhost:8080/:0
[30208866ms] [WARNING] [.WebGL-0x1ff4033f4d00] GL_INVALID_OPERATION: glDrawElements: Must have element array buffer bound. @ http://localhost:8080/:0
[30208908ms] [WARNING] [.WebGL-0x1ff4033f4d00] GL_INVALID_OPERATION: glDrawElements: Must have element array buffer bound. @ http://localhost:8080/:0
[30208951ms] [WARNING] [.WebGL-0x1ff4033f4d00] GL_INVALID_OPERATION: glDrawElements: Must have element array buffer bound. @ http://localhost:8080/:0
[30208951ms] [WARNING] WebGL: too many errors, no more errors will be reported to the console for this context. @ http://localhost:8080/:0
[73495960ms] [WARNING] [.WebGL-0x1ff40597a300] GL_INVALID_VALUE: glGetProgramiv: Program object expected. @ http://localhost:8080/:0
[73495960ms] [WARNING] [.WebGL-0x1ff40597a300] GL_INVALID_VALUE: glGetProgramiv: Program object expected. @ http://localhost:8080/:0
[73495960ms] [WARNING] [.WebGL-0x1ff40597a300] GL_INVALID_VALUE: glGetProgramiv: Program object expected. @ http://localhost:8080/:0
[73495961ms] [WARNING] [.WebGL-0x1ff40597a300] GL_INVALID_VALUE: glGetProgramiv: Program object expected. @ http://localhost:8080/:0
[73495961ms] [WARNING] [.WebGL-0x1ff40597a300] GL_INVALID_VALUE: glGetProgramiv: Program object expected. @ http://localhost:8080/:0
[73495961ms] [WARNING] [.WebGL-0x1ff40597a300] GL_INVALID_VALUE: glGetProgramiv: Program object expected. @ http://localhost:8080/:0
[73495961ms] [WARNING] [.WebGL-0x1ff40597a300] GL_INVALID_VALUE: glGetProgramiv: Program object expected. @ http://localhost:8080/:0
[73495961ms] [WARNING] [.WebGL-0x1ff40597a300] GL_INVALID_VALUE: glGetProgramiv: Program object expected. @ http://localhost:8080/:0
[73495961ms] [WARNING] [.WebGL-0x1ff40597a300] GL_INVALID_VALUE: glGetProgramiv: Program object expected. @ http://localhost:8080/:0
[73495961ms] [WARNING] [.WebGL-0x1ff40597a300] GL_INVALID_VALUE: glGetProgramiv: Program object expected. @ http://localhost:8080/:0
[73495961ms] [WARNING] [.WebGL-0x1ff40597a300] GL_INVALID_VALUE: glGetProgramiv: Program object expected. @ http://localhost:8080/:0
[73495961ms] [WARNING] [.WebGL-0x1ff40597a300] GL_INVALID_VALUE: glGetProgramiv: Program object expected. @ http://localhost:8080/:0
[73506513ms] [WARNING] [.WebGL-0x1ff401778d00] GL_INVALID_OPERATION: glDrawElements: Must have element array buffer bound. @ http://localhost:8080/:0
[73506588ms] [WARNING] [.WebGL-0x1ff401778d00] GL_INVALID_OPERATION: glDrawElements: Must have element array buffer bound. @ http://localhost:8080/:0
[73506646ms] [WARNING] [.WebGL-0x1ff401778d00] GL_INVALID_OPERATION: glDrawElements: Must have element array buffer bound. @ http://localhost:8080/:0
[73506696ms] [WARNING] [.WebGL-0x1ff401778d00] GL_INVALID_OPERATION: glDrawElements: Must have element array buffer bound. @ http://localhost:8080/:0
[73506743ms] [WARNING] [.WebGL-0x1ff401778d00] GL_INVALID_OPERATION: glDrawElements: Must have element array buffer bound. @ http://localhost:8080/:0
[73506794ms] [WARNING] [.WebGL-0x1ff401778d00] GL_INVALID_OPERATION: glDrawElements: Must have element array buffer bound. @ http://localhost:8080/:0
[73506848ms] [WARNING] [.WebGL-0x1ff401778d00] GL_INVALID_OPERATION: glDrawElements: Must have element array buffer bound. @ http://localhost:8080/:0
[73506900ms] [WARNING] [.WebGL-0x1ff401778d00] GL_INVALID_OPERATION: glDrawElements: Must have element array buffer bound. @ http://localhost:8080/:0
[73506948ms] [WARNING] [.WebGL-0x1ff401778d00] GL_INVALID_OPERATION: glDrawElements: Must have element array buffer bound. @ http://localhost:8080/:0
[73506996ms] [WARNING] [.WebGL-0x1ff401778d00] GL_INVALID_OPERATION: glDrawElements: Must have element array buffer bound. @ http://localhost:8080/:0
[73507046ms] [WARNING] [.WebGL-0x1ff401778d00] GL_INVALID_OPERATION: glDrawElements: Must have element array buffer bound. @ http://localhost:8080/:0
[73507095ms] [WARNING] [.WebGL-0x1ff401778d00] GL_INVALID_OPERATION: glDrawElements: Must have element array buffer bound. @ http://localhost:8080/:0
[73507143ms] [WARNING] [.WebGL-0x1ff401778d00] GL_INVALID_OPERATION: glDrawElements: Must have element array buffer bound. @ http://localhost:8080/:0
[73507188ms] [WARNING] [.WebGL-0x1ff401778d00] GL_INVALID_OPERATION: glDrawElements: Must have element array buffer bound. @ http://localhost:8080/:0
[73507240ms] [WARNING] [.WebGL-0x1ff401778d00] GL_INVALID_OPERATION: glDrawElements: Must have element array buffer bound. @ http://localhost:8080/:0
[73507286ms] [WARNING] [.WebGL-0x1ff401778d00] GL_INVALID_OPERATION: glDrawElements: Must have element array buffer bound. @ http://localhost:8080/:0
[73507333ms] [WARNING] [.WebGL-0x1ff401778d00] GL_INVALID_OPERATION: glDrawElements: Must have element array buffer bound. @ http://localhost:8080/:0
[73507378ms] [WARNING] [.WebGL-0x1ff401778d00] GL_INVALID_OPERATION: glDrawElements: Must have element array buffer bound. @ http://localhost:8080/:0
[73507421ms] [WARNING] [.WebGL-0x1ff401778d00] GL_INVALID_OPERATION: glDrawElements: Must have element array buffer bound. @ http://localhost:8080/:0
[73507464ms] [WARNING] [.WebGL-0x1ff401778d00] GL_INVALID_OPERATION: glDrawElements: Must have element array buffer bound. @ http://localhost:8080/:0
[73507509ms] [WARNING] [.WebGL-0x1ff401778d00] GL_INVALID_OPERATION: glDrawElements: Must have element array buffer bound. @ http://localhost:8080/:0
[73507552ms] [WARNING] [.WebGL-0x1ff401778d00] GL_INVALID_OPERATION: glDrawElements: Must have element array buffer bound. @ http://localhost:8080/:0
[73507595ms] [WARNING] [.WebGL-0x1ff401778d00] GL_INVALID_OPERATION: glDrawElements: Must have element array buffer bound. @ http://localhost:8080/:0
[73507637ms] [WARNING] [.WebGL-0x1ff401778d00] GL_INVALID_OPERATION: glDrawElements: Must have element array buffer bound. @ http://localhost:8080/:0
[73507681ms] [WARNING] [.WebGL-0x1ff401778d00] GL_INVALID_OPERATION: glDrawElements: Must have element array buffer bound. @ http://localhost:8080/:0
[73507726ms] [WARNING] [.WebGL-0x1ff401778d00] GL_INVALID_OPERATION: glDrawElements: Must have element array buffer bound. @ http://localhost:8080/:0
[73507769ms] [WARNING] [.WebGL-0x1ff401778d00] GL_INVALID_OPERATION: glDrawElements: Must have element array buffer bound. @ http://localhost:8080/:0
[73507814ms] [WARNING] [.WebGL-0x1ff401778d00] GL_INVALID_OPERATION: glDrawElements: Must have element array buffer bound. @ http://localhost:8080/:0
[73507859ms] [WARNING] [.WebGL-0x1ff401778d00] GL_INVALID_OPERATION: glDrawElements: Must have element array buffer bound. @ http://localhost:8080/:0
[73507902ms] [WARNING] [.WebGL-0x1ff401778d00] GL_INVALID_OPERATION: glDrawElements: Must have element array buffer bound. @ http://localhost:8080/:0
[73507949ms] [WARNING] [.WebGL-0x1ff401778d00] GL_INVALID_OPERATION: glDrawElements: Must have element array buffer bound. @ http://localhost:8080/:0
[73507993ms] [WARNING] [.WebGL-0x1ff401778d00] GL_INVALID_OPERATION: glDrawElements: Must have element array buffer bound. @ http://localhost:8080/:0
[73508037ms] [WARNING] [.WebGL-0x1ff401778d00] GL_INVALID_OPERATION: glDrawElements: Must have element array buffer bound. @ http://localhost:8080/:0
[73508081ms] [WARNING] [.WebGL-0x1ff401778d00] GL_INVALID_OPERATION: glDrawElements: Must have element array buffer bound. @ http://localhost:8080/:0
[73508124ms] [WARNING] [.WebGL-0x1ff401778d00] GL_INVALID_OPERATION: glDrawElements: Must have element array buffer bound. @ http://localhost:8080/:0
[73508166ms] [WARNING] [.WebGL-0x1ff401778d00] GL_INVALID_OPERATION: glDrawElements: Must have element array buffer bound. @ http://localhost:8080/:0
[73508208ms] [WARNING] [.WebGL-0x1ff401778d00] GL_INVALID_OPERATION: glDrawElements: Must have element array buffer bound. @ http://localhost:8080/:0
[73508252ms] [WARNING] [.WebGL-0x1ff401778d00] GL_INVALID_OPERATION: glDrawElements: Must have element array buffer bound. @ http://localhost:8080/:0
[73508295ms] [WARNING] [.WebGL-0x1ff401778d00] GL_INVALID_OPERATION: glDrawElements: Must have element array buffer bound. @ http://localhost:8080/:0
[73508337ms] [WARNING] [.WebGL-0x1ff401778d00] GL_INVALID_OPERATION: glDrawElements: Must have element array buffer bound. @ http://localhost:8080/:0
[73508380ms] [WARNING] [.WebGL-0x1ff401778d00] GL_INVALID_OPERATION: glDrawElements: Must have element array buffer bound. @ http://localhost:8080/:0
[73508423ms] [WARNING] [.WebGL-0x1ff401778d00] GL_INVALID_OPERATION: glDrawElements: Must have element array buffer bound. @ http://localhost:8080/:0
[73508464ms] [WARNING] [.WebGL-0x1ff401778d00] GL_INVALID_OPERATION: glDrawElements: Must have element array buffer bound. @ http://localhost:8080/:0
[73508509ms] [WARNING] [.WebGL-0x1ff401778d00] GL_INVALID_OPERATION: glDrawElements: Must have element array buffer bound. @ http://localhost:8080/:0
[73508551ms] [WARNING] [.WebGL-0x1ff401778d00] GL_INVALID_OPERATION: glDrawElements: Must have element array buffer bound. @ http://localhost:8080/:0
[73508595ms] [WARNING] [.WebGL-0x1ff401778d00] GL_INVALID_OPERATION: glDrawElements: Must have element array buffer bound. @ http://localhost:8080/:0
[73508637ms] [WARNING] [.WebGL-0x1ff401778d00] GL_INVALID_OPERATION: glDrawElements: Must have element array buffer bound. @ http://localhost:8080/:0
[73508681ms] [WARNING] [.WebGL-0x1ff401778d00] GL_INVALID_OPERATION: glDrawElements: Must have element array buffer bound. @ http://localhost:8080/:0
[73508726ms] [WARNING] [.WebGL-0x1ff401778d00] GL_INVALID_OPERATION: glDrawElements: Must have element array buffer bound. @ http://localhost:8080/:0
[73508770ms] [WARNING] [.WebGL-0x1ff401778d00] GL_INVALID_OPERATION: glDrawElements: Must have element array buffer bound. @ http://localhost:8080/:0
[73508814ms] [WARNING] [.WebGL-0x1ff401778d00] GL_INVALID_OPERATION: glDrawElements: Must have element array buffer bound. @ http://localhost:8080/:0
[73508856ms] [WARNING] [.WebGL-0x1ff401778d00] GL_INVALID_OPERATION: glDrawElements: Must have element array buffer bound. @ http://localhost:8080/:0
[73508899ms] [WARNING] [.WebGL-0x1ff401778d00] GL_INVALID_OPERATION: glDrawElements: Must have element array buffer bound. @ http://localhost:8080/:0
[73508940ms] [WARNING] [.WebGL-0x1ff401778d00] GL_INVALID_OPERATION: glDrawElements: Must have element array buffer bound. @ http://localhost:8080/:0
[73508984ms] [WARNING] [.WebGL-0x1ff401778d00] GL_INVALID_OPERATION: glDrawElements: Must have element array buffer bound. @ http://localhost:8080/:0
[73509027ms] [WARNING] [.WebGL-0x1ff401778d00] GL_INVALID_OPERATION: glDrawElements: Must have element array buffer bound. @ http://localhost:8080/:0
[73509070ms] [WARNING] [.WebGL-0x1ff401778d00] GL_INVALID_OPERATION: glDrawElements: Must have element array buffer bound. @ http://localhost:8080/:0
[73509112ms] [WARNING] [.WebGL-0x1ff401778d00] GL_INVALID_OPERATION: glDrawElements: Must have element array buffer bound. @ http://localhost:8080/:0
[73509159ms] [WARNING] [.WebGL-0x1ff401778d00] GL_INVALID_OPERATION: glDrawElements: Must have element array buffer bound. @ http://localhost:8080/:0
[73509201ms] [WARNING] [.WebGL-0x1ff401778d00] GL_INVALID_OPERATION: glDrawElements: Must have element array buffer bound. @ http://localhost:8080/:0
[73509244ms] [WARNING] [.WebGL-0x1ff401778d00] GL_INVALID_OPERATION: glDrawElements: Must have element array buffer bound. @ http://localhost:8080/:0
[73509288ms] [WARNING] [.WebGL-0x1ff401778d00] GL_INVALID_OPERATION: glDrawElements: Must have element array buffer bound. @ http://localhost:8080/:0
[73509331ms] [WARNING] [.WebGL-0x1ff401778d00] GL_INVALID_OPERATION: glDrawElements: Must have element array buffer bound. @ http://localhost:8080/:0
[73509374ms] [WARNING] [.WebGL-0x1ff401778d00] GL_INVALID_OPERATION: glDrawElements: Must have element array buffer bound. @ http://localhost:8080/:0
[73509417ms] [WARNING] [.WebGL-0x1ff401778d00] GL_INVALID_OPERATION: glDrawElements: Must have element array buffer bound. @ http://localhost:8080/:0
[73509460ms] [WARNING] [.WebGL-0x1ff401778d00] GL_INVALID_OPERATION: glDrawElements: Must have element array buffer bound. @ http://localhost:8080/:0
[73509504ms] [WARNING] [.WebGL-0x1ff401778d00] GL_INVALID_OPERATION: glDrawElements: Must have element array buffer bound. @ http://localhost:8080/:0
[73509546ms] [WARNING] [.WebGL-0x1ff401778d00] GL_INVALID_OPERATION: glDrawElements: Must have element array buffer bound. @ http://localhost:8080/:0
[73509590ms] [WARNING] [.WebGL-0x1ff401778d00] GL_INVALID_OPERATION: glDrawElements: Must have element array buffer bound. @ http://localhost:8080/:0
[73509630ms] [WARNING] [.WebGL-0x1ff401778d00] GL_INVALID_OPERATION: glDrawElements: Must have element array buffer bound. @ http://localhost:8080/:0
[73509673ms] [WARNING] [.WebGL-0x1ff401778d00] GL_INVALID_OPERATION: glDrawElements: Must have element array buffer bound. @ http://localhost:8080/:0
[73509716ms] [WARNING] [.WebGL-0x1ff401778d00] GL_INVALID_OPERATION: glDrawElements: Must have element array buffer bound. @ http://localhost:8080/:0
[73509760ms] [WARNING] [.WebGL-0x1ff401778d00] GL_INVALID_OPERATION: glDrawElements: Must have element array buffer bound. @ http://localhost:8080/:0
[73509803ms] [WARNING] [.WebGL-0x1ff401778d00] GL_INVALID_OPERATION: glDrawElements: Must have element array buffer bound. @ http://localhost:8080/:0
[73509848ms] [WARNING] [.WebGL-0x1ff401778d00] GL_INVALID_OPERATION: glDrawElements: Must have element array buffer bound. @ http://localhost:8080/:0
[73509889ms] [WARNING] [.WebGL-0x1ff401778d00] GL_INVALID_OPERATION: glDrawElements: Must have element array buffer bound. @ http://localhost:8080/:0
[73509931ms] [WARNING] [.WebGL-0x1ff401778d00] GL_INVALID_OPERATION: glDrawElements: Must have element array buffer bound. @ http://localhost:8080/:0
[73509974ms] [WARNING] [.WebGL-0x1ff401778d00] GL_INVALID_OPERATION: glDrawElements: Must have element array buffer bound. @ http://localhost:8080/:0
[73510020ms] [WARNING] [.WebGL-0x1ff401778d00] GL_INVALID_OPERATION: glDrawElements: Must have element array buffer bound. @ http://localhost:8080/:0
[73510062ms] [WARNING] [.WebGL-0x1ff401778d00] GL_INVALID_OPERATION: glDrawElements: Must have element array buffer bound. @ http://localhost:8080/:0
[73510107ms] [WARNING] [.WebGL-0x1ff401778d00] GL_INVALID_OPERATION: glDrawElements: Must have element array buffer bound. @ http://localhost:8080/:0
[73510148ms] [WARNING] [.WebGL-0x1ff401778d00] GL_INVALID_OPERATION: glDrawElements: Must have element array buffer bound. @ http://localhost:8080/:0
[73510191ms] [WARNING] [.WebGL-0x1ff401778d00] GL_INVALID_OPERATION: glDrawElements: Must have element array buffer bound. @ http://localhost:8080/:0
[73510232ms] [WARNING] [.WebGL-0x1ff401778d00] GL_INVALID_OPERATION: glDrawElements: Must have element array buffer bound. @ http://localhost:8080/:0
[73510275ms] [WARNING] [.WebGL-0x1ff401778d00] GL_INVALID_OPERATION: glDrawElements: Must have element array buffer bound. @ http://localhost:8080/:0
[73510318ms] [WARNING] [.WebGL-0x1ff401778d00] GL_INVALID_OPERATION: glDrawElements: Must have element array buffer bound. @ http://localhost:8080/:0
[73510361ms] [WARNING] [.WebGL-0x1ff401778d00] GL_INVALID_OPERATION: glDrawElements: Must have element array buffer bound. @ http://localhost:8080/:0
[73510403ms] [WARNING] [.WebGL-0x1ff401778d00] GL_INVALID_OPERATION: glDrawElements: Must have element array buffer bound. @ http://localhost:8080/:0
[73510449ms] [WARNING] [.WebGL-0x1ff401778d00] GL_INVALID_OPERATION: glDrawElements: Must have element array buffer bound. @ http://localhost:8080/:0
[73510497ms] [WARNING] [.WebGL-0x1ff401778d00] GL_INVALID_OPERATION: glDrawElements: Must have element array buffer bound. @ http://localhost:8080/:0
[73510544ms] [WARNING] [.WebGL-0x1ff401778d00] GL_INVALID_OPERATION: glDrawElements: Must have element array buffer bound. @ http://localhost:8080/:0
[73510589ms] [WARNING] [.WebGL-0x1ff401778d00] GL_INVALID_OPERATION: glDrawElements: Must have element array buffer bound. @ http://localhost:8080/:0
[73510637ms] [WARNING] [.WebGL-0x1ff401778d00] GL_INVALID_OPERATION: glDrawElements: Must have element array buffer bound. @ http://localhost:8080/:0
[73510681ms] [WARNING] [.WebGL-0x1ff401778d00] GL_INVALID_OPERATION: glDrawElements: Must have element array buffer bound. @ http://localhost:8080/:0
[73510729ms] [WARNING] [.WebGL-0x1ff401778d00] GL_INVALID_OPERATION: glDrawElements: Must have element array buffer bound. @ http://localhost:8080/:0
[73510774ms] [WARNING] [.WebGL-0x1ff401778d00] GL_INVALID_OPERATION: glDrawElements: Must have element array buffer bound. @ http://localhost:8080/:0
[73510820ms] [WARNING] [.WebGL-0x1ff401778d00] GL_INVALID_OPERATION: glDrawElements: Must have element array buffer bound. @ http://localhost:8080/:0
[73510866ms] [WARNING] [.WebGL-0x1ff401778d00] GL_INVALID_OPERATION: glDrawElements: Must have element array buffer bound. @ http://localhost:8080/:0
[73510911ms] [WARNING] [.WebGL-0x1ff401778d00] GL_INVALID_OPERATION: glDrawElements: Must have element array buffer bound. @ http://localhost:8080/:0
[73510959ms] [WARNING] [.WebGL-0x1ff401778d00] GL_INVALID_OPERATION: glDrawElements: Must have element array buffer bound. @ http://localhost:8080/:0
[73511007ms] [WARNING] [.WebGL-0x1ff401778d00] GL_INVALID_OPERATION: glDrawElements: Must have element array buffer bound. @ http://localhost:8080/:0
[73511060ms] [WARNING] [.WebGL-0x1ff401778d00] GL_INVALID_OPERATION: glDrawElements: Must have element array buffer bound. @ http://localhost:8080/:0
[73511108ms] [WARNING] [.WebGL-0x1ff401778d00] GL_INVALID_OPERATION: glDrawElements: Must have element array buffer bound. @ http://localhost:8080/:0
[73511157ms] [WARNING] [.WebGL-0x1ff401778d00] GL_INVALID_OPERATION: glDrawElements: Must have element array buffer bound. @ http://localhost:8080/:0
[73511204ms] [WARNING] [.WebGL-0x1ff401778d00] GL_INVALID_OPERATION: glDrawElements: Must have element array buffer bound. @ http://localhost:8080/:0
[73511254ms] [WARNING] [.WebGL-0x1ff401778d00] GL_INVALID_OPERATION: glDrawElements: Must have element array buffer bound. @ http://localhost:8080/:0
[73511304ms] [WARNING] [.WebGL-0x1ff401778d00] GL_INVALID_OPERATION: glDrawElements: Must have element array buffer bound. @ http://localhost:8080/:0
[73511360ms] [WARNING] [.WebGL-0x1ff401778d00] GL_INVALID_OPERATION: glDrawElements: Must have element array buffer bound. @ http://localhost:8080/:0
[73511414ms] [WARNING] [.WebGL-0x1ff401778d00] GL_INVALID_OPERATION: glDrawElements: Must have element array buffer bound. @ http://localhost:8080/:0
[73511469ms] [WARNING] [.WebGL-0x1ff401778d00] GL_INVALID_OPERATION: glDrawElements: Must have element array buffer bound. @ http://localhost:8080/:0
[73511523ms] [WARNING] [.WebGL-0x1ff401778d00] GL_INVALID_OPERATION: glDrawElements: Must have element array buffer bound. @ http://localhost:8080/:0
[73511579ms] [WARNING] [.WebGL-0x1ff401778d00] GL_INVALID_OPERATION: glDrawElements: Must have element array buffer bound. @ http://localhost:8080/:0
[73511634ms] [WARNING] [.WebGL-0x1ff401778d00] GL_INVALID_OPERATION: glDrawElements: Must have element array buffer bound. @ http://localhost:8080/:0
[73511684ms] [WARNING] [.WebGL-0x1ff401778d00] GL_INVALID_OPERATION: glDrawElements: Must have element array buffer bound. @ http://localhost:8080/:0
[73511743ms] [WARNING] [.WebGL-0x1ff401778d00] GL_INVALID_OPERATION: glDrawElements: Must have element array buffer bound. @ http://localhost:8080/:0
[73511794ms] [WARNING] [.WebGL-0x1ff401778d00] GL_INVALID_OPERATION: glDrawElements: Must have element array buffer bound. @ http://localhost:8080/:0
[73511848ms] [WARNING] [.WebGL-0x1ff401778d00] GL_INVALID_OPERATION: glDrawElements: Must have element array buffer bound. @ http://localhost:8080/:0
[73511902ms] [WARNING] [.WebGL-0x1ff401778d00] GL_INVALID_OPERATION: glDrawElements: Must have element array buffer bound. @ http://localhost:8080/:0
[73511949ms] [WARNING] [.WebGL-0x1ff401778d00] GL_INVALID_OPERATION: glDrawElements: Must have element array buffer bound. @ http://localhost:8080/:0
[73511998ms] [WARNING] [.WebGL-0x1ff401778d00] GL_INVALID_OPERATION: glDrawElements: Must have element array buffer bound. @ http://localhost:8080/:0
[73512048ms] [WARNING] [.WebGL-0x1ff401778d00] GL_INVALID_OPERATION: glDrawElements: Must have element array buffer bound. @ http://localhost:8080/:0
[73512098ms] [WARNING] [.WebGL-0x1ff401778d00] GL_INVALID_OPERATION: glDrawElements: Must have element array buffer bound. @ http://localhost:8080/:0
[73512145ms] [WARNING] [.WebGL-0x1ff401778d00] GL_INVALID_OPERATION: glDrawElements: Must have element array buffer bound. @ http://localhost:8080/:0
[73512195ms] [WARNING] [.WebGL-0x1ff401778d00] GL_INVALID_OPERATION: glDrawElements: Must have element array buffer bound. @ http://localhost:8080/:0
[73512245ms] [WARNING] [.WebGL-0x1ff401778d00] GL_INVALID_OPERATION: glDrawElements: Must have element array buffer bound. @ http://localhost:8080/:0
[73512294ms] [WARNING] [.WebGL-0x1ff401778d00] GL_INVALID_OPERATION: glDrawElements: Must have element array buffer bound. @ http://localhost:8080/:0
[73512343ms] [WARNING] [.WebGL-0x1ff401778d00] GL_INVALID_OPERATION: glDrawElements: Must have element array buffer bound. @ http://localhost:8080/:0
[73512391ms] [WARNING] [.WebGL-0x1ff401778d00] GL_INVALID_OPERATION: glDrawElements: Must have element array buffer bound. @ http://localhost:8080/:0
[73512442ms] [WARNING] [.WebGL-0x1ff401778d00] GL_INVALID_OPERATION: glDrawElements: Must have element array buffer bound. @ http://localhost:8080/:0
[73512491ms] [WARNING] [.WebGL-0x1ff401778d00] GL_INVALID_OPERATION: glDrawElements: Must have element array buffer bound. @ http://localhost:8080/:0
[73512541ms] [WARNING] [.WebGL-0x1ff401778d00] GL_INVALID_OPERATION: glDrawElements: Must have element array buffer bound. @ http://localhost:8080/:0
[73512589ms] [WARNING] [.WebGL-0x1ff401778d00] GL_INVALID_OPERATION: glDrawElements: Must have element array buffer bound. @ http://localhost:8080/:0
[73512642ms] [WARNING] [.WebGL-0x1ff401778d00] GL_INVALID_OPERATION: glDrawElements: Must have element array buffer bound. @ http://localhost:8080/:0
[73512690ms] [WARNING] [.WebGL-0x1ff401778d00] GL_INVALID_OPERATION: glDrawElements: Must have element array buffer bound. @ http://localhost:8080/:0
[73512738ms] [WARNING] [.WebGL-0x1ff401778d00] GL_INVALID_OPERATION: glDrawElements: Must have element array buffer bound. @ http://localhost:8080/:0
[73512793ms] [WARNING] [.WebGL-0x1ff401778d00] GL_INVALID_OPERATION: glDrawElements: Must have element array buffer bound. @ http://localhost:8080/:0
[73512841ms] [WARNING] [.WebGL-0x1ff401778d00] GL_INVALID_OPERATION: glDrawElements: Must have element array buffer bound. @ http://localhost:8080/:0
[73512889ms] [WARNING] [.WebGL-0x1ff401778d00] GL_INVALID_OPERATION: glDrawElements: Must have element array buffer bound. @ http://localhost:8080/:0
[73512937ms] [WARNING] [.WebGL-0x1ff401778d00] GL_INVALID_OPERATION: glDrawElements: Must have element array buffer bound. @ http://localhost:8080/:0
[73512990ms] [WARNING] [.WebGL-0x1ff401778d00] GL_INVALID_OPERATION: glDrawElements: Must have element array buffer bound. @ http://localhost:8080/:0
[73513038ms] [WARNING] [.WebGL-0x1ff401778d00] GL_INVALID_OPERATION: glDrawElements: Must have element array buffer bound. @ http://localhost:8080/:0
[73513087ms] [WARNING] [.WebGL-0x1ff401778d00] GL_INVALID_OPERATION: glDrawElements: Must have element array buffer bound. @ http://localhost:8080/:0
[73513137ms] [WARNING] [.WebGL-0x1ff401778d00] GL_INVALID_OPERATION: glDrawElements: Must have element array buffer bound. @ http://localhost:8080/:0
[73513185ms] [WARNING] [.WebGL-0x1ff401778d00] GL_INVALID_OPERATION: glDrawElements: Must have element array buffer bound. @ http://localhost:8080/:0
[73513238ms] [WARNING] [.WebGL-0x1ff401778d00] GL_INVALID_OPERATION: glDrawElements: Must have element array buffer bound. @ http://localhost:8080/:0
[73513291ms] [WARNING] [.WebGL-0x1ff401778d00] GL_INVALID_OPERATION: glDrawElements: Must have element array buffer bound. @ http://localhost:8080/:0
[73513341ms] [WARNING] [.WebGL-0x1ff401778d00] GL_INVALID_OPERATION: glDrawElements: Must have element array buffer bound. @ http://localhost:8080/:0
[73513392ms] [WARNING] [.WebGL-0x1ff401778d00] GL_INVALID_OPERATION: glDrawElements: Must have element array buffer bound. @ http://localhost:8080/:0
[73513443ms] [WARNING] [.WebGL-0x1ff401778d00] GL_INVALID_OPERATION: glDrawElements: Must have element array buffer bound. @ http://localhost:8080/:0
[73513498ms] [WARNING] [.WebGL-0x1ff401778d00] GL_INVALID_OPERATION: glDrawElements: Must have element array buffer bound. @ http://localhost:8080/:0
[73513551ms] [WARNING] [.WebGL-0x1ff401778d00] GL_INVALID_OPERATION: glDrawElements: Must have element array buffer bound. @ http://localhost:8080/:0
[73513603ms] [WARNING] [.WebGL-0x1ff401778d00] GL_INVALID_OPERATION: glDrawElements: Must have element array buffer bound. @ http://localhost:8080/:0
[73513658ms] [WARNING] [.WebGL-0x1ff401778d00] GL_INVALID_OPERATION: glDrawElements: Must have element array buffer bound. @ http://localhost:8080/:0
[73513709ms] [WARNING] [.WebGL-0x1ff401778d00] GL_INVALID_OPERATION: glDrawElements: Must have element array buffer bound. @ http://localhost:8080/:0
[73513763ms] [WARNING] [.WebGL-0x1ff401778d00] GL_INVALID_OPERATION: glDrawElements: Must have element array buffer bound. @ http://localhost:8080/:0
[73513818ms] [WARNING] [.WebGL-0x1ff401778d00] GL_INVALID_OPERATION: glDrawElements: Must have element array buffer bound. @ http://localhost:8080/:0
[73513869ms] [WARNING] [.WebGL-0x1ff401778d00] GL_INVALID_OPERATION: glDrawElements: Must have element array buffer bound. @ http://localhost:8080/:0
[73513919ms] [WARNING] [.WebGL-0x1ff401778d00] GL_INVALID_OPERATION: glDrawElements: Must have element array buffer bound. @ http://localhost:8080/:0
[73513969ms] [WARNING] [.WebGL-0x1ff401778d00] GL_INVALID_OPERATION: glDrawElements: Must have element array buffer bound. @ http://localhost:8080/:0
[73514019ms] [WARNING] [.WebGL-0x1ff401778d00] GL_INVALID_OPERATION: glDrawElements: Must have element array buffer bound. @ http://localhost:8080/:0
[73514067ms] [WARNING] [.WebGL-0x1ff401778d00] GL_INVALID_OPERATION: glDrawElements: Must have element array buffer bound. @ http://localhost:8080/:0
[73514116ms] [WARNING] [.WebGL-0x1ff401778d00] GL_INVALID_OPERATION: glDrawElements: Must have element array buffer bound. @ http://localhost:8080/:0
[73514164ms] [WARNING] [.WebGL-0x1ff401778d00] GL_INVALID_OPERATION: glDrawElements: Must have element array buffer bound. @ http://localhost:8080/:0
[73514212ms] [WARNING] [.WebGL-0x1ff401778d00] GL_INVALID_OPERATION: glDrawElements: Must have element array buffer bound. @ http://localhost:8080/:0
[73514261ms] [WARNING] [.WebGL-0x1ff401778d00] GL_INVALID_OPERATION: glDrawElements: Must have element array buffer bound. @ http://localhost:8080/:0
[73514308ms] [WARNING] [.WebGL-0x1ff401778d00] GL_INVALID_OPERATION: glDrawElements: Must have element array buffer bound. @ http://localhost:8080/:0
[73514358ms] [WARNING] [.WebGL-0x1ff401778d00] GL_INVALID_OPERATION: glDrawElements: Must have element array buffer bound. @ http://localhost:8080/:0
[73514404ms] [WARNING] [.WebGL-0x1ff401778d00] GL_INVALID_OPERATION: glDrawElements: Must have element array buffer bound. @ http://localhost:8080/:0
[73514451ms] [WARNING] [.WebGL-0x1ff401778d00] GL_INVALID_OPERATION: glDrawElements: Must have element array buffer bound. @ http://localhost:8080/:0
[73514497ms] [WARNING] [.WebGL-0x1ff401778d00] GL_INVALID_OPERATION: glDrawElements: Must have element array buffer bound. @ http://localhost:8080/:0
[73514541ms] [WARNING] [.WebGL-0x1ff401778d00] GL_INVALID_OPERATION: glDrawElements: Must have element array buffer bound. @ http://localhost:8080/:0
[73514588ms] [WARNING] [.WebGL-0x1ff401778d00] GL_INVALID_OPERATION: glDrawElements: Must have element array buffer bound. @ http://localhost:8080/:0
[73514633ms] [WARNING] [.WebGL-0x1ff401778d00] GL_INVALID_OPERATION: glDrawElements: Must have element array buffer bound. @ http://localhost:8080/:0
[73514680ms] [WARNING] [.WebGL-0x1ff401778d00] GL_INVALID_OPERATION: glDrawElements: Must have element array buffer bound. @ http://localhost:8080/:0
[73514726ms] [WARNING] [.WebGL-0x1ff401778d00] GL_INVALID_OPERATION: glDrawElements: Must have element array buffer bound. @ http://localhost:8080/:0
[73514772ms] [WARNING] [.WebGL-0x1ff401778d00] GL_INVALID_OPERATION: glDrawElements: Must have element array buffer bound. @ http://localhost:8080/:0
[73514818ms] [WARNING] [.WebGL-0x1ff401778d00] GL_INVALID_OPERATION: glDrawElements: Must have element array buffer bound. @ http://localhost:8080/:0
[73514863ms] [WARNING] [.WebGL-0x1ff401778d00] GL_INVALID_OPERATION: glDrawElements: Must have element array buffer bound. @ http://localhost:8080/:0
[73514909ms] [WARNING] [.WebGL-0x1ff401778d00] GL_INVALID_OPERATION: glDrawElements: Must have element array buffer bound. @ http://localhost:8080/:0
[73514954ms] [WARNING] [.WebGL-0x1ff401778d00] GL_INVALID_OPERATION: glDrawElements: Must have element array buffer bound. @ http://localhost:8080/:0
[73515000ms] [WARNING] [.WebGL-0x1ff401778d00] GL_INVALID_OPERATION: glDrawElements: Must have element array buffer bound. @ http://localhost:8080/:0
[73515046ms] [WARNING] [.WebGL-0x1ff401778d00] GL_INVALID_OPERATION: glDrawElements: Must have element array buffer bound. @ http://localhost:8080/:0
[73515091ms] [WARNING] [.WebGL-0x1ff401778d00] GL_INVALID_OPERATION: glDrawElements: Must have element array buffer bound. @ http://localhost:8080/:0
[73515137ms] [WARNING] [.WebGL-0x1ff401778d00] GL_INVALID_OPERATION: glDrawElements: Must have element array buffer bound. @ http://localhost:8080/:0
[73515181ms] [WARNING] [.WebGL-0x1ff401778d00] GL_INVALID_OPERATION: glDrawElements: Must have element array buffer bound. @ http://localhost:8080/:0
[73515227ms] [WARNING] [.WebGL-0x1ff401778d00] GL_INVALID_OPERATION: glDrawElements: Must have element array buffer bound. @ http://localhost:8080/:0
[73515271ms] [WARNING] [.WebGL-0x1ff401778d00] GL_INVALID_OPERATION: glDrawElements: Must have element array buffer bound. @ http://localhost:8080/:0
[73515316ms] [WARNING] [.WebGL-0x1ff401778d00] GL_INVALID_OPERATION: glDrawElements: Must have element array buffer bound. @ http://localhost:8080/:0
[73515362ms] [WARNING] [.WebGL-0x1ff401778d00] GL_INVALID_OPERATION: glDrawElements: Must have element array buffer bound. @ http://localhost:8080/:0
[73515407ms] [WARNING] [.WebGL-0x1ff401778d00] GL_INVALID_OPERATION: glDrawElements: Must have element array buffer bound. @ http://localhost:8080/:0
[73515454ms] [WARNING] [.WebGL-0x1ff401778d00] GL_INVALID_OPERATION: glDrawElements: Must have element array buffer bound. @ http://localhost:8080/:0
[73515500ms] [WARNING] [.WebGL-0x1ff401778d00] GL_INVALID_OPERATION: glDrawElements: Must have element array buffer bound. @ http://localhost:8080/:0
[73515546ms] [WARNING] [.WebGL-0x1ff401778d00] GL_INVALID_OPERATION: glDrawElements: Must have element array buffer bound. @ http://localhost:8080/:0
[73515592ms] [WARNING] [.WebGL-0x1ff401778d00] GL_INVALID_OPERATION: glDrawElements: Must have element array buffer bound. @ http://localhost:8080/:0
[73515638ms] [WARNING] [.WebGL-0x1ff401778d00] GL_INVALID_OPERATION: glDrawElements: Must have element array buffer bound. @ http://localhost:8080/:0
[73515683ms] [WARNING] [.WebGL-0x1ff401778d00] GL_INVALID_OPERATION: glDrawElements: Must have element array buffer bound. @ http://localhost:8080/:0
[73515729ms] [WARNING] [.WebGL-0x1ff401778d00] GL_INVALID_OPERATION: glDrawElements: Must have element array buffer bound. @ http://localhost:8080/:0
[73515776ms] [WARNING] [.WebGL-0x1ff401778d00] GL_INVALID_OPERATION: glDrawElements: Must have element array buffer bound. @ http://localhost:8080/:0
[73515816ms] [WARNING] [.WebGL-0x1ff401778d00] GL_INVALID_OPERATION: glDrawElements: Must have element array buffer bound. @ http://localhost:8080/:0
[73515859ms] [WARNING] [.WebGL-0x1ff401778d00] GL_INVALID_OPERATION: glDrawElements: Must have element array buffer bound. @ http://localhost:8080/:0
[73515902ms] [WARNING] [.WebGL-0x1ff401778d00] GL_INVALID_OPERATION: glDrawElements: Must have element array buffer bound. @ http://localhost:8080/:0
[73515943ms] [WARNING] [.WebGL-0x1ff401778d00] GL_INVALID_OPERATION: glDrawElements: Must have element array buffer bound. @ http://localhost:8080/:0
[73515986ms] [WARNING] [.WebGL-0x1ff401778d00] GL_INVALID_OPERATION: glDrawElements: Must have element array buffer bound. @ http://localhost:8080/:0
[73516028ms] [WARNING] [.WebGL-0x1ff401778d00] GL_INVALID_OPERATION: glDrawElements: Must have element array buffer bound. @ http://localhost:8080/:0
[73516069ms] [WARNING] [.WebGL-0x1ff401778d00] GL_INVALID_OPERATION: glDrawElements: Must have element array buffer bound. @ http://localhost:8080/:0
[73516111ms] [WARNING] [.WebGL-0x1ff401778d00] GL_INVALID_OPERATION: glDrawElements: Must have element array buffer bound. @ http://localhost:8080/:0
[73516152ms] [WARNING] [.WebGL-0x1ff401778d00] GL_INVALID_OPERATION: glDrawElements: Must have element array buffer bound. @ http://localhost:8080/:0
[73516196ms] [WARNING] [.WebGL-0x1ff401778d00] GL_INVALID_OPERATION: glDrawElements: Must have element array buffer bound. @ http://localhost:8080/:0
[73516238ms] [WARNING] [.WebGL-0x1ff401778d00] GL_INVALID_OPERATION: glDrawElements: Must have element array buffer bound. @ http://localhost:8080/:0
[73516280ms] [WARNING] [.WebGL-0x1ff401778d00] GL_INVALID_OPERATION: glDrawElements: Must have element array buffer bound. @ http://localhost:8080/:0
[73516322ms] [WARNING] [.WebGL-0x1ff401778d00] GL_INVALID_OPERATION: glDrawElements: Must have element array buffer bound. @ http://localhost:8080/:0
[73516364ms] [WARNING] [.WebGL-0x1ff401778d00] GL_INVALID_OPERATION: glDrawElements: Must have element array buffer bound. @ http://localhost:8080/:0
[73516407ms] [WARNING] [.WebGL-0x1ff401778d00] GL_INVALID_OPERATION: glDrawElements: Must have element array buffer bound. @ http://localhost:8080/:0
[73516450ms] [WARNING] [.WebGL-0x1ff401778d00] GL_INVALID_OPERATION: glDrawElements: Must have element array buffer bound. @ http://localhost:8080/:0
[73516495ms] [WARNING] [.WebGL-0x1ff401778d00] GL_INVALID_OPERATION: glDrawElements: Must have element array buffer bound. @ http://localhost:8080/:0
[73516538ms] [WARNING] [.WebGL-0x1ff401778d00] GL_INVALID_OPERATION: glDrawElements: Must have element array buffer bound. @ http://localhost:8080/:0
[73516580ms] [WARNING] [.WebGL-0x1ff401778d00] GL_INVALID_OPERATION: glDrawElements: Must have element array buffer bound. @ http://localhost:8080/:0
[73516623ms] [WARNING] [.WebGL-0x1ff401778d00] GL_INVALID_OPERATION: glDrawElements: Must have element array buffer bound. @ http://localhost:8080/:0
[73516715ms] [WARNING] [.WebGL-0x1ff401778d00] GL_INVALID_OPERATION: glDrawElements: Must have element array buffer bound. @ http://localhost:8080/:0
[73516715ms] [WARNING] [.WebGL-0x1ff401778d00] GL_INVALID_OPERATION: glDrawElements: Must have element array buffer bound. @ http://localhost:8080/:0
[73516760ms] [WARNING] [.WebGL-0x1ff401778d00] GL_INVALID_OPERATION: glDrawElements: Must have element array buffer bound. @ http://localhost:8080/:0
[73516809ms] [WARNING] [.WebGL-0x1ff401778d00] GL_INVALID_OPERATION: glDrawElements: Must have element array buffer bound. @ http://localhost:8080/:0
[73516852ms] [WARNING] [.WebGL-0x1ff401778d00] GL_INVALID_OPERATION: glDrawElements: Must have element array buffer bound. @ http://localhost:8080/:0
[73516895ms] [WARNING] [.WebGL-0x1ff401778d00] GL_INVALID_OPERATION: glDrawElements: Must have element array buffer bound. @ http://localhost:8080/:0
[73516937ms] [WARNING] [.WebGL-0x1ff401778d00] GL_INVALID_OPERATION: glDrawElements: Must have element array buffer bound. @ http://localhost:8080/:0
[73516979ms] [WARNING] [.WebGL-0x1ff401778d00] GL_INVALID_OPERATION: glDrawElements: Must have element array buffer bound. @ http://localhost:8080/:0
[73517021ms] [WARNING] [.WebGL-0x1ff401778d00] GL_INVALID_OPERATION: glDrawElements: Must have element array buffer bound. @ http://localhost:8080/:0
[73517066ms] [WARNING] [.WebGL-0x1ff401778d00] GL_INVALID_OPERATION: glDrawElements: Must have element array buffer bound. @ http://localhost:8080/:0
[73517108ms] [WARNING] [.WebGL-0x1ff401778d00] GL_INVALID_OPERATION: glDrawElements: Must have element array buffer bound. @ http://localhost:8080/:0
[73517152ms] [WARNING] [.WebGL-0x1ff401778d00] GL_INVALID_OPERATION: glDrawElements: Must have element array buffer bound. @ http://localhost:8080/:0
[73517285ms] [WARNING] [.WebGL-0x1ff401778d00] GL_INVALID_OPERATION: glDrawElements: Must have element array buffer bound. @ http://localhost:8080/:0
[73517285ms] [WARNING] [.WebGL-0x1ff401778d00] GL_INVALID_OPERATION: glDrawElements: Must have element array buffer bound. @ http://localhost:8080/:0
[73517285ms] [WARNING] [.WebGL-0x1ff401778d00] GL_INVALID_OPERATION: glDrawElements: Must have element array buffer bound. @ http://localhost:8080/:0
[73517332ms] [WARNING] [.WebGL-0x1ff401778d00] GL_INVALID_OPERATION: glDrawElements: Must have element array buffer bound. @ http://localhost:8080/:0
[73517376ms] [WARNING] [.WebGL-0x1ff401778d00] GL_INVALID_OPERATION: glDrawElements: Must have element array buffer bound. @ http://localhost:8080/:0
[73517428ms] [WARNING] [.WebGL-0x1ff401778d00] GL_INVALID_OPERATION: glDrawElements: Must have element array buffer bound. @ http://localhost:8080/:0
[73517476ms] [WARNING] [.WebGL-0x1ff401778d00] GL_INVALID_OPERATION: glDrawElements: Must have element array buffer bound. @ http://localhost:8080/:0
[73517526ms] [WARNING] [.WebGL-0x1ff401778d00] GL_INVALID_OPERATION: glDrawElements: Must have element array buffer bound. @ http://localhost:8080/:0
[73517623ms] [WARNING] [.WebGL-0x1ff401778d00] GL_INVALID_OPERATION: glDrawElements: Must have element array buffer bound. @ http://localhost:8080/:0
[73517623ms] [WARNING] [.WebGL-0x1ff401778d00] GL_INVALID_OPERATION: glDrawElements: Must have element array buffer bound. @ http://localhost:8080/:0
[73517666ms] [WARNING] [.WebGL-0x1ff401778d00] GL_INVALID_OPERATION: glDrawElements: Must have element array buffer bound. @ http://localhost:8080/:0
[73517710ms] [WARNING] [.WebGL-0x1ff401778d00] GL_INVALID_OPERATION: glDrawElements: Must have element array buffer bound. @ http://localhost:8080/:0
[73517753ms] [WARNING] [.WebGL-0x1ff401778d00] GL_INVALID_OPERATION: glDrawElements: Must have element array buffer bound. @ http://localhost:8080/:0
[73517800ms] [WARNING] [.WebGL-0x1ff401778d00] GL_INVALID_OPERATION: glDrawElements: Must have element array buffer bound. @ http://localhost:8080/:0
[73517844ms] [WARNING] [.WebGL-0x1ff401778d00] GL_INVALID_OPERATION: glDrawElements: Must have element array buffer bound. @ http://localhost:8080/:0
[73517886ms] [WARNING] [.WebGL-0x1ff401778d00] GL_INVALID_OPERATION: glDrawElements: Must have element array buffer bound. @ http://localhost:8080/:0
[73517930ms] [WARNING] [.WebGL-0x1ff401778d00] GL_INVALID_OPERATION: glDrawElements: Must have element array buffer bound. @ http://localhost:8080/:0
[73517973ms] [WARNING] [.WebGL-0x1ff401778d00] GL_INVALID_OPERATION: glDrawElements: Must have element array buffer bound. @ http://localhost:8080/:0
[73518014ms] [WARNING] [.WebGL-0x1ff401778d00] GL_INVALID_OPERATION: glDrawElements: Must have element array buffer bound. @ http://localhost:8080/:0
[73518054ms] [WARNING] [.WebGL-0x1ff401778d00] GL_INVALID_OPERATION: glDrawElements: Must have element array buffer bound. @ http://localhost:8080/:0
[73518094ms] [WARNING] [.WebGL-0x1ff401778d00] GL_INVALID_OPERATION: glDrawElements: Must have element array buffer bound. @ http://localhost:8080/:0
[73518133ms] [WARNING] [.WebGL-0x1ff401778d00] GL_INVALID_OPERATION: glDrawElements: Must have element array buffer bound. @ http://localhost:8080/:0
[73518174ms] [WARNING] [.WebGL-0x1ff401778d00] GL_INVALID_OPERATION: glDrawElements: Must have element array buffer bound. @ http://localhost:8080/:0
[73518213ms] [WARNING] [.WebGL-0x1ff401778d00] GL_INVALID_OPERATION: glDrawElements: Must have element array buffer bound. @ http://localhost:8080/:0
[73518253ms] [WARNING] [.WebGL-0x1ff401778d00] GL_INVALID_OPERATION: glDrawElements: Must have element array buffer bound. @ http://localhost:8080/:0
[73518293ms] [WARNING] [.WebGL-0x1ff401778d00] GL_INVALID_OPERATION: glDrawElements: Must have element array buffer bound. @ http://localhost:8080/:0
[73518293ms] [WARNING] WebGL: too many errors, no more errors will be reported to the console for this context. @ http://localhost:8080/:0
[76502586ms] [WARNING] [.WebGL-0x1ff40310a900] GL_INVALID_OPERATION: glDrawElements: Must have element array buffer bound. @ http://localhost:8080/:0
[76502667ms] [WARNING] [.WebGL-0x1ff40310a900] GL_INVALID_OPERATION: glDrawElements: Must have element array buffer bound. @ http://localhost:8080/:0
[76502719ms] [WARNING] [.WebGL-0x1ff40310a900] GL_INVALID_OPERATION: glDrawElements: Must have element array buffer bound. @ http://localhost:8080/:0
[76502945ms] [WARNING] [.WebGL-0x1ff40310a900] GL_INVALID_OPERATION: glDrawElements: Must have element array buffer bound. @ http://localhost:8080/:0
[76502945ms] [WARNING] [.WebGL-0x1ff40310a900] GL_INVALID_OPERATION: glDrawElements: Must have element array buffer bound. @ http://localhost:8080/:0
[76502995ms] [WARNING] [.WebGL-0x1ff40310a900] GL_INVALID_OPERATION: glDrawElements: Must have element array buffer bound. @ http://localhost:8080/:0
[76503046ms] [WARNING] [.WebGL-0x1ff40310a900] GL_INVALID_OPERATION: glDrawElements: Must have element array buffer bound. @ http://localhost:8080/:0
[76503106ms] [WARNING] [.WebGL-0x1ff40310a900] GL_INVALID_OPERATION: glDrawElements: Must have element array buffer bound. @ http://localhost:8080/:0
[76503160ms] [WARNING] [.WebGL-0x1ff40310a900] GL_INVALID_OPERATION: glDrawElements: Must have element array buffer bound. @ http://localhost:8080/:0
[76503212ms] [WARNING] [.WebGL-0x1ff40310a900] GL_INVALID_OPERATION: glDrawElements: Must have element array buffer bound. @ http://localhost:8080/:0
[76503266ms] [WARNING] [.WebGL-0x1ff40310a900] GL_INVALID_OPERATION: glDrawElements: Must have element array buffer bound. @ http://localhost:8080/:0
[76503312ms] [WARNING] [.WebGL-0x1ff40310a900] GL_INVALID_OPERATION: glDrawElements: Must have element array buffer bound. @ http://localhost:8080/:0
[76503360ms] [WARNING] [.WebGL-0x1ff40310a900] GL_INVALID_OPERATION: glDrawElements: Must have element array buffer bound. @ http://localhost:8080/:0
[76503407ms] [WARNING] [.WebGL-0x1ff40310a900] GL_INVALID_OPERATION: glDrawElements: Must have element array buffer bound. @ http://localhost:8080/:0
[76503455ms] [WARNING] [.WebGL-0x1ff40310a900] GL_INVALID_OPERATION: glDrawElements: Must have element array buffer bound. @ http://localhost:8080/:0
[76503501ms] [WARNING] [.WebGL-0x1ff40310a900] GL_INVALID_OPERATION: glDrawElements: Must have element array buffer bound. @ http://localhost:8080/:0
[76503546ms] [WARNING] [.WebGL-0x1ff40310a900] GL_INVALID_OPERATION: glDrawElements: Must have element array buffer bound. @ http://localhost:8080/:0
[76503591ms] [WARNING] [.WebGL-0x1ff40310a900] GL_INVALID_OPERATION: glDrawElements: Must have element array buffer bound. @ http://localhost:8080/:0
[76503638ms] [WARNING] [.WebGL-0x1ff40310a900] GL_INVALID_OPERATION: glDrawElements: Must have element array buffer bound. @ http://localhost:8080/:0
[76503688ms] [WARNING] [.WebGL-0x1ff40310a900] GL_INVALID_OPERATION: glDrawElements: Must have element array buffer bound. @ http://localhost:8080/:0
[76503746ms] [WARNING] [.WebGL-0x1ff40310a900] GL_INVALID_OPERATION: glDrawElements: Must have element array buffer bound. @ http://localhost:8080/:0
[76503800ms] [WARNING] [.WebGL-0x1ff40310a900] GL_INVALID_OPERATION: glDrawElements: Must have element array buffer bound. @ http://localhost:8080/:0
[76503851ms] [WARNING] [.WebGL-0x1ff40310a900] GL_INVALID_OPERATION: glDrawElements: Must have element array buffer bound. @ http://localhost:8080/:0
[76503899ms] [WARNING] [.WebGL-0x1ff40310a900] GL_INVALID_OPERATION: glDrawElements: Must have element array buffer bound. @ http://localhost:8080/:0
[76503948ms] [WARNING] [.WebGL-0x1ff40310a900] GL_INVALID_OPERATION: glDrawElements: Must have element array buffer bound. @ http://localhost:8080/:0
[76503991ms] [WARNING] [.WebGL-0x1ff40310a900] GL_INVALID_OPERATION: glDrawElements: Must have element array buffer bound. @ http://localhost:8080/:0
[76504041ms] [WARNING] [.WebGL-0x1ff40310a900] GL_INVALID_OPERATION: glDrawElements: Must have element array buffer bound. @ http://localhost:8080/:0
[76504089ms] [WARNING] [.WebGL-0x1ff40310a900] GL_INVALID_OPERATION: glDrawElements: Must have element array buffer bound. @ http://localhost:8080/:0
[76504145ms] [WARNING] [.WebGL-0x1ff40310a900] GL_INVALID_OPERATION: glDrawElements: Must have element array buffer bound. @ http://localhost:8080/:0
[76504201ms] [WARNING] [.WebGL-0x1ff40310a900] GL_INVALID_OPERATION: glDrawElements: Must have element array buffer bound. @ http://localhost:8080/:0
[76504255ms] [WARNING] [.WebGL-0x1ff40310a900] GL_INVALID_OPERATION: glDrawElements: Must have element array buffer bound. @ http://localhost:8080/:0
[76504305ms] [WARNING] [.WebGL-0x1ff40310a900] GL_INVALID_OPERATION: glDrawElements: Must have element array buffer bound. @ http://localhost:8080/:0
[76504352ms] [WARNING] [.WebGL-0x1ff40310a900] GL_INVALID_OPERATION: glDrawElements: Must have element array buffer bound. @ http://localhost:8080/:0
[76504397ms] [WARNING] [.WebGL-0x1ff40310a900] GL_INVALID_OPERATION: glDrawElements: Must have element array buffer bound. @ http://localhost:8080/:0
[76504442ms] [WARNING] [.WebGL-0x1ff40310a900] GL_INVALID_OPERATION: glDrawElements: Must have element array buffer bound. @ http://localhost:8080/:0
[76504489ms] [WARNING] [.WebGL-0x1ff40310a900] GL_INVALID_OPERATION: glDrawElements: Must have element array buffer bound. @ http://localhost:8080/:0
[76504533ms] [WARNING] [.WebGL-0x1ff40310a900] GL_INVALID_OPERATION: glDrawElements: Must have element array buffer bound. @ http://localhost:8080/:0
[76504580ms] [WARNING] [.WebGL-0x1ff40310a900] GL_INVALID_OPERATION: glDrawElements: Must have element array buffer bound. @ http://localhost:8080/:0
[76504622ms] [WARNING] [.WebGL-0x1ff40310a900] GL_INVALID_OPERATION: glDrawElements: Must have element array buffer bound. @ http://localhost:8080/:0
[76504669ms] [WARNING] [.WebGL-0x1ff40310a900] GL_INVALID_OPERATION: glDrawElements: Must have element array buffer bound. @ http://localhost:8080/:0
[76504719ms] [WARNING] [.WebGL-0x1ff40310a900] GL_INVALID_OPERATION: glDrawElements: Must have element array buffer bound. @ http://localhost:8080/:0
[76504768ms] [WARNING] [.WebGL-0x1ff40310a900] GL_INVALID_OPERATION: glDrawElements: Must have element array buffer bound. @ http://localhost:8080/:0
[76504819ms] [WARNING] [.WebGL-0x1ff40310a900] GL_INVALID_OPERATION: glDrawElements: Must have element array buffer bound. @ http://localhost:8080/:0
[76504860ms] [WARNING] [.WebGL-0x1ff40310a900] GL_INVALID_OPERATION: glDrawElements: Must have element array buffer bound. @ http://localhost:8080/:0
[76504910ms] [WARNING] [.WebGL-0x1ff40310a900] GL_INVALID_OPERATION: glDrawElements: Must have element array buffer bound. @ http://localhost:8080/:0
[76504957ms] [WARNING] [.WebGL-0x1ff40310a900] GL_INVALID_OPERATION: glDrawElements: Must have element array buffer bound. @ http://localhost:8080/:0
[76505004ms] [WARNING] [.WebGL-0x1ff40310a900] GL_INVALID_OPERATION: glDrawElements: Must have element array buffer bound. @ http://localhost:8080/:0
[76505049ms] [WARNING] [.WebGL-0x1ff40310a900] GL_INVALID_OPERATION: glDrawElements: Must have element array buffer bound. @ http://localhost:8080/:0
[76505096ms] [WARNING] [.WebGL-0x1ff40310a900] GL_INVALID_OPERATION: glDrawElements: Must have element array buffer bound. @ http://localhost:8080/:0
[76505145ms] [WARNING] [.WebGL-0x1ff40310a900] GL_INVALID_OPERATION: glDrawElements: Must have element array buffer bound. @ http://localhost:8080/:0
[76505192ms] [WARNING] [.WebGL-0x1ff40310a900] GL_INVALID_OPERATION: glDrawElements: Must have element array buffer bound. @ http://localhost:8080/:0
[76505246ms] [WARNING] [.WebGL-0x1ff40310a900] GL_INVALID_OPERATION: glDrawElements: Must have element array buffer bound. @ http://localhost:8080/:0
[76505299ms] [WARNING] [.WebGL-0x1ff40310a900] GL_INVALID_OPERATION: glDrawElements: Must have element array buffer bound. @ http://localhost:8080/:0
[76505347ms] [WARNING] [.WebGL-0x1ff40310a900] GL_INVALID_OPERATION: glDrawElements: Must have element array buffer bound. @ http://localhost:8080/:0
[76505398ms] [WARNING] [.WebGL-0x1ff40310a900] GL_INVALID_OPERATION: glDrawElements: Must have element array buffer bound. @ http://localhost:8080/:0
[76505446ms] [WARNING] [.WebGL-0x1ff40310a900] GL_INVALID_OPERATION: glDrawElements: Must have element array buffer bound. @ http://localhost:8080/:0
[76505492ms] [WARNING] [.WebGL-0x1ff40310a900] GL_INVALID_OPERATION: glDrawElements: Must have element array buffer bound. @ http://localhost:8080/:0
[76505535ms] [WARNING] [.WebGL-0x1ff40310a900] GL_INVALID_OPERATION: glDrawElements: Must have element array buffer bound. @ http://localhost:8080/:0
[76505581ms] [WARNING] [.WebGL-0x1ff40310a900] GL_INVALID_OPERATION: glDrawElements: Must have element array buffer bound. @ http://localhost:8080/:0
[76505626ms] [WARNING] [.WebGL-0x1ff40310a900] GL_INVALID_OPERATION: glDrawElements: Must have element array buffer bound. @ http://localhost:8080/:0
[76505672ms] [WARNING] [.WebGL-0x1ff40310a900] GL_INVALID_OPERATION: glDrawElements: Must have element array buffer bound. @ http://localhost:8080/:0
[76505714ms] [WARNING] [.WebGL-0x1ff40310a900] GL_INVALID_OPERATION: glDrawElements: Must have element array buffer bound. @ http://localhost:8080/:0
[76505757ms] [WARNING] [.WebGL-0x1ff40310a900] GL_INVALID_OPERATION: glDrawElements: Must have element array buffer bound. @ http://localhost:8080/:0
[76505801ms] [WARNING] [.WebGL-0x1ff40310a900] GL_INVALID_OPERATION: glDrawElements: Must have element array buffer bound. @ http://localhost:8080/:0
[76505851ms] [WARNING] [.WebGL-0x1ff40310a900] GL_INVALID_OPERATION: glDrawElements: Must have element array buffer bound. @ http://localhost:8080/:0
[76505896ms] [WARNING] [.WebGL-0x1ff40310a900] GL_INVALID_OPERATION: glDrawElements: Must have element array buffer bound. @ http://localhost:8080/:0
[76505938ms] [WARNING] [.WebGL-0x1ff40310a900] GL_INVALID_OPERATION: glDrawElements: Must have element array buffer bound. @ http://localhost:8080/:0
[76505980ms] [WARNING] [.WebGL-0x1ff40310a900] GL_INVALID_OPERATION: glDrawElements: Must have element array buffer bound. @ http://localhost:8080/:0
[76506026ms] [WARNING] [.WebGL-0x1ff40310a900] GL_INVALID_OPERATION: glDrawElements: Must have element array buffer bound. @ http://localhost:8080/:0
[76506072ms] [WARNING] [.WebGL-0x1ff40310a900] GL_INVALID_OPERATION: glDrawElements: Must have element array buffer bound. @ http://localhost:8080/:0
[76506115ms] [WARNING] [.WebGL-0x1ff40310a900] GL_INVALID_OPERATION: glDrawElements: Must have element array buffer bound. @ http://localhost:8080/:0
[76506170ms] [WARNING] [.WebGL-0x1ff40310a900] GL_INVALID_OPERATION: glDrawElements: Must have element array buffer bound. @ http://localhost:8080/:0
[76506235ms] [WARNING] [.WebGL-0x1ff40310a900] GL_INVALID_OPERATION: glDrawElements: Must have element array buffer bound. @ http://localhost:8080/:0
[76508652ms] [WARNING] [.WebGL-0x1ff4007ddc00] GL_INVALID_VALUE: glGetProgramiv: Program object expected. @ http://localhost:8080/:0
[76508652ms] [WARNING] [.WebGL-0x1ff4007ddc00] GL_INVALID_VALUE: glGetProgramiv: Program object expected. @ http://localhost:8080/:0
[76508652ms] [WARNING] [.WebGL-0x1ff4007ddc00] GL_INVALID_VALUE: glGetProgramiv: Program object expected. @ http://localhost:8080/:0
[76508652ms] [WARNING] [.WebGL-0x1ff4007ddc00] GL_INVALID_VALUE: glGetProgramiv: Program object expected. @ http://localhost:8080/:0
[76508652ms] [WARNING] [.WebGL-0x1ff4007ddc00] GL_INVALID_VALUE: glGetProgramiv: Program object expected. @ http://localhost:8080/:0
[76508652ms] [WARNING] [.WebGL-0x1ff4007ddc00] GL_INVALID_VALUE: glGetProgramiv: Program object expected. @ http://localhost:8080/:0
[76508652ms] [WARNING] [.WebGL-0x1ff4007ddc00] GL_INVALID_VALUE: glGetProgramiv: Program object expected. @ http://localhost:8080/:0
[76508652ms] [WARNING] [.WebGL-0x1ff4007ddc00] GL_INVALID_VALUE: glGetProgramiv: Program object expected. @ http://localhost:8080/:0
[76508652ms] [WARNING] [.WebGL-0x1ff4007ddc00] GL_INVALID_VALUE: glGetProgramiv: Program object expected. @ http://localhost:8080/:0
[76508653ms] [WARNING] [.WebGL-0x1ff4007ddc00] GL_INVALID_VALUE: glGetProgramiv: Program object expected. @ http://localhost:8080/:0
[76508653ms] [WARNING] [.WebGL-0x1ff4007ddc00] GL_INVALID_VALUE: glGetProgramiv: Program object expected. @ http://localhost:8080/:0
[76508653ms] [WARNING] [.WebGL-0x1ff4007ddc00] GL_INVALID_VALUE: glGetProgramiv: Program object expected. @ http://localhost:8080/:0
[76517441ms] [WARNING] [.WebGL-0x1ff4033f1500] GL_INVALID_OPERATION: glDrawElements: Must have element array buffer bound. @ http://localhost:8080/:0
[76517535ms] [WARNING] [.WebGL-0x1ff4033f1500] GL_INVALID_OPERATION: glDrawElements: Must have element array buffer bound. @ http://localhost:8080/:0
[76517772ms] [WARNING] [.WebGL-0x1ff4033f1500] GL_INVALID_OPERATION: glDrawElements: Must have element array buffer bound. @ http://localhost:8080/:0
[76517772ms] [WARNING] [.WebGL-0x1ff4033f1500] GL_INVALID_OPERATION: glDrawElements: Must have element array buffer bound. @ http://localhost:8080/:0
[76517818ms] [WARNING] [.WebGL-0x1ff4033f1500] GL_INVALID_OPERATION: glDrawElements: Must have element array buffer bound. @ http://localhost:8080/:0
[76517866ms] [WARNING] [.WebGL-0x1ff4033f1500] GL_INVALID_OPERATION: glDrawElements: Must have element array buffer bound. @ http://localhost:8080/:0
[76517916ms] [WARNING] [.WebGL-0x1ff4033f1500] GL_INVALID_OPERATION: glDrawElements: Must have element array buffer bound. @ http://localhost:8080/:0
[76517969ms] [WARNING] [.WebGL-0x1ff4033f1500] GL_INVALID_OPERATION: glDrawElements: Must have element array buffer bound. @ http://localhost:8080/:0
[76518022ms] [WARNING] [.WebGL-0x1ff4033f1500] GL_INVALID_OPERATION: glDrawElements: Must have element array buffer bound. @ http://localhost:8080/:0
[76518074ms] [WARNING] [.WebGL-0x1ff4033f1500] GL_INVALID_OPERATION: glDrawElements: Must have element array buffer bound. @ http://localhost:8080/:0
[76518124ms] [WARNING] [.WebGL-0x1ff4033f1500] GL_INVALID_OPERATION: glDrawElements: Must have element array buffer bound. @ http://localhost:8080/:0
[76518173ms] [WARNING] [.WebGL-0x1ff4033f1500] GL_INVALID_OPERATION: glDrawElements: Must have element array buffer bound. @ http://localhost:8080/:0
[76518221ms] [WARNING] [.WebGL-0x1ff4033f1500] GL_INVALID_OPERATION: glDrawElements: Must have element array buffer bound. @ http://localhost:8080/:0
[76518268ms] [WARNING] [.WebGL-0x1ff4033f1500] GL_INVALID_OPERATION: glDrawElements: Must have element array buffer bound. @ http://localhost:8080/:0
[76518312ms] [WARNING] [.WebGL-0x1ff4033f1500] GL_INVALID_OPERATION: glDrawElements: Must have element array buffer bound. @ http://localhost:8080/:0
[76518358ms] [WARNING] [.WebGL-0x1ff4033f1500] GL_INVALID_OPERATION: glDrawElements: Must have element array buffer bound. @ http://localhost:8080/:0
[76518402ms] [WARNING] [.WebGL-0x1ff4033f1500] GL_INVALID_OPERATION: glDrawElements: Must have element array buffer bound. @ http://localhost:8080/:0
[76518446ms] [WARNING] [.WebGL-0x1ff4033f1500] GL_INVALID_OPERATION: glDrawElements: Must have element array buffer bound. @ http://localhost:8080/:0
[76518489ms] [WARNING] [.WebGL-0x1ff4033f1500] GL_INVALID_OPERATION: glDrawElements: Must have element array buffer bound. @ http://localhost:8080/:0
[76518535ms] [WARNING] [.WebGL-0x1ff4033f1500] GL_INVALID_OPERATION: glDrawElements: Must have element array buffer bound. @ http://localhost:8080/:0
[76518588ms] [WARNING] [.WebGL-0x1ff4033f1500] GL_INVALID_OPERATION: glDrawElements: Must have element array buffer bound. @ http://localhost:8080/:0
[76518633ms] [WARNING] [.WebGL-0x1ff4033f1500] GL_INVALID_OPERATION: glDrawElements: Must have element array buffer bound. @ http://localhost:8080/:0
[76518678ms] [WARNING] [.WebGL-0x1ff4033f1500] GL_INVALID_OPERATION: glDrawElements: Must have element array buffer bound. @ http://localhost:8080/:0
[76518718ms] [WARNING] [.WebGL-0x1ff4033f1500] GL_INVALID_OPERATION: glDrawElements: Must have element array buffer bound. @ http://localhost:8080/:0
[76518761ms] [WARNING] [.WebGL-0x1ff4033f1500] GL_INVALID_OPERATION: glDrawElements: Must have element array buffer bound. @ http://localhost:8080/:0
[76518803ms] [WARNING] [.WebGL-0x1ff4033f1500] GL_INVALID_OPERATION: glDrawElements: Must have element array buffer bound. @ http://localhost:8080/:0
[76518846ms] [WARNING] [.WebGL-0x1ff4033f1500] GL_INVALID_OPERATION: glDrawElements: Must have element array buffer bound. @ http://localhost:8080/:0
[76518887ms] [WARNING] [.WebGL-0x1ff4033f1500] GL_INVALID_OPERATION: glDrawElements: Must have element array buffer bound. @ http://localhost:8080/:0
[76518931ms] [WARNING] [.WebGL-0x1ff4033f1500] GL_INVALID_OPERATION: glDrawElements: Must have element array buffer bound. @ http://localhost:8080/:0
[76518971ms] [WARNING] [.WebGL-0x1ff4033f1500] GL_INVALID_OPERATION: glDrawElements: Must have element array buffer bound. @ http://localhost:8080/:0
[76519016ms] [WARNING] [.WebGL-0x1ff4033f1500] GL_INVALID_OPERATION: glDrawElements: Must have element array buffer bound. @ http://localhost:8080/:0
[76519059ms] [WARNING] [.WebGL-0x1ff4033f1500] GL_INVALID_OPERATION: glDrawElements: Must have element array buffer bound. @ http://localhost:8080/:0
[76519100ms] [WARNING] [.WebGL-0x1ff4033f1500] GL_INVALID_OPERATION: glDrawElements: Must have element array buffer bound. @ http://localhost:8080/:0
[76519139ms] [WARNING] [.WebGL-0x1ff4033f1500] GL_INVALID_OPERATION: glDrawElements: Must have element array buffer bound. @ http://localhost:8080/:0
[76519182ms] [WARNING] [.WebGL-0x1ff4033f1500] GL_INVALID_OPERATION: glDrawElements: Must have element array buffer bound. @ http://localhost:8080/:0
[76519224ms] [WARNING] [.WebGL-0x1ff4033f1500] GL_INVALID_OPERATION: glDrawElements: Must have element array buffer bound. @ http://localhost:8080/:0
[76519264ms] [WARNING] [.WebGL-0x1ff4033f1500] GL_INVALID_OPERATION: glDrawElements: Must have element array buffer bound. @ http://localhost:8080/:0
[76519305ms] [WARNING] [.WebGL-0x1ff4033f1500] GL_INVALID_OPERATION: glDrawElements: Must have element array buffer bound. @ http://localhost:8080/:0
[76519347ms] [WARNING] [.WebGL-0x1ff4033f1500] GL_INVALID_OPERATION: glDrawElements: Must have element array buffer bound. @ http://localhost:8080/:0
[76519394ms] [WARNING] [.WebGL-0x1ff4033f1500] GL_INVALID_OPERATION: glDrawElements: Must have element array buffer bound. @ http://localhost:8080/:0
[76519441ms] [WARNING] [.WebGL-0x1ff4033f1500] GL_INVALID_OPERATION: glDrawElements: Must have element array buffer bound. @ http://localhost:8080/:0
[76519487ms] [WARNING] [.WebGL-0x1ff4033f1500] GL_INVALID_OPERATION: glDrawElements: Must have element array buffer bound. @ http://localhost:8080/:0
[76519534ms] [WARNING] [.WebGL-0x1ff4033f1500] GL_INVALID_OPERATION: glDrawElements: Must have element array buffer bound. @ http://localhost:8080/:0
[76519578ms] [WARNING] [.WebGL-0x1ff4033f1500] GL_INVALID_OPERATION: glDrawElements: Must have element array buffer bound. @ http://localhost:8080/:0
[76519624ms] [WARNING] [.WebGL-0x1ff4033f1500] GL_INVALID_OPERATION: glDrawElements: Must have element array buffer bound. @ http://localhost:8080/:0
[76519664ms] [WARNING] [.WebGL-0x1ff4033f1500] GL_INVALID_OPERATION: glDrawElements: Must have element array buffer bound. @ http://localhost:8080/:0
[76519705ms] [WARNING] [.WebGL-0x1ff4033f1500] GL_INVALID_OPERATION: glDrawElements: Must have element array buffer bound. @ http://localhost:8080/:0
[76519745ms] [WARNING] [.WebGL-0x1ff4033f1500] GL_INVALID_OPERATION: glDrawElements: Must have element array buffer bound. @ http://localhost:8080/:0
[76519788ms] [WARNING] [.WebGL-0x1ff4033f1500] GL_INVALID_OPERATION: glDrawElements: Must have element array buffer bound. @ http://localhost:8080/:0
[76519842ms] [WARNING] [.WebGL-0x1ff4033f1500] GL_INVALID_OPERATION: glDrawElements: Must have element array buffer bound. @ http://localhost:8080/:0
[76519884ms] [WARNING] [.WebGL-0x1ff4033f1500] GL_INVALID_OPERATION: glDrawElements: Must have element array buffer bound. @ http://localhost:8080/:0
[76519927ms] [WARNING] [.WebGL-0x1ff4033f1500] GL_INVALID_OPERATION: glDrawElements: Must have element array buffer bound. @ http://localhost:8080/:0
[76519970ms] [WARNING] [.WebGL-0x1ff4033f1500] GL_INVALID_OPERATION: glDrawElements: Must have element array buffer bound. @ http://localhost:8080/:0
[76520013ms] [WARNING] [.WebGL-0x1ff4033f1500] GL_INVALID_OPERATION: glDrawElements: Must have element array buffer bound. @ http://localhost:8080/:0
[76520058ms] [WARNING] [.WebGL-0x1ff4033f1500] GL_INVALID_OPERATION: glDrawElements: Must have element array buffer bound. @ http://localhost:8080/:0
[76520103ms] [WARNING] [.WebGL-0x1ff4033f1500] GL_INVALID_OPERATION: glDrawElements: Must have element array buffer bound. @ http://localhost:8080/:0
[76520151ms] [WARNING] [.WebGL-0x1ff4033f1500] GL_INVALID_OPERATION: glDrawElements: Must have element array buffer bound. @ http://localhost:8080/:0
[76520202ms] [WARNING] [.WebGL-0x1ff4033f1500] GL_INVALID_OPERATION: glDrawElements: Must have element array buffer bound. @ http://localhost:8080/:0
[76520247ms] [WARNING] [.WebGL-0x1ff4033f1500] GL_INVALID_OPERATION: glDrawElements: Must have element array buffer bound. @ http://localhost:8080/:0
[76520291ms] [WARNING] [.WebGL-0x1ff4033f1500] GL_INVALID_OPERATION: glDrawElements: Must have element array buffer bound. @ http://localhost:8080/:0
[76520333ms] [WARNING] [.WebGL-0x1ff4033f1500] GL_INVALID_OPERATION: glDrawElements: Must have element array buffer bound. @ http://localhost:8080/:0
[76520380ms] [WARNING] [.WebGL-0x1ff4033f1500] GL_INVALID_OPERATION: glDrawElements: Must have element array buffer bound. @ http://localhost:8080/:0
[76520423ms] [WARNING] [.WebGL-0x1ff4033f1500] GL_INVALID_OPERATION: glDrawElements: Must have element array buffer bound. @ http://localhost:8080/:0
[76520467ms] [WARNING] [.WebGL-0x1ff4033f1500] GL_INVALID_OPERATION: glDrawElements: Must have element array buffer bound. @ http://localhost:8080/:0
[76520510ms] [WARNING] [.WebGL-0x1ff4033f1500] GL_INVALID_OPERATION: glDrawElements: Must have element array buffer bound. @ http://localhost:8080/:0
[76520553ms] [WARNING] [.WebGL-0x1ff4033f1500] GL_INVALID_OPERATION: glDrawElements: Must have element array buffer bound. @ http://localhost:8080/:0
[76520596ms] [WARNING] [.WebGL-0x1ff4033f1500] GL_INVALID_OPERATION: glDrawElements: Must have element array buffer bound. @ http://localhost:8080/:0
[76520637ms] [WARNING] [.WebGL-0x1ff4033f1500] GL_INVALID_OPERATION: glDrawElements: Must have element array buffer bound. @ http://localhost:8080/:0
[76520679ms] [WARNING] [.WebGL-0x1ff4033f1500] GL_INVALID_OPERATION: glDrawElements: Must have element array buffer bound. @ http://localhost:8080/:0
[76520728ms] [WARNING] [.WebGL-0x1ff4033f1500] GL_INVALID_OPERATION: glDrawElements: Must have element array buffer bound. @ http://localhost:8080/:0
[76520772ms] [WARNING] [.WebGL-0x1ff4033f1500] GL_INVALID_OPERATION: glDrawElements: Must have element array buffer bound. @ http://localhost:8080/:0
[76520816ms] [WARNING] [.WebGL-0x1ff4033f1500] GL_INVALID_OPERATION: glDrawElements: Must have element array buffer bound. @ http://localhost:8080/:0
[76520860ms] [WARNING] [.WebGL-0x1ff4033f1500] GL_INVALID_OPERATION: glDrawElements: Must have element array buffer bound. @ http://localhost:8080/:0
[76520903ms] [WARNING] [.WebGL-0x1ff4033f1500] GL_INVALID_OPERATION: glDrawElements: Must have element array buffer bound. @ http://localhost:8080/:0
[76520944ms] [WARNING] [.WebGL-0x1ff4033f1500] GL_INVALID_OPERATION: glDrawElements: Must have element array buffer bound. @ http://localhost:8080/:0
[76520988ms] [WARNING] [.WebGL-0x1ff4033f1500] GL_INVALID_OPERATION: glDrawElements: Must have element array buffer bound. @ http://localhost:8080/:0
[76521030ms] [WARNING] [.WebGL-0x1ff4033f1500] GL_INVALID_OPERATION: glDrawElements: Must have element array buffer bound. @ http://localhost:8080/:0
[76521078ms] [WARNING] [.WebGL-0x1ff4033f1500] GL_INVALID_OPERATION: glDrawElements: Must have element array buffer bound. @ http://localhost:8080/:0
[76521121ms] [WARNING] [.WebGL-0x1ff4033f1500] GL_INVALID_OPERATION: glDrawElements: Must have element array buffer bound. @ http://localhost:8080/:0
[76521164ms] [WARNING] [.WebGL-0x1ff4033f1500] GL_INVALID_OPERATION: glDrawElements: Must have element array buffer bound. @ http://localhost:8080/:0
[76521206ms] [WARNING] [.WebGL-0x1ff4033f1500] GL_INVALID_OPERATION: glDrawElements: Must have element array buffer bound. @ http://localhost:8080/:0
[76521249ms] [WARNING] [.WebGL-0x1ff4033f1500] GL_INVALID_OPERATION: glDrawElements: Must have element array buffer bound. @ http://localhost:8080/:0
[76521293ms] [WARNING] [.WebGL-0x1ff4033f1500] GL_INVALID_OPERATION: glDrawElements: Must have element array buffer bound. @ http://localhost:8080/:0
[76521346ms] [WARNING] [.WebGL-0x1ff4033f1500] GL_INVALID_OPERATION: glDrawElements: Must have element array buffer bound. @ http://localhost:8080/:0
[76521402ms] [WARNING] [.WebGL-0x1ff4033f1500] GL_INVALID_OPERATION: glDrawElements: Must have element array buffer bound. @ http://localhost:8080/:0
[76521461ms] [WARNING] [.WebGL-0x1ff4033f1500] GL_INVALID_OPERATION: glDrawElements: Must have element array buffer bound. @ http://localhost:8080/:0
[76521505ms] [WARNING] [.WebGL-0x1ff4033f1500] GL_INVALID_OPERATION: glDrawElements: Must have element array buffer bound. @ http://localhost:8080/:0
[76521547ms] [WARNING] [.WebGL-0x1ff4033f1500] GL_INVALID_OPERATION: glDrawElements: Must have element array buffer bound. @ http://localhost:8080/:0
[76521587ms] [WARNING] [.WebGL-0x1ff4033f1500] GL_INVALID_OPERATION: glDrawElements: Must have element array buffer bound. @ http://localhost:8080/:0
[76521630ms] [WARNING] [.WebGL-0x1ff4033f1500] GL_INVALID_OPERATION: glDrawElements: Must have element array buffer bound. @ http://localhost:8080/:0
[76521674ms] [WARNING] [.WebGL-0x1ff4033f1500] GL_INVALID_OPERATION: glDrawElements: Must have element array buffer bound. @ http://localhost:8080/:0
[76521716ms] [WARNING] [.WebGL-0x1ff4033f1500] GL_INVALID_OPERATION: glDrawElements: Must have element array buffer bound. @ http://localhost:8080/:0
[76521762ms] [WARNING] [.WebGL-0x1ff4033f1500] GL_INVALID_OPERATION: glDrawElements: Must have element array buffer bound. @ http://localhost:8080/:0
[76521808ms] [WARNING] [.WebGL-0x1ff4033f1500] GL_INVALID_OPERATION: glDrawElements: Must have element array buffer bound. @ http://localhost:8080/:0
[76521855ms] [WARNING] [.WebGL-0x1ff4033f1500] GL_INVALID_OPERATION: glDrawElements: Must have element array buffer bound. @ http://localhost:8080/:0
[76521903ms] [WARNING] [.WebGL-0x1ff4033f1500] GL_INVALID_OPERATION: glDrawElements: Must have element array buffer bound. @ http://localhost:8080/:0
[76521951ms] [WARNING] [.WebGL-0x1ff4033f1500] GL_INVALID_OPERATION: glDrawElements: Must have element array buffer bound. @ http://localhost:8080/:0
[76521999ms] [WARNING] [.WebGL-0x1ff4033f1500] GL_INVALID_OPERATION: glDrawElements: Must have element array buffer bound. @ http://localhost:8080/:0
[76522042ms] [WARNING] [.WebGL-0x1ff4033f1500] GL_INVALID_OPERATION: glDrawElements: Must have element array buffer bound. @ http://localhost:8080/:0
[76522084ms] [WARNING] [.WebGL-0x1ff4033f1500] GL_INVALID_OPERATION: glDrawElements: Must have element array buffer bound. @ http://localhost:8080/:0
[76522131ms] [WARNING] [.WebGL-0x1ff4033f1500] GL_INVALID_OPERATION: glDrawElements: Must have element array buffer bound. @ http://localhost:8080/:0
[76522178ms] [WARNING] [.WebGL-0x1ff4033f1500] GL_INVALID_OPERATION: glDrawElements: Must have element array buffer bound. @ http://localhost:8080/:0
[76522228ms] [WARNING] [.WebGL-0x1ff4033f1500] GL_INVALID_OPERATION: glDrawElements: Must have element array buffer bound. @ http://localhost:8080/:0
[76522269ms] [WARNING] [.WebGL-0x1ff4033f1500] GL_INVALID_OPERATION: glDrawElements: Must have element array buffer bound. @ http://localhost:8080/:0
[76522317ms] [WARNING] [.WebGL-0x1ff4033f1500] GL_INVALID_OPERATION: glDrawElements: Must have element array buffer bound. @ http://localhost:8080/:0
[76522364ms] [WARNING] [.WebGL-0x1ff4033f1500] GL_INVALID_OPERATION: glDrawElements: Must have element array buffer bound. @ http://localhost:8080/:0
[76522416ms] [WARNING] [.WebGL-0x1ff4033f1500] GL_INVALID_OPERATION: glDrawElements: Must have element array buffer bound. @ http://localhost:8080/:0
[76522465ms] [WARNING] [.WebGL-0x1ff4033f1500] GL_INVALID_OPERATION: glDrawElements: Must have element array buffer bound. @ http://localhost:8080/:0
[76522512ms] [WARNING] [.WebGL-0x1ff4033f1500] GL_INVALID_OPERATION: glDrawElements: Must have element array buffer bound. @ http://localhost:8080/:0
[76522560ms] [WARNING] [.WebGL-0x1ff4033f1500] GL_INVALID_OPERATION: glDrawElements: Must have element array buffer bound. @ http://localhost:8080/:0
[76522603ms] [WARNING] [.WebGL-0x1ff4033f1500] GL_INVALID_OPERATION: glDrawElements: Must have element array buffer bound. @ http://localhost:8080/:0
[76522646ms] [WARNING] [.WebGL-0x1ff4033f1500] GL_INVALID_OPERATION: glDrawElements: Must have element array buffer bound. @ http://localhost:8080/:0
[76522691ms] [WARNING] [.WebGL-0x1ff4033f1500] GL_INVALID_OPERATION: glDrawElements: Must have element array buffer bound. @ http://localhost:8080/:0
[76522738ms] [WARNING] [.WebGL-0x1ff4033f1500] GL_INVALID_OPERATION: glDrawElements: Must have element array buffer bound. @ http://localhost:8080/:0
[76522783ms] [WARNING] [.WebGL-0x1ff4033f1500] GL_INVALID_OPERATION: glDrawElements: Must have element array buffer bound. @ http://localhost:8080/:0
[76522826ms] [WARNING] [.WebGL-0x1ff4033f1500] GL_INVALID_OPERATION: glDrawElements: Must have element array buffer bound. @ http://localhost:8080/:0
[76522867ms] [WARNING] [.WebGL-0x1ff4033f1500] GL_INVALID_OPERATION: glDrawElements: Must have element array buffer bound. @ http://localhost:8080/:0
[76522911ms] [WARNING] [.WebGL-0x1ff4033f1500] GL_INVALID_OPERATION: glDrawElements: Must have element array buffer bound. @ http://localhost:8080/:0
[76522956ms] [WARNING] [.WebGL-0x1ff4033f1500] GL_INVALID_OPERATION: glDrawElements: Must have element array buffer bound. @ http://localhost:8080/:0
[76522999ms] [WARNING] [.WebGL-0x1ff4033f1500] GL_INVALID_OPERATION: glDrawElements: Must have element array buffer bound. @ http://localhost:8080/:0
[76523049ms] [WARNING] [.WebGL-0x1ff4033f1500] GL_INVALID_OPERATION: glDrawElements: Must have element array buffer bound. @ http://localhost:8080/:0
[76523095ms] [WARNING] [.WebGL-0x1ff4033f1500] GL_INVALID_OPERATION: glDrawElements: Must have element array buffer bound. @ http://localhost:8080/:0
[76523142ms] [WARNING] [.WebGL-0x1ff4033f1500] GL_INVALID_OPERATION: glDrawElements: Must have element array buffer bound. @ http://localhost:8080/:0
[76523186ms] [WARNING] [.WebGL-0x1ff4033f1500] GL_INVALID_OPERATION: glDrawElements: Must have element array buffer bound. @ http://localhost:8080/:0
[76523230ms] [WARNING] [.WebGL-0x1ff4033f1500] GL_INVALID_OPERATION: glDrawElements: Must have element array buffer bound. @ http://localhost:8080/:0
[76523274ms] [WARNING] [.WebGL-0x1ff4033f1500] GL_INVALID_OPERATION: glDrawElements: Must have element array buffer bound. @ http://localhost:8080/:0
[76523321ms] [WARNING] [.WebGL-0x1ff4033f1500] GL_INVALID_OPERATION: glDrawElements: Must have element array buffer bound. @ http://localhost:8080/:0
[76523366ms] [WARNING] [.WebGL-0x1ff4033f1500] GL_INVALID_OPERATION: glDrawElements: Must have element array buffer bound. @ http://localhost:8080/:0
[76523417ms] [WARNING] [.WebGL-0x1ff4033f1500] GL_INVALID_OPERATION: glDrawElements: Must have element array buffer bound. @ http://localhost:8080/:0
[76523465ms] [WARNING] [.WebGL-0x1ff4033f1500] GL_INVALID_OPERATION: glDrawElements: Must have element array buffer bound. @ http://localhost:8080/:0
[76523515ms] [WARNING] [.WebGL-0x1ff4033f1500] GL_INVALID_OPERATION: glDrawElements: Must have element array buffer bound. @ http://localhost:8080/:0
[76523560ms] [WARNING] [.WebGL-0x1ff4033f1500] GL_INVALID_OPERATION: glDrawElements: Must have element array buffer bound. @ http://localhost:8080/:0
[76523603ms] [WARNING] [.WebGL-0x1ff4033f1500] GL_INVALID_OPERATION: glDrawElements: Must have element array buffer bound. @ http://localhost:8080/:0
[76523645ms] [WARNING] [.WebGL-0x1ff4033f1500] GL_INVALID_OPERATION: glDrawElements: Must have element array buffer bound. @ http://localhost:8080/:0
[76523694ms] [WARNING] [.WebGL-0x1ff4033f1500] GL_INVALID_OPERATION: glDrawElements: Must have element array buffer bound. @ http://localhost:8080/:0
[76523744ms] [WARNING] [.WebGL-0x1ff4033f1500] GL_INVALID_OPERATION: glDrawElements: Must have element array buffer bound. @ http://localhost:8080/:0
[76523870ms] [WARNING] [.WebGL-0x1ff4033f1500] GL_INVALID_OPERATION: glDrawElements: Must have element array buffer bound. @ http://localhost:8080/:0
[76523917ms] [WARNING] [.WebGL-0x1ff4033f1500] GL_INVALID_OPERATION: glDrawElements: Must have element array buffer bound. @ http://localhost:8080/:0
[76523960ms] [WARNING] [.WebGL-0x1ff4033f1500] GL_INVALID_OPERATION: glDrawElements: Must have element array buffer bound. @ http://localhost:8080/:0
[76524000ms] [WARNING] [.WebGL-0x1ff4033f1500] GL_INVALID_OPERATION: glDrawElements: Must have element array buffer bound. @ http://localhost:8080/:0
[76524041ms] [WARNING] [.WebGL-0x1ff4033f1500] GL_INVALID_OPERATION: glDrawElements: Must have element array buffer bound. @ http://localhost:8080/:0
[76524079ms] [WARNING] [.WebGL-0x1ff4033f1500] GL_INVALID_OPERATION: glDrawElements: Must have element array buffer bound. @ http://localhost:8080/:0
[76524117ms] [WARNING] [.WebGL-0x1ff4033f1500] GL_INVALID_OPERATION: glDrawElements: Must have element array buffer bound. @ http://localhost:8080/:0
[76524160ms] [WARNING] [.WebGL-0x1ff4033f1500] GL_INVALID_OPERATION: glDrawElements: Must have element array buffer bound. @ http://localhost:8080/:0
[76524211ms] [WARNING] [.WebGL-0x1ff4033f1500] GL_INVALID_OPERATION: glDrawElements: Must have element array buffer bound. @ http://localhost:8080/:0
[76524262ms] [WARNING] [.WebGL-0x1ff4033f1500] GL_INVALID_OPERATION: glDrawElements: Must have element array buffer bound. @ http://localhost:8080/:0
[76524343ms] [WARNING] [.WebGL-0x1ff4033f1500] GL_INVALID_OPERATION: glDrawElements: Must have element array buffer bound. @ http://localhost:8080/:0
[76524403ms] [WARNING] [.WebGL-0x1ff4033f1500] GL_INVALID_OPERATION: glDrawElements: Must have element array buffer bound. @ http://localhost:8080/:0
[76524454ms] [WARNING] [.WebGL-0x1ff4033f1500] GL_INVALID_OPERATION: glDrawElements: Must have element array buffer bound. @ http://localhost:8080/:0
[76524505ms] [WARNING] [.WebGL-0x1ff4033f1500] GL_INVALID_OPERATION: glDrawElements: Must have element array buffer bound. @ http://localhost:8080/:0
[76524562ms] [WARNING] [.WebGL-0x1ff4033f1500] GL_INVALID_OPERATION: glDrawElements: Must have element array buffer bound. @ http://localhost:8080/:0
[76524612ms] [WARNING] [.WebGL-0x1ff4033f1500] GL_INVALID_OPERATION: glDrawElements: Must have element array buffer bound. @ http://localhost:8080/:0
[76524657ms] [WARNING] [.WebGL-0x1ff4033f1500] GL_INVALID_OPERATION: glDrawElements: Must have element array buffer bound. @ http://localhost:8080/:0
[76524700ms] [WARNING] [.WebGL-0x1ff4033f1500] GL_INVALID_OPERATION: glDrawElements: Must have element array buffer bound. @ http://localhost:8080/:0
[76524744ms] [WARNING] [.WebGL-0x1ff4033f1500] GL_INVALID_OPERATION: glDrawElements: Must have element array buffer bound. @ http://localhost:8080/:0
[76524786ms] [WARNING] [.WebGL-0x1ff4033f1500] GL_INVALID_OPERATION: glDrawElements: Must have element array buffer bound. @ http://localhost:8080/:0
[76524829ms] [WARNING] [.WebGL-0x1ff4033f1500] GL_INVALID_OPERATION: glDrawElements: Must have element array buffer bound. @ http://localhost:8080/:0
[76524871ms] [WARNING] [.WebGL-0x1ff4033f1500] GL_INVALID_OPERATION: glDrawElements: Must have element array buffer bound. @ http://localhost:8080/:0
[76524915ms] [WARNING] [.WebGL-0x1ff4033f1500] GL_INVALID_OPERATION: glDrawElements: Must have element array buffer bound. @ http://localhost:8080/:0
[76524960ms] [WARNING] [.WebGL-0x1ff4033f1500] GL_INVALID_OPERATION: glDrawElements: Must have element array buffer bound. @ http://localhost:8080/:0
[76525001ms] [WARNING] [.WebGL-0x1ff4033f1500] GL_INVALID_OPERATION: glDrawElements: Must have element array buffer bound. @ http://localhost:8080/:0
[76525044ms] [WARNING] [.WebGL-0x1ff4033f1500] GL_INVALID_OPERATION: glDrawElements: Must have element array buffer bound. @ http://localhost:8080/:0
[76525088ms] [WARNING] [.WebGL-0x1ff4033f1500] GL_INVALID_OPERATION: glDrawElements: Must have element array buffer bound. @ http://localhost:8080/:0
[76525134ms] [WARNING] [.WebGL-0x1ff4033f1500] GL_INVALID_OPERATION: glDrawElements: Must have element array buffer bound. @ http://localhost:8080/:0
[76525179ms] [WARNING] [.WebGL-0x1ff4033f1500] GL_INVALID_OPERATION: glDrawElements: Must have element array buffer bound. @ http://localhost:8080/:0
[76525239ms] [WARNING] [.WebGL-0x1ff4033f1500] GL_INVALID_OPERATION: glDrawElements: Must have element array buffer bound. @ http://localhost:8080/:0
[76525288ms] [WARNING] [.WebGL-0x1ff4033f1500] GL_INVALID_OPERATION: glDrawElements: Must have element array buffer bound. @ http://localhost:8080/:0
[76525338ms] [WARNING] [.WebGL-0x1ff4033f1500] GL_INVALID_OPERATION: glDrawElements: Must have element array buffer bound. @ http://localhost:8080/:0
[76525395ms] [WARNING] [.WebGL-0x1ff4033f1500] GL_INVALID_OPERATION: glDrawElements: Must have element array buffer bound. @ http://localhost:8080/:0
[76525444ms] [WARNING] [.WebGL-0x1ff4033f1500] GL_INVALID_OPERATION: glDrawElements: Must have element array buffer bound. @ http://localhost:8080/:0
[76525497ms] [WARNING] [.WebGL-0x1ff4033f1500] GL_INVALID_OPERATION: glDrawElements: Must have element array buffer bound. @ http://localhost:8080/:0
[76525544ms] [WARNING] [.WebGL-0x1ff4033f1500] GL_INVALID_OPERATION: glDrawElements: Must have element array buffer bound. @ http://localhost:8080/:0
[76525592ms] [WARNING] [.WebGL-0x1ff4033f1500] GL_INVALID_OPERATION: glDrawElements: Must have element array buffer bound. @ http://localhost:8080/:0
[76525640ms] [WARNING] [.WebGL-0x1ff4033f1500] GL_INVALID_OPERATION: glDrawElements: Must have element array buffer bound. @ http://localhost:8080/:0
[76525690ms] [WARNING] [.WebGL-0x1ff4033f1500] GL_INVALID_OPERATION: glDrawElements: Must have element array buffer bound. @ http://localhost:8080/:0
[76525739ms] [WARNING] [.WebGL-0x1ff4033f1500] GL_INVALID_OPERATION: glDrawElements: Must have element array buffer bound. @ http://localhost:8080/:0
[76525787ms] [WARNING] [.WebGL-0x1ff4033f1500] GL_INVALID_OPERATION: glDrawElements: Must have element array buffer bound. @ http://localhost:8080/:0
[76525844ms] [WARNING] [.WebGL-0x1ff4033f1500] GL_INVALID_OPERATION: glDrawElements: Must have element array buffer bound. @ http://localhost:8080/:0
[76525891ms] [WARNING] [.WebGL-0x1ff4033f1500] GL_INVALID_OPERATION: glDrawElements: Must have element array buffer bound. @ http://localhost:8080/:0
[76525937ms] [WARNING] [.WebGL-0x1ff4033f1500] GL_INVALID_OPERATION: glDrawElements: Must have element array buffer bound. @ http://localhost:8080/:0
[76525989ms] [WARNING] [.WebGL-0x1ff4033f1500] GL_INVALID_OPERATION: glDrawElements: Must have element array buffer bound. @ http://localhost:8080/:0
[76526052ms] [WARNING] [.WebGL-0x1ff4033f1500] GL_INVALID_OPERATION: glDrawElements: Must have element array buffer bound. @ http://localhost:8080/:0
[76526108ms] [WARNING] [.WebGL-0x1ff4033f1500] GL_INVALID_OPERATION: glDrawElements: Must have element array buffer bound. @ http://localhost:8080/:0
[76526164ms] [WARNING] [.WebGL-0x1ff4033f1500] GL_INVALID_OPERATION: glDrawElements: Must have element array buffer bound. @ http://localhost:8080/:0
[76526229ms] [WARNING] [.WebGL-0x1ff4033f1500] GL_INVALID_OPERATION: glDrawElements: Must have element array buffer bound. @ http://localhost:8080/:0
[76526288ms] [WARNING] [.WebGL-0x1ff4033f1500] GL_INVALID_OPERATION: glDrawElements: Must have element array buffer bound. @ http://localhost:8080/:0
[76526357ms] [WARNING] [.WebGL-0x1ff4033f1500] GL_INVALID_OPERATION: glDrawElements: Must have element array buffer bound. @ http://localhost:8080/:0
[76526422ms] [WARNING] [.WebGL-0x1ff4033f1500] GL_INVALID_OPERATION: glDrawElements: Must have element array buffer bound. @ http://localhost:8080/:0
[76526493ms] [WARNING] [.WebGL-0x1ff4033f1500] GL_INVALID_OPERATION: glDrawElements: Must have element array buffer bound. @ http://localhost:8080/:0
[76526551ms] [WARNING] [.WebGL-0x1ff4033f1500] GL_INVALID_OPERATION: glDrawElements: Must have element array buffer bound. @ http://localhost:8080/:0
[76526612ms] [WARNING] [.WebGL-0x1ff4033f1500] GL_INVALID_OPERATION: glDrawElements: Must have element array buffer bound. @ http://localhost:8080/:0
[76526676ms] [WARNING] [.WebGL-0x1ff4033f1500] GL_INVALID_OPERATION: glDrawElements: Must have element array buffer bound. @ http://localhost:8080/:0
[76526736ms] [WARNING] [.WebGL-0x1ff4033f1500] GL_INVALID_OPERATION: glDrawElements: Must have element array buffer bound. @ http://localhost:8080/:0
[76526786ms] [WARNING] [.WebGL-0x1ff4033f1500] GL_INVALID_OPERATION: glDrawElements: Must have element array buffer bound. @ http://localhost:8080/:0
[76526844ms] [WARNING] [.WebGL-0x1ff4033f1500] GL_INVALID_OPERATION: glDrawElements: Must have element array buffer bound. @ http://localhost:8080/:0
[76526899ms] [WARNING] [.WebGL-0x1ff4033f1500] GL_INVALID_OPERATION: glDrawElements: Must have element array buffer bound. @ http://localhost:8080/:0
[76526950ms] [WARNING] [.WebGL-0x1ff4033f1500] GL_INVALID_OPERATION: glDrawElements: Must have element array buffer bound. @ http://localhost:8080/:0
[76527004ms] [WARNING] [.WebGL-0x1ff4033f1500] GL_INVALID_OPERATION: glDrawElements: Must have element array buffer bound. @ http://localhost:8080/:0
[76527061ms] [WARNING] [.WebGL-0x1ff4033f1500] GL_INVALID_OPERATION: glDrawElements: Must have element array buffer bound. @ http://localhost:8080/:0
[76527122ms] [WARNING] [.WebGL-0x1ff4033f1500] GL_INVALID_OPERATION: glDrawElements: Must have element array buffer bound. @ http://localhost:8080/:0
[76527174ms] [WARNING] [.WebGL-0x1ff4033f1500] GL_INVALID_OPERATION: glDrawElements: Must have element array buffer bound. @ http://localhost:8080/:0
[76527228ms] [WARNING] [.WebGL-0x1ff4033f1500] GL_INVALID_OPERATION: glDrawElements: Must have element array buffer bound. @ http://localhost:8080/:0
[76527279ms] [WARNING] [.WebGL-0x1ff4033f1500] GL_INVALID_OPERATION: glDrawElements: Must have element array buffer bound. @ http://localhost:8080/:0
[76527333ms] [WARNING] [.WebGL-0x1ff4033f1500] GL_INVALID_OPERATION: glDrawElements: Must have element array buffer bound. @ http://localhost:8080/:0
[76527387ms] [WARNING] [.WebGL-0x1ff4033f1500] GL_INVALID_OPERATION: glDrawElements: Must have element array buffer bound. @ http://localhost:8080/:0
[76527440ms] [WARNING] [.WebGL-0x1ff4033f1500] GL_INVALID_OPERATION: glDrawElements: Must have element array buffer bound. @ http://localhost:8080/:0
[76527497ms] [WARNING] [.WebGL-0x1ff4033f1500] GL_INVALID_OPERATION: glDrawElements: Must have element array buffer bound. @ http://localhost:8080/:0
[76527548ms] [WARNING] [.WebGL-0x1ff4033f1500] GL_INVALID_OPERATION: glDrawElements: Must have element array buffer bound. @ http://localhost:8080/:0
[76527595ms] [WARNING] [.WebGL-0x1ff4033f1500] GL_INVALID_OPERATION: glDrawElements: Must have element array buffer bound. @ http://localhost:8080/:0
[76527645ms] [WARNING] [.WebGL-0x1ff4033f1500] GL_INVALID_OPERATION: glDrawElements: Must have element array buffer bound. @ http://localhost:8080/:0
[76527697ms] [WARNING] [.WebGL-0x1ff4033f1500] GL_INVALID_OPERATION: glDrawElements: Must have element array buffer bound. @ http://localhost:8080/:0
[76527749ms] [WARNING] [.WebGL-0x1ff4033f1500] GL_INVALID_OPERATION: glDrawElements: Must have element array buffer bound. @ http://localhost:8080/:0
[76527799ms] [WARNING] [.WebGL-0x1ff4033f1500] GL_INVALID_OPERATION: glDrawElements: Must have element array buffer bound. @ http://localhost:8080/:0
[76527849ms] [WARNING] [.WebGL-0x1ff4033f1500] GL_INVALID_OPERATION: glDrawElements: Must have element array buffer bound. @ http://localhost:8080/:0
[76527906ms] [WARNING] [.WebGL-0x1ff4033f1500] GL_INVALID_OPERATION: glDrawElements: Must have element array buffer bound. @ http://localhost:8080/:0
[76527954ms] [WARNING] [.WebGL-0x1ff4033f1500] GL_INVALID_OPERATION: glDrawElements: Must have element array buffer bound. @ http://localhost:8080/:0
[76528003ms] [WARNING] [.WebGL-0x1ff4033f1500] GL_INVALID_OPERATION: glDrawElements: Must have element array buffer bound. @ http://localhost:8080/:0
[76528051ms] [WARNING] [.WebGL-0x1ff4033f1500] GL_INVALID_OPERATION: glDrawElements: Must have element array buffer bound. @ http://localhost:8080/:0
[76528099ms] [WARNING] [.WebGL-0x1ff4033f1500] GL_INVALID_OPERATION: glDrawElements: Must have element array buffer bound. @ http://localhost:8080/:0
[76528149ms] [WARNING] [.WebGL-0x1ff4033f1500] GL_INVALID_OPERATION: glDrawElements: Must have element array buffer bound. @ http://localhost:8080/:0
[76528194ms] [WARNING] [.WebGL-0x1ff4033f1500] GL_INVALID_OPERATION: glDrawElements: Must have element array buffer bound. @ http://localhost:8080/:0
[76528240ms] [WARNING] [.WebGL-0x1ff4033f1500] GL_INVALID_OPERATION: glDrawElements: Must have element array buffer bound. @ http://localhost:8080/:0
[76528287ms] [WARNING] [.WebGL-0x1ff4033f1500] GL_INVALID_OPERATION: glDrawElements: Must have element array buffer bound. @ http://localhost:8080/:0
[76528337ms] [WARNING] [.WebGL-0x1ff4033f1500] GL_INVALID_OPERATION: glDrawElements: Must have element array buffer bound. @ http://localhost:8080/:0
[76528382ms] [WARNING] [.WebGL-0x1ff4033f1500] GL_INVALID_OPERATION: glDrawElements: Must have element array buffer bound. @ http://localhost:8080/:0
[76528429ms] [WARNING] [.WebGL-0x1ff4033f1500] GL_INVALID_OPERATION: glDrawElements: Must have element array buffer bound. @ http://localhost:8080/:0
[76528474ms] [WARNING] [.WebGL-0x1ff4033f1500] GL_INVALID_OPERATION: glDrawElements: Must have element array buffer bound. @ http://localhost:8080/:0
[76528520ms] [WARNING] [.WebGL-0x1ff4033f1500] GL_INVALID_OPERATION: glDrawElements: Must have element array buffer bound. @ http://localhost:8080/:0
[76528564ms] [WARNING] [.WebGL-0x1ff4033f1500] GL_INVALID_OPERATION: glDrawElements: Must have element array buffer bound. @ http://localhost:8080/:0
[76528608ms] [WARNING] [.WebGL-0x1ff4033f1500] GL_INVALID_OPERATION: glDrawElements: Must have element array buffer bound. @ http://localhost:8080/:0
[76528657ms] [WARNING] [.WebGL-0x1ff4033f1500] GL_INVALID_OPERATION: glDrawElements: Must have element array buffer bound. @ http://localhost:8080/:0
[76528701ms] [WARNING] [.WebGL-0x1ff4033f1500] GL_INVALID_OPERATION: glDrawElements: Must have element array buffer bound. @ http://localhost:8080/:0
[76528747ms] [WARNING] [.WebGL-0x1ff4033f1500] GL_INVALID_OPERATION: glDrawElements: Must have element array buffer bound. @ http://localhost:8080/:0
[76528791ms] [WARNING] [.WebGL-0x1ff4033f1500] GL_INVALID_OPERATION: glDrawElements: Must have element array buffer bound. @ http://localhost:8080/:0
[76528836ms] [WARNING] [.WebGL-0x1ff4033f1500] GL_INVALID_OPERATION: glDrawElements: Must have element array buffer bound. @ http://localhost:8080/:0
[76528882ms] [WARNING] [.WebGL-0x1ff4033f1500] GL_INVALID_OPERATION: glDrawElements: Must have element array buffer bound. @ http://localhost:8080/:0
[76528928ms] [WARNING] [.WebGL-0x1ff4033f1500] GL_INVALID_OPERATION: glDrawElements: Must have element array buffer bound. @ http://localhost:8080/:0
[76528977ms] [WARNING] [.WebGL-0x1ff4033f1500] GL_INVALID_OPERATION: glDrawElements: Must have element array buffer bound. @ http://localhost:8080/:0
[76529017ms] [WARNING] [.WebGL-0x1ff4033f1500] GL_INVALID_OPERATION: glDrawElements: Must have element array buffer bound. @ http://localhost:8080/:0
[76529059ms] [WARNING] [.WebGL-0x1ff4033f1500] GL_INVALID_OPERATION: glDrawElements: Must have element array buffer bound. @ http://localhost:8080/:0
[76529098ms] [WARNING] [.WebGL-0x1ff4033f1500] GL_INVALID_OPERATION: glDrawElements: Must have element array buffer bound. @ http://localhost:8080/:0
[76529138ms] [WARNING] [.WebGL-0x1ff4033f1500] GL_INVALID_OPERATION: glDrawElements: Must have element array buffer bound. @ http://localhost:8080/:0
[76529176ms] [WARNING] [.WebGL-0x1ff4033f1500] GL_INVALID_OPERATION: glDrawElements: Must have element array buffer bound. @ http://localhost:8080/:0
[76529218ms] [WARNING] [.WebGL-0x1ff4033f1500] GL_INVALID_OPERATION: glDrawElements: Must have element array buffer bound. @ http://localhost:8080/:0
[76529258ms] [WARNING] [.WebGL-0x1ff4033f1500] GL_INVALID_OPERATION: glDrawElements: Must have element array buffer bound. @ http://localhost:8080/:0
[76529299ms] [WARNING] [.WebGL-0x1ff4033f1500] GL_INVALID_OPERATION: glDrawElements: Must have element array buffer bound. @ http://localhost:8080/:0
[76529342ms] [WARNING] [.WebGL-0x1ff4033f1500] GL_INVALID_OPERATION: glDrawElements: Must have element array buffer bound. @ http://localhost:8080/:0
[76529382ms] [WARNING] [.WebGL-0x1ff4033f1500] GL_INVALID_OPERATION: glDrawElements: Must have element array buffer bound. @ http://localhost:8080/:0
[76529424ms] [WARNING] [.WebGL-0x1ff4033f1500] GL_INVALID_OPERATION: glDrawElements: Must have element array buffer bound. @ http://localhost:8080/:0
[76529465ms] [WARNING] [.WebGL-0x1ff4033f1500] GL_INVALID_OPERATION: glDrawElements: Must have element array buffer bound. @ http://localhost:8080/:0
[76529510ms] [WARNING] [.WebGL-0x1ff4033f1500] GL_INVALID_OPERATION: glDrawElements: Must have element array buffer bound. @ http://localhost:8080/:0
[76529553ms] [WARNING] [.WebGL-0x1ff4033f1500] GL_INVALID_OPERATION: glDrawElements: Must have element array buffer bound. @ http://localhost:8080/:0
[76529595ms] [WARNING] [.WebGL-0x1ff4033f1500] GL_INVALID_OPERATION: glDrawElements: Must have element array buffer bound. @ http://localhost:8080/:0
[76529636ms] [WARNING] [.WebGL-0x1ff4033f1500] GL_INVALID_OPERATION: glDrawElements: Must have element array buffer bound. @ http://localhost:8080/:0
[76529677ms] [WARNING] [.WebGL-0x1ff4033f1500] GL_INVALID_OPERATION: glDrawElements: Must have element array buffer bound. @ http://localhost:8080/:0
[76529717ms] [WARNING] [.WebGL-0x1ff4033f1500] GL_INVALID_OPERATION: glDrawElements: Must have element array buffer bound. @ http://localhost:8080/:0
[76529717ms] [WARNING] WebGL: too many errors, no more errors will be reported to the console for this context. @ http://localhost:8080/:0
