[  479596ms] [WARNING] Failed to load env model crystal: Unable to load from models/env-crystal-v2.glb: Error in onSuccess callback: TypeError: Cannot read properties of undefined (reading '_currentLOD') @ http://localhost:5500/js/kart.js?v=78:298
[  479627ms] Uncaught TypeError: Cannot read properties of undefined (reading '_currentLOD')
    at e._prepareRenderingManager (https://cdn.babylonjs.com/babylon.js:0:1473870)
    at e.render (https://cdn.babylonjs.com/babylon.js:0:1470701)
    at t._renderToTarget (https://cdn.babylonjs.com/babylon.js:0:944126)
    at t._render (https://cdn.babylonjs.com/babylon.js:0:942773)
    at t.render (https://cdn.babylonjs.com/babylon.js:0:941741)
    at e._renderForCamera (https://cdn.babylonjs.com/babylon.js:0:2917619)
    at e._processSubCameras (https://cdn.babylonjs.com/babylon.js:0:2919674)
    at e.render (https://cdn.babylonjs.com/babylon.js:0:2927939)
    at renderScene (http://localhost:5500/js/graphics.js?v=78:1285:10)
    at animate (http://localhost:5500/js/main.js?v=78:377:2)
[  479665ms] Uncaught TypeError: Cannot read properties of undefined (reading '_currentLOD')
    at e._prepareRenderingManager (https://cdn.babylonjs.com/babylon.js:0:1473870)
    at e.render (https://cdn.babylonjs.com/babylon.js:0:1470701)
    at t._renderToTarget (https://cdn.babylonjs.com/babylon.js:0:944126)
    at t._render (https://cdn.babylonjs.com/babylon.js:0:942773)
    at t.render (https://cdn.babylonjs.com/babylon.js:0:941741)
    at e._renderForCamera (https://cdn.babylonjs.com/babylon.js:0:2917619)
    at e._processSubCameras (https://cdn.babylonjs.com/babylon.js:0:2919674)
    at e.render (https://cdn.babylonjs.com/babylon.js:0:2927939)
    at renderScene (http://localhost:5500/js/graphics.js?v=78:1285:10)
    at animate (http://localhost:5500/js/main.js?v=78:377:2)
[  479684ms] Uncaught TypeError: Cannot read properties of undefined (reading '_currentLOD')
    at e._prepareRenderingManager (https://cdn.babylonjs.com/babylon.js:0:1473870)
    at e.render (https://cdn.babylonjs.com/babylon.js:0:1470701)
    at t._renderToTarget (https://cdn.babylonjs.com/babylon.js:0:944126)
    at t._render (https://cdn.babylonjs.com/babylon.js:0:942773)
    at t.render (https://cdn.babylonjs.com/babylon.js:0:941741)
    at e._renderForCamera (https://cdn.babylonjs.com/babylon.js:0:2917619)
    at e._processSubCameras (https://cdn.babylonjs.com/babylon.js:0:2919674)
    at e.render (https://cdn.babylonjs.com/babylon.js:0:2927939)
    at renderScene (http://localhost:5500/js/graphics.js?v=78:1285:10)
    at animate (http://localhost:5500/js/main.js?v=78:377:2)
[  479697ms] Uncaught TypeError: Cannot read properties of undefined (reading '_currentLOD')
    at e._prepareRenderingManager (https://cdn.babylonjs.com/babylon.js:0:1473870)
    at e.render (https://cdn.babylonjs.com/babylon.js:0:1470701)
    at t._renderToTarget (https://cdn.babylonjs.com/babylon.js:0:944126)
    at t._render (https://cdn.babylonjs.com/babylon.js:0:942773)
    at t.render (https://cdn.babylonjs.com/babylon.js:0:941741)
    at e._renderForCamera (https://cdn.babylonjs.com/babylon.js:0:2917619)
    at e._processSubCameras (https://cdn.babylonjs.com/babylon.js:0:2919674)
    at e.render (https://cdn.babylonjs.com/babylon.js:0:2927939)
    at renderScene (http://localhost:5500/js/graphics.js?v=78:1285:10)
    at animate (http://localhost:5500/js/main.js?v=78:377:2)
[  479713ms] Uncaught TypeError: Cannot read properties of undefined (reading '_currentLOD')
    at e._prepareRenderingManager (https://cdn.babylonjs.com/babylon.js:0:1473870)
    at e.render (https://cdn.babylonjs.com/babylon.js:0:1470701)
    at t._renderToTarget (https://cdn.babylonjs.com/babylon.js:0:944126)
    at t._render (https://cdn.babylonjs.com/babylon.js:0:942773)
    at t.render (https://cdn.babylonjs.com/babylon.js:0:941741)
    at e._renderForCamera (https://cdn.babylonjs.com/babylon.js:0:2917619)
    at e._processSubCameras (https://cdn.babylonjs.com/babylon.js:0:2919674)
    at e.render (https://cdn.babylonjs.com/babylon.js:0:2927939)
    at renderScene (http://localhost:5500/js/graphics.js?v=78:1285:10)
    at animate (http://localhost:5500/js/main.js?v=78:377:2)
[  479726ms] Uncaught TypeError: Cannot read properties of undefined (reading '_currentLOD')
    at e._prepareRenderingManager (https://cdn.babylonjs.com/babylon.js:0:1473870)
    at e.render (https://cdn.babylonjs.com/babylon.js:0:1470701)
    at t._renderToTarget (https://cdn.babylonjs.com/babylon.js:0:944126)
    at t._render (https://cdn.babylonjs.com/babylon.js:0:942773)
    at t.render (https://cdn.babylonjs.com/babylon.js:0:941741)
    at e._renderForCamera (https://cdn.babylonjs.com/babylon.js:0:2917619)
    at e._processSubCameras (https://cdn.babylonjs.com/babylon.js:0:2919674)
    at e.render (https://cdn.babylonjs.com/babylon.js:0:2927939)
    at renderScene (http://localhost:5500/js/graphics.js?v=78:1285:10)
    at animate (http://localhost:5500/js/main.js?v=78:377:2)
[  479748ms] Uncaught TypeError: Cannot read properties of undefined (reading '_currentLOD')
    at e._prepareRenderingManager (https://cdn.babylonjs.com/babylon.js:0:1473870)
    at e.render (https://cdn.babylonjs.com/babylon.js:0:1470701)
    at t._renderToTarget (https://cdn.babylonjs.com/babylon.js:0:944126)
    at t._render (https://cdn.babylonjs.com/babylon.js:0:942773)
    at t.render (https://cdn.babylonjs.com/babylon.js:0:941741)
    at e._renderForCamera (https://cdn.babylonjs.com/babylon.js:0:2917619)
    at e._processSubCameras (https://cdn.babylonjs.com/babylon.js:0:2919674)
    at e.render (https://cdn.babylonjs.com/babylon.js:0:2927939)
    at renderScene (http://localhost:5500/js/graphics.js?v=78:1285:10)
    at animate (http://localhost:5500/js/main.js?v=78:377:2)
[  479762ms] Uncaught TypeError: Cannot read properties of undefined (reading '_currentLOD')
    at e._prepareRenderingManager (https://cdn.babylonjs.com/babylon.js:0:1473870)
    at e.render (https://cdn.babylonjs.com/babylon.js:0:1470701)
    at t._renderToTarget (https://cdn.babylonjs.com/babylon.js:0:944126)
    at t._render (https://cdn.babylonjs.com/babylon.js:0:942773)
    at t.render (https://cdn.babylonjs.com/babylon.js:0:941741)
    at e._renderForCamera (https://cdn.babylonjs.com/babylon.js:0:2917619)
    at e._processSubCameras (https://cdn.babylonjs.com/babylon.js:0:2919674)
    at e.render (https://cdn.babylonjs.com/babylon.js:0:2927939)
    at renderScene (http://localhost:5500/js/graphics.js?v=78:1285:10)
    at animate (http://localhost:5500/js/main.js?v=78:377:2)
[  479776ms] Uncaught TypeError: Cannot read properties of undefined (reading '_currentLOD')
    at e._prepareRenderingManager (https://cdn.babylonjs.com/babylon.js:0:1473870)
    at e.render (https://cdn.babylonjs.com/babylon.js:0:1470701)
    at t._renderToTarget (https://cdn.babylonjs.com/babylon.js:0:944126)
    at t._render (https://cdn.babylonjs.com/babylon.js:0:942773)
    at t.render (https://cdn.babylonjs.com/babylon.js:0:941741)
    at e._renderForCamera (https://cdn.babylonjs.com/babylon.js:0:2917619)
    at e._processSubCameras (https://cdn.babylonjs.com/babylon.js:0:2919674)
    at e.render (https://cdn.babylonjs.com/babylon.js:0:2927939)
    at renderScene (http://localhost:5500/js/graphics.js?v=78:1285:10)
    at animate (http://localhost:5500/js/main.js?v=78:377:2)
[  479794ms] Uncaught TypeError: Cannot read properties of undefined (reading '_currentLOD')
    at e._prepareRenderingManager (https://cdn.babylonjs.com/babylon.js:0:1473870)
    at e.render (https://cdn.babylonjs.com/babylon.js:0:1470701)
    at t._renderToTarget (https://cdn.babylonjs.com/babylon.js:0:944126)
    at t._render (https://cdn.babylonjs.com/babylon.js:0:942773)
    at t.render (https://cdn.babylonjs.com/babylon.js:0:941741)
    at e._renderForCamera (https://cdn.babylonjs.com/babylon.js:0:2917619)
    at e._processSubCameras (https://cdn.babylonjs.com/babylon.js:0:2919674)
    at e.render (https://cdn.babylonjs.com/babylon.js:0:2927939)
    at renderScene (http://localhost:5500/js/graphics.js?v=78:1285:10)
    at animate (http://localhost:5500/js/main.js?v=78:377:2)
[  479806ms] Uncaught TypeError: Cannot read properties of undefined (reading '_currentLOD')
    at e._prepareRenderingManager (https://cdn.babylonjs.com/babylon.js:0:1473870)
    at e.render (https://cdn.babylonjs.com/babylon.js:0:1470701)
    at t._renderToTarget (https://cdn.babylonjs.com/babylon.js:0:944126)
    at t._render (https://cdn.babylonjs.com/babylon.js:0:942773)
    at t.render (https://cdn.babylonjs.com/babylon.js:0:941741)
    at e._renderForCamera (https://cdn.babylonjs.com/babylon.js:0:2917619)
    at e._processSubCameras (https://cdn.babylonjs.com/babylon.js:0:2919674)
    at e.render (https://cdn.babylonjs.com/babylon.js:0:2927939)
    at renderScene (http://localhost:5500/js/graphics.js?v=78:1285:10)
    at animate (http://localhost:5500/js/main.js?v=78:377:2)
[  479843ms] Uncaught TypeError: Cannot read properties of undefined (reading '_currentLOD')
    at e._prepareRenderingManager (https://cdn.babylonjs.com/babylon.js:0:1473870)
    at e.render (https://cdn.babylonjs.com/babylon.js:0:1470701)
    at t._renderToTarget (https://cdn.babylonjs.com/babylon.js:0:944126)
    at t._render (https://cdn.babylonjs.com/babylon.js:0:942773)
    at t.render (https://cdn.babylonjs.com/babylon.js:0:941741)
    at e._renderForCamera (https://cdn.babylonjs.com/babylon.js:0:2917619)
    at e._processSubCameras (https://cdn.babylonjs.com/babylon.js:0:2919674)
    at e.render (https://cdn.babylonjs.com/babylon.js:0:2927939)
    at renderScene (http://localhost:5500/js/graphics.js?v=78:1285:10)
    at animate (http://localhost:5500/js/main.js?v=78:377:2)
[  479854ms] Uncaught TypeError: Cannot read properties of undefined (reading '_currentLOD')
    at e._prepareRenderingManager (https://cdn.babylonjs.com/babylon.js:0:1473870)
    at e.render (https://cdn.babylonjs.com/babylon.js:0:1470701)
    at t._renderToTarget (https://cdn.babylonjs.com/babylon.js:0:944126)
    at t._render (https://cdn.babylonjs.com/babylon.js:0:942773)
    at t.render (https://cdn.babylonjs.com/babylon.js:0:941741)
    at e._renderForCamera (https://cdn.babylonjs.com/babylon.js:0:2917619)
    at e._processSubCameras (https://cdn.babylonjs.com/babylon.js:0:2919674)
    at e.render (https://cdn.babylonjs.com/babylon.js:0:2927939)
    at renderScene (http://localhost:5500/js/graphics.js?v=78:1285:10)
    at animate (http://localhost:5500/js/main.js?v=78:377:2)
[  479869ms] Uncaught TypeError: Cannot read properties of undefined (reading '_currentLOD')
    at e._prepareRenderingManager (https://cdn.babylonjs.com/babylon.js:0:1473870)
    at e.render (https://cdn.babylonjs.com/babylon.js:0:1470701)
    at t._renderToTarget (https://cdn.babylonjs.com/babylon.js:0:944126)
    at t._render (https://cdn.babylonjs.com/babylon.js:0:942773)
    at t.render (https://cdn.babylonjs.com/babylon.js:0:941741)
    at e._renderForCamera (https://cdn.babylonjs.com/babylon.js:0:2917619)
    at e._processSubCameras (https://cdn.babylonjs.com/babylon.js:0:2919674)
    at e.render (https://cdn.babylonjs.com/babylon.js:0:2927939)
    at renderScene (http://localhost:5500/js/graphics.js?v=78:1285:10)
    at animate (http://localhost:5500/js/main.js?v=78:377:2)
[  479943ms] Uncaught TypeError: Cannot read properties of undefined (reading '_currentLOD')
    at e._prepareRenderingManager (https://cdn.babylonjs.com/babylon.js:0:1473870)
    at e.render (https://cdn.babylonjs.com/babylon.js:0:1470701)
    at t._renderToTarget (https://cdn.babylonjs.com/babylon.js:0:944126)
    at t._render (https://cdn.babylonjs.com/babylon.js:0:942773)
    at t.render (https://cdn.babylonjs.com/babylon.js:0:941741)
    at e._renderForCamera (https://cdn.babylonjs.com/babylon.js:0:2917619)
    at e._processSubCameras (https://cdn.babylonjs.com/babylon.js:0:2919674)
    at e.render (https://cdn.babylonjs.com/babylon.js:0:2927939)
    at renderScene (http://localhost:5500/js/graphics.js?v=78:1285:10)
    at animate (http://localhost:5500/js/main.js?v=78:377:2)
[  479944ms] Uncaught TypeError: Cannot read properties of undefined (reading '_currentLOD')
    at e._prepareRenderingManager (https://cdn.babylonjs.com/babylon.js:0:1473870)
    at e.render (https://cdn.babylonjs.com/babylon.js:0:1470701)
    at t._renderToTarget (https://cdn.babylonjs.com/babylon.js:0:944126)
    at t._render (https://cdn.babylonjs.com/babylon.js:0:942773)
    at t.render (https://cdn.babylonjs.com/babylon.js:0:941741)
    at e._renderForCamera (https://cdn.babylonjs.com/babylon.js:0:2917619)
    at e._processSubCameras (https://cdn.babylonjs.com/babylon.js:0:2919674)
    at e.render (https://cdn.babylonjs.com/babylon.js:0:2927939)
    at renderScene (http://localhost:5500/js/graphics.js?v=78:1285:10)
    at animate (http://localhost:5500/js/main.js?v=78:377:2)
[  479948ms] Uncaught TypeError: Cannot read properties of undefined (reading '_currentLOD')
    at e._prepareRenderingManager (https://cdn.babylonjs.com/babylon.js:0:1473870)
    at e.render (https://cdn.babylonjs.com/babylon.js:0:1470701)
    at t._renderToTarget (https://cdn.babylonjs.com/babylon.js:0:944126)
    at t._render (https://cdn.babylonjs.com/babylon.js:0:942773)
    at t.render (https://cdn.babylonjs.com/babylon.js:0:941741)
    at e._renderForCamera (https://cdn.babylonjs.com/babylon.js:0:2917619)
    at e._processSubCameras (https://cdn.babylonjs.com/babylon.js:0:2919674)
    at e.render (https://cdn.babylonjs.com/babylon.js:0:2927939)
    at renderScene (http://localhost:5500/js/graphics.js?v=78:1285:10)
    at animate (http://localhost:5500/js/main.js?v=78:377:2)
[  479948ms] Uncaught TypeError: Cannot read properties of undefined (reading '_currentLOD')
    at e._prepareRenderingManager (https://cdn.babylonjs.com/babylon.js:0:1473870)
    at e.render (https://cdn.babylonjs.com/babylon.js:0:1470701)
    at t._renderToTarget (https://cdn.babylonjs.com/babylon.js:0:944126)
    at t._render (https://cdn.babylonjs.com/babylon.js:0:942773)
    at t.render (https://cdn.babylonjs.com/babylon.js:0:941741)
    at e._renderForCamera (https://cdn.babylonjs.com/babylon.js:0:2917619)
    at e._processSubCameras (https://cdn.babylonjs.com/babylon.js:0:2919674)
    at e.render (https://cdn.babylonjs.com/babylon.js:0:2927939)
    at renderScene (http://localhost:5500/js/graphics.js?v=78:1285:10)
    at animate (http://localhost:5500/js/main.js?v=78:377:2)
[  479948ms] Uncaught TypeError: Cannot read properties of undefined (reading '_currentLOD')
    at e._prepareRenderingManager (https://cdn.babylonjs.com/babylon.js:0:1473870)
    at e.render (https://cdn.babylonjs.com/babylon.js:0:1470701)
    at t._renderToTarget (https://cdn.babylonjs.com/babylon.js:0:944126)
    at t._render (https://cdn.babylonjs.com/babylon.js:0:942773)
    at t.render (https://cdn.babylonjs.com/babylon.js:0:941741)
    at e._renderForCamera (https://cdn.babylonjs.com/babylon.js:0:2917619)
    at e._processSubCameras (https://cdn.babylonjs.com/babylon.js:0:2919674)
    at e.render (https://cdn.babylonjs.com/babylon.js:0:2927939)
    at renderScene (http://localhost:5500/js/graphics.js?v=78:1285:10)
    at animate (http://localhost:5500/js/main.js?v=78:377:2)
[  479958ms] Uncaught TypeError: Cannot read properties of undefined (reading '_currentLOD')
    at e._prepareRenderingManager (https://cdn.babylonjs.com/babylon.js:0:1473870)
    at e.render (https://cdn.babylonjs.com/babylon.js:0:1470701)
    at t._renderToTarget (https://cdn.babylonjs.com/babylon.js:0:944126)
    at t._render (https://cdn.babylonjs.com/babylon.js:0:942773)
    at t.render (https://cdn.babylonjs.com/babylon.js:0:941741)
    at e._renderForCamera (https://cdn.babylonjs.com/babylon.js:0:2917619)
    at e._processSubCameras (https://cdn.babylonjs.com/babylon.js:0:2919674)
    at e.render (https://cdn.babylonjs.com/babylon.js:0:2927939)
    at renderScene (http://localhost:5500/js/graphics.js?v=78:1285:10)
    at animate (http://localhost:5500/js/main.js?v=78:377:2)
[  479977ms] Uncaught TypeError: Cannot read properties of undefined (reading '_currentLOD')
    at e._prepareRenderingManager (https://cdn.babylonjs.com/babylon.js:0:1473870)
    at e.render (https://cdn.babylonjs.com/babylon.js:0:1470701)
    at t._renderToTarget (https://cdn.babylonjs.com/babylon.js:0:944126)
    at t._render (https://cdn.babylonjs.com/babylon.js:0:942773)
    at t.render (https://cdn.babylonjs.com/babylon.js:0:941741)
    at e._renderForCamera (https://cdn.babylonjs.com/babylon.js:0:2917619)
    at e._processSubCameras (https://cdn.babylonjs.com/babylon.js:0:2919674)
    at e.render (https://cdn.babylonjs.com/babylon.js:0:2927939)
    at renderScene (http://localhost:5500/js/graphics.js?v=78:1285:10)
    at animate (http://localhost:5500/js/main.js?v=78:377:2)
[  479989ms] Uncaught TypeError: Cannot read properties of undefined (reading '_currentLOD')
    at e._prepareRenderingManager (https://cdn.babylonjs.com/babylon.js:0:1473870)
    at e.render (https://cdn.babylonjs.com/babylon.js:0:1470701)
    at t._renderToTarget (https://cdn.babylonjs.com/babylon.js:0:944126)
    at t._render (https://cdn.babylonjs.com/babylon.js:0:942773)
    at t.render (https://cdn.babylonjs.com/babylon.js:0:941741)
    at e._renderForCamera (https://cdn.babylonjs.com/babylon.js:0:2917619)
    at e._processSubCameras (https://cdn.babylonjs.com/babylon.js:0:2919674)
    at e.render (https://cdn.babylonjs.com/babylon.js:0:2927939)
    at renderScene (http://localhost:5500/js/graphics.js?v=78:1285:10)
    at animate (http://localhost:5500/js/main.js?v=78:377:2)
[  480006ms] Uncaught TypeError: Cannot read properties of undefined (reading '_currentLOD')
    at e._prepareRenderingManager (https://cdn.babylonjs.com/babylon.js:0:1473870)
    at e.render (https://cdn.babylonjs.com/babylon.js:0:1470701)
    at t._renderToTarget (https://cdn.babylonjs.com/babylon.js:0:944126)
    at t._render (https://cdn.babylonjs.com/babylon.js:0:942773)
    at t.render (https://cdn.babylonjs.com/babylon.js:0:941741)
    at e._renderForCamera (https://cdn.babylonjs.com/babylon.js:0:2917619)
    at e._processSubCameras (https://cdn.babylonjs.com/babylon.js:0:2919674)
    at e.render (https://cdn.babylonjs.com/babylon.js:0:2927939)
    at renderScene (http://localhost:5500/js/graphics.js?v=78:1285:10)
    at animate (http://localhost:5500/js/main.js?v=78:377:2)
[  480023ms] Uncaught TypeError: Cannot read properties of undefined (reading '_currentLOD')
    at e._prepareRenderingManager (https://cdn.babylonjs.com/babylon.js:0:1473870)
    at e.render (https://cdn.babylonjs.com/babylon.js:0:1470701)
    at t._renderToTarget (https://cdn.babylonjs.com/babylon.js:0:944126)
    at t._render (https://cdn.babylonjs.com/babylon.js:0:942773)
    at t.render (https://cdn.babylonjs.com/babylon.js:0:941741)
    at e._renderForCamera (https://cdn.babylonjs.com/babylon.js:0:2917619)
    at e._processSubCameras (https://cdn.babylonjs.com/babylon.js:0:2919674)
    at e.render (https://cdn.babylonjs.com/babylon.js:0:2927939)
    at renderScene (http://localhost:5500/js/graphics.js?v=78:1285:10)
    at animate (http://localhost:5500/js/main.js?v=78:377:2)
[  480040ms] Uncaught TypeError: Cannot read properties of undefined (reading '_currentLOD')
    at e._prepareRenderingManager (https://cdn.babylonjs.com/babylon.js:0:1473870)
    at e.render (https://cdn.babylonjs.com/babylon.js:0:1470701)
    at t._renderToTarget (https://cdn.babylonjs.com/babylon.js:0:944126)
    at t._render (https://cdn.babylonjs.com/babylon.js:0:942773)
    at t.render (https://cdn.babylonjs.com/babylon.js:0:941741)
    at e._renderForCamera (https://cdn.babylonjs.com/babylon.js:0:2917619)
    at e._processSubCameras (https://cdn.babylonjs.com/babylon.js:0:2919674)
    at e.render (https://cdn.babylonjs.com/babylon.js:0:2927939)
    at renderScene (http://localhost:5500/js/graphics.js?v=78:1285:10)
    at animate (http://localhost:5500/js/main.js?v=78:377:2)
[  480056ms] Uncaught TypeError: Cannot read properties of undefined (reading '_currentLOD')
    at e._prepareRenderingManager (https://cdn.babylonjs.com/babylon.js:0:1473870)
    at e.render (https://cdn.babylonjs.com/babylon.js:0:1470701)
    at t._renderToTarget (https://cdn.babylonjs.com/babylon.js:0:944126)
    at t._render (https://cdn.babylonjs.com/babylon.js:0:942773)
    at t.render (https://cdn.babylonjs.com/babylon.js:0:941741)
    at e._renderForCamera (https://cdn.babylonjs.com/babylon.js:0:2917619)
    at e._processSubCameras (https://cdn.babylonjs.com/babylon.js:0:2919674)
    at e.render (https://cdn.babylonjs.com/babylon.js:0:2927939)
    at renderScene (http://localhost:5500/js/graphics.js?v=78:1285:10)
    at animate (http://localhost:5500/js/main.js?v=78:377:2)
[  480072ms] Uncaught TypeError: Cannot read properties of undefined (reading '_currentLOD')
    at e._prepareRenderingManager (https://cdn.babylonjs.com/babylon.js:0:1473870)
    at e.render (https://cdn.babylonjs.com/babylon.js:0:1470701)
    at t._renderToTarget (https://cdn.babylonjs.com/babylon.js:0:944126)
    at t._render (https://cdn.babylonjs.com/babylon.js:0:942773)
    at t.render (https://cdn.babylonjs.com/babylon.js:0:941741)
    at e._renderForCamera (https://cdn.babylonjs.com/babylon.js:0:2917619)
    at e._processSubCameras (https://cdn.babylonjs.com/babylon.js:0:2919674)
    at e.render (https://cdn.babylonjs.com/babylon.js:0:2927939)
    at renderScene (http://localhost:5500/js/graphics.js?v=78:1285:10)
    at animate (http://localhost:5500/js/main.js?v=78:377:2)
[  480090ms] Uncaught TypeError: Cannot read properties of undefined (reading '_currentLOD')
    at e._prepareRenderingManager (https://cdn.babylonjs.com/babylon.js:0:1473870)
    at e.render (https://cdn.babylonjs.com/babylon.js:0:1470701)
    at t._renderToTarget (https://cdn.babylonjs.com/babylon.js:0:944126)
    at t._render (https://cdn.babylonjs.com/babylon.js:0:942773)
    at t.render (https://cdn.babylonjs.com/babylon.js:0:941741)
    at e._renderForCamera (https://cdn.babylonjs.com/babylon.js:0:2917619)
    at e._processSubCameras (https://cdn.babylonjs.com/babylon.js:0:2919674)
    at e.render (https://cdn.babylonjs.com/babylon.js:0:2927939)
    at renderScene (http://localhost:5500/js/graphics.js?v=78:1285:10)
    at animate (http://localhost:5500/js/main.js?v=78:377:2)
[  480105ms] Uncaught TypeError: Cannot read properties of undefined (reading '_currentLOD')
    at e._prepareRenderingManager (https://cdn.babylonjs.com/babylon.js:0:1473870)
    at e.render (https://cdn.babylonjs.com/babylon.js:0:1470701)
    at t._renderToTarget (https://cdn.babylonjs.com/babylon.js:0:944126)
    at t._render (https://cdn.babylonjs.com/babylon.js:0:942773)
    at t.render (https://cdn.babylonjs.com/babylon.js:0:941741)
    at e._renderForCamera (https://cdn.babylonjs.com/babylon.js:0:2917619)
    at e._processSubCameras (https://cdn.babylonjs.com/babylon.js:0:2919674)
    at e.render (https://cdn.babylonjs.com/babylon.js:0:2927939)
    at renderScene (http://localhost:5500/js/graphics.js?v=78:1285:10)
    at animate (http://localhost:5500/js/main.js?v=78:377:2)
[  480122ms] Uncaught TypeError: Cannot read properties of undefined (reading '_currentLOD')
    at e._prepareRenderingManager (https://cdn.babylonjs.com/babylon.js:0:1473870)
    at e.render (https://cdn.babylonjs.com/babylon.js:0:1470701)
    at t._renderToTarget (https://cdn.babylonjs.com/babylon.js:0:944126)
    at t._render (https://cdn.babylonjs.com/babylon.js:0:942773)
    at t.render (https://cdn.babylonjs.com/babylon.js:0:941741)
    at e._renderForCamera (https://cdn.babylonjs.com/babylon.js:0:2917619)
    at e._processSubCameras (https://cdn.babylonjs.com/babylon.js:0:2919674)
    at e.render (https://cdn.babylonjs.com/babylon.js:0:2927939)
    at renderScene (http://localhost:5500/js/graphics.js?v=78:1285:10)
    at animate (http://localhost:5500/js/main.js?v=78:377:2)
[  480140ms] Uncaught TypeError: Cannot read properties of undefined (reading '_currentLOD')
    at e._prepareRenderingManager (https://cdn.babylonjs.com/babylon.js:0:1473870)
    at e.render (https://cdn.babylonjs.com/babylon.js:0:1470701)
    at t._renderToTarget (https://cdn.babylonjs.com/babylon.js:0:944126)
    at t._render (https://cdn.babylonjs.com/babylon.js:0:942773)
    at t.render (https://cdn.babylonjs.com/babylon.js:0:941741)
    at e._renderForCamera (https://cdn.babylonjs.com/babylon.js:0:2917619)
    at e._processSubCameras (https://cdn.babylonjs.com/babylon.js:0:2919674)
    at e.render (https://cdn.babylonjs.com/babylon.js:0:2927939)
    at renderScene (http://localhost:5500/js/graphics.js?v=78:1285:10)
    at animate (http://localhost:5500/js/main.js?v=78:377:2)
[  480156ms] Uncaught TypeError: Cannot read properties of undefined (reading '_currentLOD')
    at e._prepareRenderingManager (https://cdn.babylonjs.com/babylon.js:0:1473870)
    at e.render (https://cdn.babylonjs.com/babylon.js:0:1470701)
    at t._renderToTarget (https://cdn.babylonjs.com/babylon.js:0:944126)
    at t._render (https://cdn.babylonjs.com/babylon.js:0:942773)
    at t.render (https://cdn.babylonjs.com/babylon.js:0:941741)
    at e._renderForCamera (https://cdn.babylonjs.com/babylon.js:0:2917619)
    at e._processSubCameras (https://cdn.babylonjs.com/babylon.js:0:2919674)
    at e.render (https://cdn.babylonjs.com/babylon.js:0:2927939)
    at renderScene (http://localhost:5500/js/graphics.js?v=78:1285:10)
    at animate (http://localhost:5500/js/main.js?v=78:377:2)
[  480173ms] Uncaught TypeError: Cannot read properties of undefined (reading '_currentLOD')
    at e._prepareRenderingManager (https://cdn.babylonjs.com/babylon.js:0:1473870)
    at e.render (https://cdn.babylonjs.com/babylon.js:0:1470701)
    at t._renderToTarget (https://cdn.babylonjs.com/babylon.js:0:944126)
    at t._render (https://cdn.babylonjs.com/babylon.js:0:942773)
    at t.render (https://cdn.babylonjs.com/babylon.js:0:941741)
    at e._renderForCamera (https://cdn.babylonjs.com/babylon.js:0:2917619)
    at e._processSubCameras (https://cdn.babylonjs.com/babylon.js:0:2919674)
    at e.render (https://cdn.babylonjs.com/babylon.js:0:2927939)
    at renderScene (http://localhost:5500/js/graphics.js?v=78:1285:10)
    at animate (http://localhost:5500/js/main.js?v=78:377:2)
[  480188ms] Uncaught TypeError: Cannot read properties of undefined (reading '_currentLOD')
    at e._prepareRenderingManager (https://cdn.babylonjs.com/babylon.js:0:1473870)
    at e.render (https://cdn.babylonjs.com/babylon.js:0:1470701)
    at t._renderToTarget (https://cdn.babylonjs.com/babylon.js:0:944126)
    at t._render (https://cdn.babylonjs.com/babylon.js:0:942773)
    at t.render (https://cdn.babylonjs.com/babylon.js:0:941741)
    at e._renderForCamera (https://cdn.babylonjs.com/babylon.js:0:2917619)
    at e._processSubCameras (https://cdn.babylonjs.com/babylon.js:0:2919674)
    at e.render (https://cdn.babylonjs.com/babylon.js:0:2927939)
    at renderScene (http://localhost:5500/js/graphics.js?v=78:1285:10)
    at animate (http://localhost:5500/js/main.js?v=78:377:2)
[  480206ms] Uncaught TypeError: Cannot read properties of undefined (reading '_currentLOD')
    at e._prepareRenderingManager (https://cdn.babylonjs.com/babylon.js:0:1473870)
    at e.render (https://cdn.babylonjs.com/babylon.js:0:1470701)
    at t._renderToTarget (https://cdn.babylonjs.com/babylon.js:0:944126)
    at t._render (https://cdn.babylonjs.com/babylon.js:0:942773)
    at t.render (https://cdn.babylonjs.com/babylon.js:0:941741)
    at e._renderForCamera (https://cdn.babylonjs.com/babylon.js:0:2917619)
    at e._processSubCameras (https://cdn.babylonjs.com/babylon.js:0:2919674)
    at e.render (https://cdn.babylonjs.com/babylon.js:0:2927939)
    at renderScene (http://localhost:5500/js/graphics.js?v=78:1285:10)
    at animate (http://localhost:5500/js/main.js?v=78:377:2)
[  480222ms] Uncaught TypeError: Cannot read properties of undefined (reading '_currentLOD')
    at e._prepareRenderingManager (https://cdn.babylonjs.com/babylon.js:0:1473870)
    at e.render (https://cdn.babylonjs.com/babylon.js:0:1470701)
    at t._renderToTarget (https://cdn.babylonjs.com/babylon.js:0:944126)
    at t._render (https://cdn.babylonjs.com/babylon.js:0:942773)
    at t.render (https://cdn.babylonjs.com/babylon.js:0:941741)
    at e._renderForCamera (https://cdn.babylonjs.com/babylon.js:0:2917619)
    at e._processSubCameras (https://cdn.babylonjs.com/babylon.js:0:2919674)
    at e.render (https://cdn.babylonjs.com/babylon.js:0:2927939)
    at renderScene (http://localhost:5500/js/graphics.js?v=78:1285:10)
    at animate (http://localhost:5500/js/main.js?v=78:377:2)
[  480239ms] Uncaught TypeError: Cannot read properties of undefined (reading '_currentLOD')
    at e._prepareRenderingManager (https://cdn.babylonjs.com/babylon.js:0:1473870)
    at e.render (https://cdn.babylonjs.com/babylon.js:0:1470701)
    at t._renderToTarget (https://cdn.babylonjs.com/babylon.js:0:944126)
    at t._render (https://cdn.babylonjs.com/babylon.js:0:942773)
    at t.render (https://cdn.babylonjs.com/babylon.js:0:941741)
    at e._renderForCamera (https://cdn.babylonjs.com/babylon.js:0:2917619)
    at e._processSubCameras (https://cdn.babylonjs.com/babylon.js:0:2919674)
    at e.render (https://cdn.babylonjs.com/babylon.js:0:2927939)
    at renderScene (http://localhost:5500/js/graphics.js?v=78:1285:10)
    at animate (http://localhost:5500/js/main.js?v=78:377:2)
[  480257ms] Uncaught TypeError: Cannot read properties of undefined (reading '_currentLOD')
    at e._prepareRenderingManager (https://cdn.babylonjs.com/babylon.js:0:1473870)
    at e.render (https://cdn.babylonjs.com/babylon.js:0:1470701)
    at t._renderToTarget (https://cdn.babylonjs.com/babylon.js:0:944126)
    at t._render (https://cdn.babylonjs.com/babylon.js:0:942773)
    at t.render (https://cdn.babylonjs.com/babylon.js:0:941741)
    at e._renderForCamera (https://cdn.babylonjs.com/babylon.js:0:2917619)
    at e._processSubCameras (https://cdn.babylonjs.com/babylon.js:0:2919674)
    at e.render (https://cdn.babylonjs.com/babylon.js:0:2927939)
    at renderScene (http://localhost:5500/js/graphics.js?v=78:1285:10)
    at animate (http://localhost:5500/js/main.js?v=78:377:2)
[  480274ms] Uncaught TypeError: Cannot read properties of undefined (reading '_currentLOD')
    at e._prepareRenderingManager (https://cdn.babylonjs.com/babylon.js:0:1473870)
    at e.render (https://cdn.babylonjs.com/babylon.js:0:1470701)
    at t._renderToTarget (https://cdn.babylonjs.com/babylon.js:0:944126)
    at t._render (https://cdn.babylonjs.com/babylon.js:0:942773)
    at t.render (https://cdn.babylonjs.com/babylon.js:0:941741)
    at e._renderForCamera (https://cdn.babylonjs.com/babylon.js:0:2917619)
    at e._processSubCameras (https://cdn.babylonjs.com/babylon.js:0:2919674)
    at e.render (https://cdn.babylonjs.com/babylon.js:0:2927939)
    at renderScene (http://localhost:5500/js/graphics.js?v=78:1285:10)
    at animate (http://localhost:5500/js/main.js?v=78:377:2)
[  480289ms] Uncaught TypeError: Cannot read properties of undefined (reading '_currentLOD')
    at e._prepareRenderingManager (https://cdn.babylonjs.com/babylon.js:0:1473870)
    at e.render (https://cdn.babylonjs.com/babylon.js:0:1470701)
    at t._renderToTarget (https://cdn.babylonjs.com/babylon.js:0:944126)
    at t._render (https://cdn.babylonjs.com/babylon.js:0:942773)
    at t.render (https://cdn.babylonjs.com/babylon.js:0:941741)
    at e._renderForCamera (https://cdn.babylonjs.com/babylon.js:0:2917619)
    at e._processSubCameras (https://cdn.babylonjs.com/babylon.js:0:2919674)
    at e.render (https://cdn.babylonjs.com/babylon.js:0:2927939)
    at renderScene (http://localhost:5500/js/graphics.js?v=78:1285:10)
    at animate (http://localhost:5500/js/main.js?v=78:377:2)
[  480307ms] Uncaught TypeError: Cannot read properties of undefined (reading '_currentLOD')
    at e._prepareRenderingManager (https://cdn.babylonjs.com/babylon.js:0:1473870)
    at e.render (https://cdn.babylonjs.com/babylon.js:0:1470701)
    at t._renderToTarget (https://cdn.babylonjs.com/babylon.js:0:944126)
    at t._render (https://cdn.babylonjs.com/babylon.js:0:942773)
    at t.render (https://cdn.babylonjs.com/babylon.js:0:941741)
    at e._renderForCamera (https://cdn.babylonjs.com/babylon.js:0:2917619)
    at e._processSubCameras (https://cdn.babylonjs.com/babylon.js:0:2919674)
    at e.render (https://cdn.babylonjs.com/babylon.js:0:2927939)
    at renderScene (http://localhost:5500/js/graphics.js?v=78:1285:10)
    at animate (http://localhost:5500/js/main.js?v=78:377:2)
[  480324ms] Uncaught TypeError: Cannot read properties of undefined (reading '_currentLOD')
    at e._prepareRenderingManager (https://cdn.babylonjs.com/babylon.js:0:1473870)
    at e.render (https://cdn.babylonjs.com/babylon.js:0:1470701)
    at t._renderToTarget (https://cdn.babylonjs.com/babylon.js:0:944126)
    at t._render (https://cdn.babylonjs.com/babylon.js:0:942773)
    at t.render (https://cdn.babylonjs.com/babylon.js:0:941741)
    at e._renderForCamera (https://cdn.babylonjs.com/babylon.js:0:2917619)
    at e._processSubCameras (https://cdn.babylonjs.com/babylon.js:0:2919674)
    at e.render (https://cdn.babylonjs.com/babylon.js:0:2927939)
    at renderScene (http://localhost:5500/js/graphics.js?v=78:1285:10)
    at animate (http://localhost:5500/js/main.js?v=78:377:2)
[  480340ms] Uncaught TypeError: Cannot read properties of undefined (reading '_currentLOD')
    at e._prepareRenderingManager (https://cdn.babylonjs.com/babylon.js:0:1473870)
    at e.render (https://cdn.babylonjs.com/babylon.js:0:1470701)
    at t._renderToTarget (https://cdn.babylonjs.com/babylon.js:0:944126)
    at t._render (https://cdn.babylonjs.com/babylon.js:0:942773)
    at t.render (https://cdn.babylonjs.com/babylon.js:0:941741)
    at e._renderForCamera (https://cdn.babylonjs.com/babylon.js:0:2917619)
    at e._processSubCameras (https://cdn.babylonjs.com/babylon.js:0:2919674)
    at e.render (https://cdn.babylonjs.com/babylon.js:0:2927939)
    at renderScene (http://localhost:5500/js/graphics.js?v=78:1285:10)
    at animate (http://localhost:5500/js/main.js?v=78:377:2)
[  480356ms] Uncaught TypeError: Cannot read properties of undefined (reading '_currentLOD')
    at e._prepareRenderingManager (https://cdn.babylonjs.com/babylon.js:0:1473870)
    at e.render (https://cdn.babylonjs.com/babylon.js:0:1470701)
    at t._renderToTarget (https://cdn.babylonjs.com/babylon.js:0:944126)
    at t._render (https://cdn.babylonjs.com/babylon.js:0:942773)
    at t.render (https://cdn.babylonjs.com/babylon.js:0:941741)
    at e._renderForCamera (https://cdn.babylonjs.com/babylon.js:0:2917619)
    at e._processSubCameras (https://cdn.babylonjs.com/babylon.js:0:2919674)
    at e.render (https://cdn.babylonjs.com/babylon.js:0:2927939)
    at renderScene (http://localhost:5500/js/graphics.js?v=78:1285:10)
    at animate (http://localhost:5500/js/main.js?v=78:377:2)
[  480372ms] Uncaught TypeError: Cannot read properties of undefined (reading '_currentLOD')
    at e._prepareRenderingManager (https://cdn.babylonjs.com/babylon.js:0:1473870)
    at e.render (https://cdn.babylonjs.com/babylon.js:0:1470701)
    at t._renderToTarget (https://cdn.babylonjs.com/babylon.js:0:944126)
    at t._render (https://cdn.babylonjs.com/babylon.js:0:942773)
    at t.render (https://cdn.babylonjs.com/babylon.js:0:941741)
    at e._renderForCamera (https://cdn.babylonjs.com/babylon.js:0:2917619)
    at e._processSubCameras (https://cdn.babylonjs.com/babylon.js:0:2919674)
    at e.render (https://cdn.babylonjs.com/babylon.js:0:2927939)
    at renderScene (http://localhost:5500/js/graphics.js?v=78:1285:10)
    at animate (http://localhost:5500/js/main.js?v=78:377:2)
[  480390ms] Uncaught TypeError: Cannot read properties of undefined (reading '_currentLOD')
    at e._prepareRenderingManager (https://cdn.babylonjs.com/babylon.js:0:1473870)
    at e.render (https://cdn.babylonjs.com/babylon.js:0:1470701)
    at t._renderToTarget (https://cdn.babylonjs.com/babylon.js:0:944126)
    at t._render (https://cdn.babylonjs.com/babylon.js:0:942773)
    at t.render (https://cdn.babylonjs.com/babylon.js:0:941741)
    at e._renderForCamera (https://cdn.babylonjs.com/babylon.js:0:2917619)
    at e._processSubCameras (https://cdn.babylonjs.com/babylon.js:0:2919674)
    at e.render (https://cdn.babylonjs.com/babylon.js:0:2927939)
    at renderScene (http://localhost:5500/js/graphics.js?v=78:1285:10)
    at animate (http://localhost:5500/js/main.js?v=78:377:2)
[  480407ms] Uncaught TypeError: Cannot read properties of undefined (reading '_currentLOD')
    at e._prepareRenderingManager (https://cdn.babylonjs.com/babylon.js:0:1473870)
    at e.render (https://cdn.babylonjs.com/babylon.js:0:1470701)
    at t._renderToTarget (https://cdn.babylonjs.com/babylon.js:0:944126)
    at t._render (https://cdn.babylonjs.com/babylon.js:0:942773)
    at t.render (https://cdn.babylonjs.com/babylon.js:0:941741)
    at e._renderForCamera (https://cdn.babylonjs.com/babylon.js:0:2917619)
    at e._processSubCameras (https://cdn.babylonjs.com/babylon.js:0:2919674)
    at e.render (https://cdn.babylonjs.com/babylon.js:0:2927939)
    at renderScene (http://localhost:5500/js/graphics.js?v=78:1285:10)
    at animate (http://localhost:5500/js/main.js?v=78:377:2)
[  480423ms] Uncaught TypeError: Cannot read properties of undefined (reading '_currentLOD')
    at e._prepareRenderingManager (https://cdn.babylonjs.com/babylon.js:0:1473870)
    at e.render (https://cdn.babylonjs.com/babylon.js:0:1470701)
    at t._renderToTarget (https://cdn.babylonjs.com/babylon.js:0:944126)
    at t._render (https://cdn.babylonjs.com/babylon.js:0:942773)
    at t.render (https://cdn.babylonjs.com/babylon.js:0:941741)
    at e._renderForCamera (https://cdn.babylonjs.com/babylon.js:0:2917619)
    at e._processSubCameras (https://cdn.babylonjs.com/babylon.js:0:2919674)
    at e.render (https://cdn.babylonjs.com/babylon.js:0:2927939)
    at renderScene (http://localhost:5500/js/graphics.js?v=78:1285:10)
    at animate (http://localhost:5500/js/main.js?v=78:377:2)
[  480440ms] Uncaught TypeError: Cannot read properties of undefined (reading '_currentLOD')
    at e._prepareRenderingManager (https://cdn.babylonjs.com/babylon.js:0:1473870)
    at e.render (https://cdn.babylonjs.com/babylon.js:0:1470701)
    at t._renderToTarget (https://cdn.babylonjs.com/babylon.js:0:944126)
    at t._render (https://cdn.babylonjs.com/babylon.js:0:942773)
    at t.render (https://cdn.babylonjs.com/babylon.js:0:941741)
    at e._renderForCamera (https://cdn.babylonjs.com/babylon.js:0:2917619)
    at e._processSubCameras (https://cdn.babylonjs.com/babylon.js:0:2919674)
    at e.render (https://cdn.babylonjs.com/babylon.js:0:2927939)
    at renderScene (http://localhost:5500/js/graphics.js?v=78:1285:10)
    at animate (http://localhost:5500/js/main.js?v=78:377:2)
[  480457ms] Uncaught TypeError: Cannot read properties of undefined (reading '_currentLOD')
    at e._prepareRenderingManager (https://cdn.babylonjs.com/babylon.js:0:1473870)
    at e.render (https://cdn.babylonjs.com/babylon.js:0:1470701)
    at t._renderToTarget (https://cdn.babylonjs.com/babylon.js:0:944126)
    at t._render (https://cdn.babylonjs.com/babylon.js:0:942773)
    at t.render (https://cdn.babylonjs.com/babylon.js:0:941741)
    at e._renderForCamera (https://cdn.babylonjs.com/babylon.js:0:2917619)
    at e._processSubCameras (https://cdn.babylonjs.com/babylon.js:0:2919674)
    at e.render (https://cdn.babylonjs.com/babylon.js:0:2927939)
    at renderScene (http://localhost:5500/js/graphics.js?v=78:1285:10)
    at animate (http://localhost:5500/js/main.js?v=78:377:2)
[  480474ms] Uncaught TypeError: Cannot read properties of undefined (reading '_currentLOD')
    at e._prepareRenderingManager (https://cdn.babylonjs.com/babylon.js:0:1473870)
    at e.render (https://cdn.babylonjs.com/babylon.js:0:1470701)
    at t._renderToTarget (https://cdn.babylonjs.com/babylon.js:0:944126)
    at t._render (https://cdn.babylonjs.com/babylon.js:0:942773)
    at t.render (https://cdn.babylonjs.com/babylon.js:0:941741)
    at e._renderForCamera (https://cdn.babylonjs.com/babylon.js:0:2917619)
    at e._processSubCameras (https://cdn.babylonjs.com/babylon.js:0:2919674)
    at e.render (https://cdn.babylonjs.com/babylon.js:0:2927939)
    at renderScene (http://localhost:5500/js/graphics.js?v=78:1285:10)
    at animate (http://localhost:5500/js/main.js?v=78:377:2)
[  480492ms] Uncaught TypeError: Cannot read properties of undefined (reading '_currentLOD')
    at e._prepareRenderingManager (https://cdn.babylonjs.com/babylon.js:0:1473870)
    at e.render (https://cdn.babylonjs.com/babylon.js:0:1470701)
    at t._renderToTarget (https://cdn.babylonjs.com/babylon.js:0:944126)
    at t._render (https://cdn.babylonjs.com/babylon.js:0:942773)
    at t.render (https://cdn.babylonjs.com/babylon.js:0:941741)
    at e._renderForCamera (https://cdn.babylonjs.com/babylon.js:0:2917619)
    at e._processSubCameras (https://cdn.babylonjs.com/babylon.js:0:2919674)
    at e.render (https://cdn.babylonjs.com/babylon.js:0:2927939)
    at renderScene (http://localhost:5500/js/graphics.js?v=78:1285:10)
    at animate (http://localhost:5500/js/main.js?v=78:377:2)
[  480508ms] Uncaught TypeError: Cannot read properties of undefined (reading '_currentLOD')
    at e._prepareRenderingManager (https://cdn.babylonjs.com/babylon.js:0:1473870)
    at e.render (https://cdn.babylonjs.com/babylon.js:0:1470701)
    at t._renderToTarget (https://cdn.babylonjs.com/babylon.js:0:944126)
    at t._render (https://cdn.babylonjs.com/babylon.js:0:942773)
    at t.render (https://cdn.babylonjs.com/babylon.js:0:941741)
    at e._renderForCamera (https://cdn.babylonjs.com/babylon.js:0:2917619)
    at e._processSubCameras (https://cdn.babylonjs.com/babylon.js:0:2919674)
    at e.render (https://cdn.babylonjs.com/babylon.js:0:2927939)
    at renderScene (http://localhost:5500/js/graphics.js?v=78:1285:10)
    at animate (http://localhost:5500/js/main.js?v=78:377:2)
[  480524ms] Uncaught TypeError: Cannot read properties of undefined (reading '_currentLOD')
    at e._prepareRenderingManager (https://cdn.babylonjs.com/babylon.js:0:1473870)
    at e.render (https://cdn.babylonjs.com/babylon.js:0:1470701)
    at t._renderToTarget (https://cdn.babylonjs.com/babylon.js:0:944126)
    at t._render (https://cdn.babylonjs.com/babylon.js:0:942773)
    at t.render (https://cdn.babylonjs.com/babylon.js:0:941741)
    at e._renderForCamera (https://cdn.babylonjs.com/babylon.js:0:2917619)
    at e._processSubCameras (https://cdn.babylonjs.com/babylon.js:0:2919674)
    at e.render (https://cdn.babylonjs.com/babylon.js:0:2927939)
    at renderScene (http://localhost:5500/js/graphics.js?v=78:1285:10)
    at animate (http://localhost:5500/js/main.js?v=78:377:2)
[  480541ms] Uncaught TypeError: Cannot read properties of undefined (reading '_currentLOD')
    at e._prepareRenderingManager (https://cdn.babylonjs.com/babylon.js:0:1473870)
    at e.render (https://cdn.babylonjs.com/babylon.js:0:1470701)
    at t._renderToTarget (https://cdn.babylonjs.com/babylon.js:0:944126)
    at t._render (https://cdn.babylonjs.com/babylon.js:0:942773)
    at t.render (https://cdn.babylonjs.com/babylon.js:0:941741)
    at e._renderForCamera (https://cdn.babylonjs.com/babylon.js:0:2917619)
    at e._processSubCameras (https://cdn.babylonjs.com/babylon.js:0:2919674)
    at e.render (https://cdn.babylonjs.com/babylon.js:0:2927939)
    at renderScene (http://localhost:5500/js/graphics.js?v=78:1285:10)
    at animate (http://localhost:5500/js/main.js?v=78:377:2)
[  480557ms] Uncaught TypeError: Cannot read properties of undefined (reading '_currentLOD')
    at e._prepareRenderingManager (https://cdn.babylonjs.com/babylon.js:0:1473870)
    at e.render (https://cdn.babylonjs.com/babylon.js:0:1470701)
    at t._renderToTarget (https://cdn.babylonjs.com/babylon.js:0:944126)
    at t._render (https://cdn.babylonjs.com/babylon.js:0:942773)
    at t.render (https://cdn.babylonjs.com/babylon.js:0:941741)
    at e._renderForCamera (https://cdn.babylonjs.com/babylon.js:0:2917619)
    at e._processSubCameras (https://cdn.babylonjs.com/babylon.js:0:2919674)
    at e.render (https://cdn.babylonjs.com/babylon.js:0:2927939)
    at renderScene (http://localhost:5500/js/graphics.js?v=78:1285:10)
    at animate (http://localhost:5500/js/main.js?v=78:377:2)
[  480573ms] Uncaught TypeError: Cannot read properties of undefined (reading '_currentLOD')
    at e._prepareRenderingManager (https://cdn.babylonjs.com/babylon.js:0:1473870)
    at e.render (https://cdn.babylonjs.com/babylon.js:0:1470701)
    at t._renderToTarget (https://cdn.babylonjs.com/babylon.js:0:944126)
    at t._render (https://cdn.babylonjs.com/babylon.js:0:942773)
    at t.render (https://cdn.babylonjs.com/babylon.js:0:941741)
    at e._renderForCamera (https://cdn.babylonjs.com/babylon.js:0:2917619)
    at e._processSubCameras (https://cdn.babylonjs.com/babylon.js:0:2919674)
    at e.render (https://cdn.babylonjs.com/babylon.js:0:2927939)
    at renderScene (http://localhost:5500/js/graphics.js?v=78:1285:10)
    at animate (http://localhost:5500/js/main.js?v=78:377:2)
[  480590ms] Uncaught TypeError: Cannot read properties of undefined (reading '_currentLOD')
    at e._prepareRenderingManager (https://cdn.babylonjs.com/babylon.js:0:1473870)
    at e.render (https://cdn.babylonjs.com/babylon.js:0:1470701)
    at t._renderToTarget (https://cdn.babylonjs.com/babylon.js:0:944126)
    at t._render (https://cdn.babylonjs.com/babylon.js:0:942773)
    at t.render (https://cdn.babylonjs.com/babylon.js:0:941741)
    at e._renderForCamera (https://cdn.babylonjs.com/babylon.js:0:2917619)
    at e._processSubCameras (https://cdn.babylonjs.com/babylon.js:0:2919674)
    at e.render (https://cdn.babylonjs.com/babylon.js:0:2927939)
    at renderScene (http://localhost:5500/js/graphics.js?v=78:1285:10)
    at animate (http://localhost:5500/js/main.js?v=78:377:2)
[  480607ms] Uncaught TypeError: Cannot read properties of undefined (reading '_currentLOD')
    at e._prepareRenderingManager (https://cdn.babylonjs.com/babylon.js:0:1473870)
    at e.render (https://cdn.babylonjs.com/babylon.js:0:1470701)
    at t._renderToTarget (https://cdn.babylonjs.com/babylon.js:0:944126)
    at t._render (https://cdn.babylonjs.com/babylon.js:0:942773)
    at t.render (https://cdn.babylonjs.com/babylon.js:0:941741)
    at e._renderForCamera (https://cdn.babylonjs.com/babylon.js:0:2917619)
    at e._processSubCameras (https://cdn.babylonjs.com/babylon.js:0:2919674)
    at e.render (https://cdn.babylonjs.com/babylon.js:0:2927939)
    at renderScene (http://localhost:5500/js/graphics.js?v=78:1285:10)
    at animate (http://localhost:5500/js/main.js?v=78:377:2)
[  480625ms] Uncaught TypeError: Cannot read properties of undefined (reading '_currentLOD')
    at e._prepareRenderingManager (https://cdn.babylonjs.com/babylon.js:0:1473870)
    at e.render (https://cdn.babylonjs.com/babylon.js:0:1470701)
    at t._renderToTarget (https://cdn.babylonjs.com/babylon.js:0:944126)
    at t._render (https://cdn.babylonjs.com/babylon.js:0:942773)
    at t.render (https://cdn.babylonjs.com/babylon.js:0:941741)
    at e._renderForCamera (https://cdn.babylonjs.com/babylon.js:0:2917619)
    at e._processSubCameras (https://cdn.babylonjs.com/babylon.js:0:2919674)
    at e.render (https://cdn.babylonjs.com/babylon.js:0:2927939)
    at renderScene (http://localhost:5500/js/graphics.js?v=78:1285:10)
    at animate (http://localhost:5500/js/main.js?v=78:377:2)
[  480641ms] Uncaught TypeError: Cannot read properties of undefined (reading '_currentLOD')
    at e._prepareRenderingManager (https://cdn.babylonjs.com/babylon.js:0:1473870)
    at e.render (https://cdn.babylonjs.com/babylon.js:0:1470701)
    at t._renderToTarget (https://cdn.babylonjs.com/babylon.js:0:944126)
    at t._render (https://cdn.babylonjs.com/babylon.js:0:942773)
    at t.render (https://cdn.babylonjs.com/babylon.js:0:941741)
    at e._renderForCamera (https://cdn.babylonjs.com/babylon.js:0:2917619)
    at e._processSubCameras (https://cdn.babylonjs.com/babylon.js:0:2919674)
    at e.render (https://cdn.babylonjs.com/babylon.js:0:2927939)
    at renderScene (http://localhost:5500/js/graphics.js?v=78:1285:10)
    at animate (http://localhost:5500/js/main.js?v=78:377:2)
[  480660ms] Uncaught TypeError: Cannot read properties of undefined (reading '_currentLOD')
    at e._prepareRenderingManager (https://cdn.babylonjs.com/babylon.js:0:1473870)
    at e.render (https://cdn.babylonjs.com/babylon.js:0:1470701)
    at t._renderToTarget (https://cdn.babylonjs.com/babylon.js:0:944126)
    at t._render (https://cdn.babylonjs.com/babylon.js:0:942773)
    at t.render (https://cdn.babylonjs.com/babylon.js:0:941741)
    at e._renderForCamera (https://cdn.babylonjs.com/babylon.js:0:2917619)
    at e._processSubCameras (https://cdn.babylonjs.com/babylon.js:0:2919674)
    at e.render (https://cdn.babylonjs.com/babylon.js:0:2927939)
    at renderScene (http://localhost:5500/js/graphics.js?v=78:1285:10)
    at animate (http://localhost:5500/js/main.js?v=78:377:2)
[  480676ms] Uncaught TypeError: Cannot read properties of undefined (reading '_currentLOD')
    at e._prepareRenderingManager (https://cdn.babylonjs.com/babylon.js:0:1473870)
    at e.render (https://cdn.babylonjs.com/babylon.js:0:1470701)
    at t._renderToTarget (https://cdn.babylonjs.com/babylon.js:0:944126)
    at t._render (https://cdn.babylonjs.com/babylon.js:0:942773)
    at t.render (https://cdn.babylonjs.com/babylon.js:0:941741)
    at e._renderForCamera (https://cdn.babylonjs.com/babylon.js:0:2917619)
    at e._processSubCameras (https://cdn.babylonjs.com/babylon.js:0:2919674)
    at e.render (https://cdn.babylonjs.com/babylon.js:0:2927939)
    at renderScene (http://localhost:5500/js/graphics.js?v=78:1285:10)
    at animate (http://localhost:5500/js/main.js?v=78:377:2)
[  480691ms] Uncaught TypeError: Cannot read properties of undefined (reading '_currentLOD')
    at e._prepareRenderingManager (https://cdn.babylonjs.com/babylon.js:0:1473870)
    at e.render (https://cdn.babylonjs.com/babylon.js:0:1470701)
    at t._renderToTarget (https://cdn.babylonjs.com/babylon.js:0:944126)
    at t._render (https://cdn.babylonjs.com/babylon.js:0:942773)
    at t.render (https://cdn.babylonjs.com/babylon.js:0:941741)
    at e._renderForCamera (https://cdn.babylonjs.com/babylon.js:0:2917619)
    at e._processSubCameras (https://cdn.babylonjs.com/babylon.js:0:2919674)
    at e.render (https://cdn.babylonjs.com/babylon.js:0:2927939)
    at renderScene (http://localhost:5500/js/graphics.js?v=78:1285:10)
    at animate (http://localhost:5500/js/main.js?v=78:377:2)
[  480708ms] Uncaught TypeError: Cannot read properties of undefined (reading '_currentLOD')
    at e._prepareRenderingManager (https://cdn.babylonjs.com/babylon.js:0:1473870)
    at e.render (https://cdn.babylonjs.com/babylon.js:0:1470701)
    at t._renderToTarget (https://cdn.babylonjs.com/babylon.js:0:944126)
    at t._render (https://cdn.babylonjs.com/babylon.js:0:942773)
    at t.render (https://cdn.babylonjs.com/babylon.js:0:941741)
    at e._renderForCamera (https://cdn.babylonjs.com/babylon.js:0:2917619)
    at e._processSubCameras (https://cdn.babylonjs.com/babylon.js:0:2919674)
    at e.render (https://cdn.babylonjs.com/babylon.js:0:2927939)
    at renderScene (http://localhost:5500/js/graphics.js?v=78:1285:10)
    at animate (http://localhost:5500/js/main.js?v=78:377:2)
[  480723ms] Uncaught TypeError: Cannot read properties of undefined (reading '_currentLOD')
    at e._prepareRenderingManager (https://cdn.babylonjs.com/babylon.js:0:1473870)
    at e.render (https://cdn.babylonjs.com/babylon.js:0:1470701)
    at t._renderToTarget (https://cdn.babylonjs.com/babylon.js:0:944126)
    at t._render (https://cdn.babylonjs.com/babylon.js:0:942773)
    at t.render (https://cdn.babylonjs.com/babylon.js:0:941741)
    at e._renderForCamera (https://cdn.babylonjs.com/babylon.js:0:2917619)
    at e._processSubCameras (https://cdn.babylonjs.com/babylon.js:0:2919674)
    at e.render (https://cdn.babylonjs.com/babylon.js:0:2927939)
    at renderScene (http://localhost:5500/js/graphics.js?v=78:1285:10)
    at animate (http://localhost:5500/js/main.js?v=78:377:2)
[  480741ms] Uncaught TypeError: Cannot read properties of undefined (reading '_currentLOD')
    at e._prepareRenderingManager (https://cdn.babylonjs.com/babylon.js:0:1473870)
    at e.render (https://cdn.babylonjs.com/babylon.js:0:1470701)
    at t._renderToTarget (https://cdn.babylonjs.com/babylon.js:0:944126)
    at t._render (https://cdn.babylonjs.com/babylon.js:0:942773)
    at t.render (https://cdn.babylonjs.com/babylon.js:0:941741)
    at e._renderForCamera (https://cdn.babylonjs.com/babylon.js:0:2917619)
    at e._processSubCameras (https://cdn.babylonjs.com/babylon.js:0:2919674)
    at e.render (https://cdn.babylonjs.com/babylon.js:0:2927939)
    at renderScene (http://localhost:5500/js/graphics.js?v=78:1285:10)
    at animate (http://localhost:5500/js/main.js?v=78:377:2)
[  480760ms] Uncaught TypeError: Cannot read properties of undefined (reading '_currentLOD')
    at e._prepareRenderingManager (https://cdn.babylonjs.com/babylon.js:0:1473870)
    at e.render (https://cdn.babylonjs.com/babylon.js:0:1470701)
    at t._renderToTarget (https://cdn.babylonjs.com/babylon.js:0:944126)
    at t._render (https://cdn.babylonjs.com/babylon.js:0:942773)
    at t.render (https://cdn.babylonjs.com/babylon.js:0:941741)
    at e._renderForCamera (https://cdn.babylonjs.com/babylon.js:0:2917619)
    at e._processSubCameras (https://cdn.babylonjs.com/babylon.js:0:2919674)
    at e.render (https://cdn.babylonjs.com/babylon.js:0:2927939)
    at renderScene (http://localhost:5500/js/graphics.js?v=78:1285:10)
    at animate (http://localhost:5500/js/main.js?v=78:377:2)
[  480773ms] Uncaught TypeError: Cannot read properties of undefined (reading '_currentLOD')
    at e._prepareRenderingManager (https://cdn.babylonjs.com/babylon.js:0:1473870)
    at e.render (https://cdn.babylonjs.com/babylon.js:0:1470701)
    at t._renderToTarget (https://cdn.babylonjs.com/babylon.js:0:944126)
    at t._render (https://cdn.babylonjs.com/babylon.js:0:942773)
    at t.render (https://cdn.babylonjs.com/babylon.js:0:941741)
    at e._renderForCamera (https://cdn.babylonjs.com/babylon.js:0:2917619)
    at e._processSubCameras (https://cdn.babylonjs.com/babylon.js:0:2919674)
    at e.render (https://cdn.babylonjs.com/babylon.js:0:2927939)
    at renderScene (http://localhost:5500/js/graphics.js?v=78:1285:10)
    at animate (http://localhost:5500/js/main.js?v=78:377:2)
[  480790ms] Uncaught TypeError: Cannot read properties of undefined (reading '_currentLOD')
    at e._prepareRenderingManager (https://cdn.babylonjs.com/babylon.js:0:1473870)
    at e.render (https://cdn.babylonjs.com/babylon.js:0:1470701)
    at t._renderToTarget (https://cdn.babylonjs.com/babylon.js:0:944126)
    at t._render (https://cdn.babylonjs.com/babylon.js:0:942773)
    at t.render (https://cdn.babylonjs.com/babylon.js:0:941741)
    at e._renderForCamera (https://cdn.babylonjs.com/babylon.js:0:2917619)
    at e._processSubCameras (https://cdn.babylonjs.com/babylon.js:0:2919674)
    at e.render (https://cdn.babylonjs.com/babylon.js:0:2927939)
    at renderScene (http://localhost:5500/js/graphics.js?v=78:1285:10)
    at animate (http://localhost:5500/js/main.js?v=78:377:2)
[  480807ms] Uncaught TypeError: Cannot read properties of undefined (reading '_currentLOD')
    at e._prepareRenderingManager (https://cdn.babylonjs.com/babylon.js:0:1473870)
    at e.render (https://cdn.babylonjs.com/babylon.js:0:1470701)
    at t._renderToTarget (https://cdn.babylonjs.com/babylon.js:0:944126)
    at t._render (https://cdn.babylonjs.com/babylon.js:0:942773)
    at t.render (https://cdn.babylonjs.com/babylon.js:0:941741)
    at e._renderForCamera (https://cdn.babylonjs.com/babylon.js:0:2917619)
    at e._processSubCameras (https://cdn.babylonjs.com/babylon.js:0:2919674)
    at e.render (https://cdn.babylonjs.com/babylon.js:0:2927939)
    at renderScene (http://localhost:5500/js/graphics.js?v=78:1285:10)
    at animate (http://localhost:5500/js/main.js?v=78:377:2)
[  480823ms] Uncaught TypeError: Cannot read properties of undefined (reading '_currentLOD')
    at e._prepareRenderingManager (https://cdn.babylonjs.com/babylon.js:0:1473870)
    at e.render (https://cdn.babylonjs.com/babylon.js:0:1470701)
    at t._renderToTarget (https://cdn.babylonjs.com/babylon.js:0:944126)
    at t._render (https://cdn.babylonjs.com/babylon.js:0:942773)
    at t.render (https://cdn.babylonjs.com/babylon.js:0:941741)
    at e._renderForCamera (https://cdn.babylonjs.com/babylon.js:0:2917619)
    at e._processSubCameras (https://cdn.babylonjs.com/babylon.js:0:2919674)
    at e.render (https://cdn.babylonjs.com/babylon.js:0:2927939)
    at renderScene (http://localhost:5500/js/graphics.js?v=78:1285:10)
    at animate (http://localhost:5500/js/main.js?v=78:377:2)
[  480852ms] Uncaught TypeError: Cannot read properties of undefined (reading '_currentLOD')
    at e._prepareRenderingManager (https://cdn.babylonjs.com/babylon.js:0:1473870)
    at e.render (https://cdn.babylonjs.com/babylon.js:0:1470701)
    at t._renderToTarget (https://cdn.babylonjs.com/babylon.js:0:944126)
    at t._render (https://cdn.babylonjs.com/babylon.js:0:942773)
    at t.render (https://cdn.babylonjs.com/babylon.js:0:941741)
    at e._renderForCamera (https://cdn.babylonjs.com/babylon.js:0:2917619)
    at e._processSubCameras (https://cdn.babylonjs.com/babylon.js:0:2919674)
    at e.render (https://cdn.babylonjs.com/babylon.js:0:2927939)
    at renderScene (http://localhost:5500/js/graphics.js?v=78:1285:10)
    at animate (http://localhost:5500/js/main.js?v=78:377:2)
[  480867ms] Uncaught TypeError: Cannot read properties of undefined (reading '_currentLOD')
    at e._prepareRenderingManager (https://cdn.babylonjs.com/babylon.js:0:1473870)
    at e.render (https://cdn.babylonjs.com/babylon.js:0:1470701)
    at t._renderToTarget (https://cdn.babylonjs.com/babylon.js:0:944126)
    at t._render (https://cdn.babylonjs.com/babylon.js:0:942773)
    at t.render (https://cdn.babylonjs.com/babylon.js:0:941741)
    at e._renderForCamera (https://cdn.babylonjs.com/babylon.js:0:2917619)
    at e._processSubCameras (https://cdn.babylonjs.com/babylon.js:0:2919674)
    at e.render (https://cdn.babylonjs.com/babylon.js:0:2927939)
    at renderScene (http://localhost:5500/js/graphics.js?v=78:1285:10)
    at animate (http://localhost:5500/js/main.js?v=78:377:2)
[  480878ms] Uncaught TypeError: Cannot read properties of undefined (reading '_currentLOD')
    at e._prepareRenderingManager (https://cdn.babylonjs.com/babylon.js:0:1473870)
    at e.render (https://cdn.babylonjs.com/babylon.js:0:1470701)
    at t._renderToTarget (https://cdn.babylonjs.com/babylon.js:0:944126)
    at t._render (https://cdn.babylonjs.com/babylon.js:0:942773)
    at t.render (https://cdn.babylonjs.com/babylon.js:0:941741)
    at e._renderForCamera (https://cdn.babylonjs.com/babylon.js:0:2917619)
    at e._processSubCameras (https://cdn.babylonjs.com/babylon.js:0:2919674)
    at e.render (https://cdn.babylonjs.com/babylon.js:0:2927939)
    at renderScene (http://localhost:5500/js/graphics.js?v=78:1285:10)
    at animate (http://localhost:5500/js/main.js?v=78:377:2)
[  480890ms] Uncaught TypeError: Cannot read properties of undefined (reading '_currentLOD')
    at e._prepareRenderingManager (https://cdn.babylonjs.com/babylon.js:0:1473870)
    at e.render (https://cdn.babylonjs.com/babylon.js:0:1470701)
    at t._renderToTarget (https://cdn.babylonjs.com/babylon.js:0:944126)
    at t._render (https://cdn.babylonjs.com/babylon.js:0:942773)
    at t.render (https://cdn.babylonjs.com/babylon.js:0:941741)
    at e._renderForCamera (https://cdn.babylonjs.com/babylon.js:0:2917619)
    at e._processSubCameras (https://cdn.babylonjs.com/babylon.js:0:2919674)
    at e.render (https://cdn.babylonjs.com/babylon.js:0:2927939)
    at renderScene (http://localhost:5500/js/graphics.js?v=78:1285:10)
    at animate (http://localhost:5500/js/main.js?v=78:377:2)
[  480905ms] Uncaught TypeError: Cannot read properties of undefined (reading '_currentLOD')
    at e._prepareRenderingManager (https://cdn.babylonjs.com/babylon.js:0:1473870)
    at e.render (https://cdn.babylonjs.com/babylon.js:0:1470701)
    at t._renderToTarget (https://cdn.babylonjs.com/babylon.js:0:944126)
    at t._render (https://cdn.babylonjs.com/babylon.js:0:942773)
    at t.render (https://cdn.babylonjs.com/babylon.js:0:941741)
    at e._renderForCamera (https://cdn.babylonjs.com/babylon.js:0:2917619)
    at e._processSubCameras (https://cdn.babylonjs.com/babylon.js:0:2919674)
    at e.render (https://cdn.babylonjs.com/babylon.js:0:2927939)
    at renderScene (http://localhost:5500/js/graphics.js?v=78:1285:10)
    at animate (http://localhost:5500/js/main.js?v=78:377:2)
[  480923ms] Uncaught TypeError: Cannot read properties of undefined (reading '_currentLOD')
    at e._prepareRenderingManager (https://cdn.babylonjs.com/babylon.js:0:1473870)
    at e.render (https://cdn.babylonjs.com/babylon.js:0:1470701)
    at t._renderToTarget (https://cdn.babylonjs.com/babylon.js:0:944126)
    at t._render (https://cdn.babylonjs.com/babylon.js:0:942773)
    at t.render (https://cdn.babylonjs.com/babylon.js:0:941741)
    at e._renderForCamera (https://cdn.babylonjs.com/babylon.js:0:2917619)
    at e._processSubCameras (https://cdn.babylonjs.com/babylon.js:0:2919674)
    at e.render (https://cdn.babylonjs.com/babylon.js:0:2927939)
    at renderScene (http://localhost:5500/js/graphics.js?v=78:1285:10)
    at animate (http://localhost:5500/js/main.js?v=78:377:2)
[  480939ms] Uncaught TypeError: Cannot read properties of undefined (reading '_currentLOD')
    at e._prepareRenderingManager (https://cdn.babylonjs.com/babylon.js:0:1473870)
    at e.render (https://cdn.babylonjs.com/babylon.js:0:1470701)
    at t._renderToTarget (https://cdn.babylonjs.com/babylon.js:0:944126)
    at t._render (https://cdn.babylonjs.com/babylon.js:0:942773)
    at t.render (https://cdn.babylonjs.com/babylon.js:0:941741)
    at e._renderForCamera (https://cdn.babylonjs.com/babylon.js:0:2917619)
    at e._processSubCameras (https://cdn.babylonjs.com/babylon.js:0:2919674)
    at e.render (https://cdn.babylonjs.com/babylon.js:0:2927939)
    at renderScene (http://localhost:5500/js/graphics.js?v=78:1285:10)
    at animate (http://localhost:5500/js/main.js?v=78:377:2)
[  480956ms] Uncaught TypeError: Cannot read properties of undefined (reading '_currentLOD')
    at e._prepareRenderingManager (https://cdn.babylonjs.com/babylon.js:0:1473870)
    at e.render (https://cdn.babylonjs.com/babylon.js:0:1470701)
    at t._renderToTarget (https://cdn.babylonjs.com/babylon.js:0:944126)
    at t._render (https://cdn.babylonjs.com/babylon.js:0:942773)
    at t.render (https://cdn.babylonjs.com/babylon.js:0:941741)
    at e._renderForCamera (https://cdn.babylonjs.com/babylon.js:0:2917619)
    at e._processSubCameras (https://cdn.babylonjs.com/babylon.js:0:2919674)
    at e.render (https://cdn.babylonjs.com/babylon.js:0:2927939)
    at renderScene (http://localhost:5500/js/graphics.js?v=78:1285:10)
    at animate (http://localhost:5500/js/main.js?v=78:377:2)
[  480972ms] Uncaught TypeError: Cannot read properties of undefined (reading '_currentLOD')
    at e._prepareRenderingManager (https://cdn.babylonjs.com/babylon.js:0:1473870)
    at e.render (https://cdn.babylonjs.com/babylon.js:0:1470701)
    at t._renderToTarget (https://cdn.babylonjs.com/babylon.js:0:944126)
    at t._render (https://cdn.babylonjs.com/babylon.js:0:942773)
    at t.render (https://cdn.babylonjs.com/babylon.js:0:941741)
    at e._renderForCamera (https://cdn.babylonjs.com/babylon.js:0:2917619)
    at e._processSubCameras (https://cdn.babylonjs.com/babylon.js:0:2919674)
    at e.render (https://cdn.babylonjs.com/babylon.js:0:2927939)
    at renderScene (http://localhost:5500/js/graphics.js?v=78:1285:10)
    at animate (http://localhost:5500/js/main.js?v=78:377:2)
[  480988ms] Uncaught TypeError: Cannot read properties of undefined (reading '_currentLOD')
    at e._prepareRenderingManager (https://cdn.babylonjs.com/babylon.js:0:1473870)
    at e.render (https://cdn.babylonjs.com/babylon.js:0:1470701)
    at t._renderToTarget (https://cdn.babylonjs.com/babylon.js:0:944126)
    at t._render (https://cdn.babylonjs.com/babylon.js:0:942773)
    at t.render (https://cdn.babylonjs.com/babylon.js:0:941741)
    at e._renderForCamera (https://cdn.babylonjs.com/babylon.js:0:2917619)
    at e._processSubCameras (https://cdn.babylonjs.com/babylon.js:0:2919674)
    at e.render (https://cdn.babylonjs.com/babylon.js:0:2927939)
    at renderScene (http://localhost:5500/js/graphics.js?v=78:1285:10)
    at animate (http://localhost:5500/js/main.js?v=78:377:2)
[  481006ms] Uncaught TypeError: Cannot read properties of undefined (reading '_currentLOD')
    at e._prepareRenderingManager (https://cdn.babylonjs.com/babylon.js:0:1473870)
    at e.render (https://cdn.babylonjs.com/babylon.js:0:1470701)
    at t._renderToTarget (https://cdn.babylonjs.com/babylon.js:0:944126)
    at t._render (https://cdn.babylonjs.com/babylon.js:0:942773)
    at t.render (https://cdn.babylonjs.com/babylon.js:0:941741)
    at e._renderForCamera (https://cdn.babylonjs.com/babylon.js:0:2917619)
    at e._processSubCameras (https://cdn.babylonjs.com/babylon.js:0:2919674)
    at e.render (https://cdn.babylonjs.com/babylon.js:0:2927939)
    at renderScene (http://localhost:5500/js/graphics.js?v=78:1285:10)
    at animate (http://localhost:5500/js/main.js?v=78:377:2)
[  481022ms] Uncaught TypeError: Cannot read properties of undefined (reading '_currentLOD')
    at e._prepareRenderingManager (https://cdn.babylonjs.com/babylon.js:0:1473870)
    at e.render (https://cdn.babylonjs.com/babylon.js:0:1470701)
    at t._renderToTarget (https://cdn.babylonjs.com/babylon.js:0:944126)
    at t._render (https://cdn.babylonjs.com/babylon.js:0:942773)
    at t.render (https://cdn.babylonjs.com/babylon.js:0:941741)
    at e._renderForCamera (https://cdn.babylonjs.com/babylon.js:0:2917619)
    at e._processSubCameras (https://cdn.babylonjs.com/babylon.js:0:2919674)
    at e.render (https://cdn.babylonjs.com/babylon.js:0:2927939)
    at renderScene (http://localhost:5500/js/graphics.js?v=78:1285:10)
    at animate (http://localhost:5500/js/main.js?v=78:377:2)
[  481038ms] Uncaught TypeError: Cannot read properties of undefined (reading '_currentLOD')
    at e._prepareRenderingManager (https://cdn.babylonjs.com/babylon.js:0:1473870)
    at e.render (https://cdn.babylonjs.com/babylon.js:0:1470701)
    at t._renderToTarget (https://cdn.babylonjs.com/babylon.js:0:944126)
    at t._render (https://cdn.babylonjs.com/babylon.js:0:942773)
    at t.render (https://cdn.babylonjs.com/babylon.js:0:941741)
    at e._renderForCamera (https://cdn.babylonjs.com/babylon.js:0:2917619)
    at e._processSubCameras (https://cdn.babylonjs.com/babylon.js:0:2919674)
    at e.render (https://cdn.babylonjs.com/babylon.js:0:2927939)
    at renderScene (http://localhost:5500/js/graphics.js?v=78:1285:10)
    at animate (http://localhost:5500/js/main.js?v=78:377:2)
[  481056ms] Uncaught TypeError: Cannot read properties of undefined (reading '_currentLOD')
    at e._prepareRenderingManager (https://cdn.babylonjs.com/babylon.js:0:1473870)
    at e.render (https://cdn.babylonjs.com/babylon.js:0:1470701)
    at t._renderToTarget (https://cdn.babylonjs.com/babylon.js:0:944126)
    at t._render (https://cdn.babylonjs.com/babylon.js:0:942773)
    at t.render (https://cdn.babylonjs.com/babylon.js:0:941741)
    at e._renderForCamera (https://cdn.babylonjs.com/babylon.js:0:2917619)
    at e._processSubCameras (https://cdn.babylonjs.com/babylon.js:0:2919674)
    at e.render (https://cdn.babylonjs.com/babylon.js:0:2927939)
    at renderScene (http://localhost:5500/js/graphics.js?v=78:1285:10)
    at animate (http://localhost:5500/js/main.js?v=78:377:2)
[  481074ms] Uncaught TypeError: Cannot read properties of undefined (reading '_currentLOD')
    at e._prepareRenderingManager (https://cdn.babylonjs.com/babylon.js:0:1473870)
    at e.render (https://cdn.babylonjs.com/babylon.js:0:1470701)
    at t._renderToTarget (https://cdn.babylonjs.com/babylon.js:0:944126)
    at t._render (https://cdn.babylonjs.com/babylon.js:0:942773)
    at t.render (https://cdn.babylonjs.com/babylon.js:0:941741)
    at e._renderForCamera (https://cdn.babylonjs.com/babylon.js:0:2917619)
    at e._processSubCameras (https://cdn.babylonjs.com/babylon.js:0:2919674)
    at e.render (https://cdn.babylonjs.com/babylon.js:0:2927939)
    at renderScene (http://localhost:5500/js/graphics.js?v=78:1285:10)
    at animate (http://localhost:5500/js/main.js?v=78:377:2)
[  481089ms] Uncaught TypeError: Cannot read properties of undefined (reading '_currentLOD')
    at e._prepareRenderingManager (https://cdn.babylonjs.com/babylon.js:0:1473870)
    at e.render (https://cdn.babylonjs.com/babylon.js:0:1470701)
    at t._renderToTarget (https://cdn.babylonjs.com/babylon.js:0:944126)
    at t._render (https://cdn.babylonjs.com/babylon.js:0:942773)
    at t.render (https://cdn.babylonjs.com/babylon.js:0:941741)
    at e._renderForCamera (https://cdn.babylonjs.com/babylon.js:0:2917619)
    at e._processSubCameras (https://cdn.babylonjs.com/babylon.js:0:2919674)
    at e.render (https://cdn.babylonjs.com/babylon.js:0:2927939)
    at renderScene (http://localhost:5500/js/graphics.js?v=78:1285:10)
    at animate (http://localhost:5500/js/main.js?v=78:377:2)
[  481105ms] Uncaught TypeError: Cannot read properties of undefined (reading '_currentLOD')
    at e._prepareRenderingManager (https://cdn.babylonjs.com/babylon.js:0:1473870)
    at e.render (https://cdn.babylonjs.com/babylon.js:0:1470701)
    at t._renderToTarget (https://cdn.babylonjs.com/babylon.js:0:944126)
    at t._render (https://cdn.babylonjs.com/babylon.js:0:942773)
    at t.render (https://cdn.babylonjs.com/babylon.js:0:941741)
    at e._renderForCamera (https://cdn.babylonjs.com/babylon.js:0:2917619)
    at e._processSubCameras (https://cdn.babylonjs.com/babylon.js:0:2919674)
    at e.render (https://cdn.babylonjs.com/babylon.js:0:2927939)
    at renderScene (http://localhost:5500/js/graphics.js?v=78:1285:10)
    at animate (http://localhost:5500/js/main.js?v=78:377:2)
[  481122ms] Uncaught TypeError: Cannot read properties of undefined (reading '_currentLOD')
    at e._prepareRenderingManager (https://cdn.babylonjs.com/babylon.js:0:1473870)
    at e.render (https://cdn.babylonjs.com/babylon.js:0:1470701)
    at t._renderToTarget (https://cdn.babylonjs.com/babylon.js:0:944126)
    at t._render (https://cdn.babylonjs.com/babylon.js:0:942773)
    at t.render (https://cdn.babylonjs.com/babylon.js:0:941741)
    at e._renderForCamera (https://cdn.babylonjs.com/babylon.js:0:2917619)
    at e._processSubCameras (https://cdn.babylonjs.com/babylon.js:0:2919674)
    at e.render (https://cdn.babylonjs.com/babylon.js:0:2927939)
    at renderScene (http://localhost:5500/js/graphics.js?v=78:1285:10)
    at animate (http://localhost:5500/js/main.js?v=78:377:2)
[  481139ms] Uncaught TypeError: Cannot read properties of undefined (reading '_currentLOD')
    at e._prepareRenderingManager (https://cdn.babylonjs.com/babylon.js:0:1473870)
    at e.render (https://cdn.babylonjs.com/babylon.js:0:1470701)
    at t._renderToTarget (https://cdn.babylonjs.com/babylon.js:0:944126)
    at t._render (https://cdn.babylonjs.com/babylon.js:0:942773)
    at t.render (https://cdn.babylonjs.com/babylon.js:0:941741)
    at e._renderForCamera (https://cdn.babylonjs.com/babylon.js:0:2917619)
    at e._processSubCameras (https://cdn.babylonjs.com/babylon.js:0:2919674)
    at e.render (https://cdn.babylonjs.com/babylon.js:0:2927939)
    at renderScene (http://localhost:5500/js/graphics.js?v=78:1285:10)
    at animate (http://localhost:5500/js/main.js?v=78:377:2)
[  481156ms] Uncaught TypeError: Cannot read properties of undefined (reading '_currentLOD')
    at e._prepareRenderingManager (https://cdn.babylonjs.com/babylon.js:0:1473870)
    at e.render (https://cdn.babylonjs.com/babylon.js:0:1470701)
    at t._renderToTarget (https://cdn.babylonjs.com/babylon.js:0:944126)
    at t._render (https://cdn.babylonjs.com/babylon.js:0:942773)
    at t.render (https://cdn.babylonjs.com/babylon.js:0:941741)
    at e._renderForCamera (https://cdn.babylonjs.com/babylon.js:0:2917619)
    at e._processSubCameras (https://cdn.babylonjs.com/babylon.js:0:2919674)
    at e.render (https://cdn.babylonjs.com/babylon.js:0:2927939)
    at renderScene (http://localhost:5500/js/graphics.js?v=78:1285:10)
    at animate (http://localhost:5500/js/main.js?v=78:377:2)
[  481172ms] Uncaught TypeError: Cannot read properties of undefined (reading '_currentLOD')
    at e._prepareRenderingManager (https://cdn.babylonjs.com/babylon.js:0:1473870)
    at e.render (https://cdn.babylonjs.com/babylon.js:0:1470701)
    at t._renderToTarget (https://cdn.babylonjs.com/babylon.js:0:944126)
    at t._render (https://cdn.babylonjs.com/babylon.js:0:942773)
    at t.render (https://cdn.babylonjs.com/babylon.js:0:941741)
    at e._renderForCamera (https://cdn.babylonjs.com/babylon.js:0:2917619)
    at e._processSubCameras (https://cdn.babylonjs.com/babylon.js:0:2919674)
    at e.render (https://cdn.babylonjs.com/babylon.js:0:2927939)
    at renderScene (http://localhost:5500/js/graphics.js?v=78:1285:10)
    at animate (http://localhost:5500/js/main.js?v=78:377:2)
[  481188ms] Uncaught TypeError: Cannot read properties of undefined (reading '_currentLOD')
    at e._prepareRenderingManager (https://cdn.babylonjs.com/babylon.js:0:1473870)
    at e.render (https://cdn.babylonjs.com/babylon.js:0:1470701)
    at t._renderToTarget (https://cdn.babylonjs.com/babylon.js:0:944126)
    at t._render (https://cdn.babylonjs.com/babylon.js:0:942773)
    at t.render (https://cdn.babylonjs.com/babylon.js:0:941741)
    at e._renderForCamera (https://cdn.babylonjs.com/babylon.js:0:2917619)
    at e._processSubCameras (https://cdn.babylonjs.com/babylon.js:0:2919674)
    at e.render (https://cdn.babylonjs.com/babylon.js:0:2927939)
    at renderScene (http://localhost:5500/js/graphics.js?v=78:1285:10)
    at animate (http://localhost:5500/js/main.js?v=78:377:2)
[  481205ms] Uncaught TypeError: Cannot read properties of undefined (reading '_currentLOD')
    at e._prepareRenderingManager (https://cdn.babylonjs.com/babylon.js:0:1473870)
    at e.render (https://cdn.babylonjs.com/babylon.js:0:1470701)
    at t._renderToTarget (https://cdn.babylonjs.com/babylon.js:0:944126)
    at t._render (https://cdn.babylonjs.com/babylon.js:0:942773)
    at t.render (https://cdn.babylonjs.com/babylon.js:0:941741)
    at e._renderForCamera (https://cdn.babylonjs.com/babylon.js:0:2917619)
    at e._processSubCameras (https://cdn.babylonjs.com/babylon.js:0:2919674)
    at e.render (https://cdn.babylonjs.com/babylon.js:0:2927939)
    at renderScene (http://localhost:5500/js/graphics.js?v=78:1285:10)
    at animate (http://localhost:5500/js/main.js?v=78:377:2)
[  481221ms] Uncaught TypeError: Cannot read properties of undefined (reading '_currentLOD')
    at e._prepareRenderingManager (https://cdn.babylonjs.com/babylon.js:0:1473870)
    at e.render (https://cdn.babylonjs.com/babylon.js:0:1470701)
    at t._renderToTarget (https://cdn.babylonjs.com/babylon.js:0:944126)
    at t._render (https://cdn.babylonjs.com/babylon.js:0:942773)
    at t.render (https://cdn.babylonjs.com/babylon.js:0:941741)
    at e._renderForCamera (https://cdn.babylonjs.com/babylon.js:0:2917619)
    at e._processSubCameras (https://cdn.babylonjs.com/babylon.js:0:2919674)
    at e.render (https://cdn.babylonjs.com/babylon.js:0:2927939)
    at renderScene (http://localhost:5500/js/graphics.js?v=78:1285:10)
    at animate (http://localhost:5500/js/main.js?v=78:377:2)
[  481239ms] Uncaught TypeError: Cannot read properties of undefined (reading '_currentLOD')
    at e._prepareRenderingManager (https://cdn.babylonjs.com/babylon.js:0:1473870)
    at e.render (https://cdn.babylonjs.com/babylon.js:0:1470701)
    at t._renderToTarget (https://cdn.babylonjs.com/babylon.js:0:944126)
    at t._render (https://cdn.babylonjs.com/babylon.js:0:942773)
    at t.render (https://cdn.babylonjs.com/babylon.js:0:941741)
    at e._renderForCamera (https://cdn.babylonjs.com/babylon.js:0:2917619)
    at e._processSubCameras (https://cdn.babylonjs.com/babylon.js:0:2919674)
    at e.render (https://cdn.babylonjs.com/babylon.js:0:2927939)
    at renderScene (http://localhost:5500/js/graphics.js?v=78:1285:10)
    at animate (http://localhost:5500/js/main.js?v=78:377:2)
[  481255ms] Uncaught TypeError: Cannot read properties of undefined (reading '_currentLOD')
    at e._prepareRenderingManager (https://cdn.babylonjs.com/babylon.js:0:1473870)
    at e.render (https://cdn.babylonjs.com/babylon.js:0:1470701)
    at t._renderToTarget (https://cdn.babylonjs.com/babylon.js:0:944126)
    at t._render (https://cdn.babylonjs.com/babylon.js:0:942773)
    at t.render (https://cdn.babylonjs.com/babylon.js:0:941741)
    at e._renderForCamera (https://cdn.babylonjs.com/babylon.js:0:2917619)
    at e._processSubCameras (https://cdn.babylonjs.com/babylon.js:0:2919674)
    at e.render (https://cdn.babylonjs.com/babylon.js:0:2927939)
    at renderScene (http://localhost:5500/js/graphics.js?v=78:1285:10)
    at animate (http://localhost:5500/js/main.js?v=78:377:2)
[  481272ms] Uncaught TypeError: Cannot read properties of undefined (reading '_currentLOD')
    at e._prepareRenderingManager (https://cdn.babylonjs.com/babylon.js:0:1473870)
    at e.render (https://cdn.babylonjs.com/babylon.js:0:1470701)
    at t._renderToTarget (https://cdn.babylonjs.com/babylon.js:0:944126)
    at t._render (https://cdn.babylonjs.com/babylon.js:0:942773)
    at t.render (https://cdn.babylonjs.com/babylon.js:0:941741)
    at e._renderForCamera (https://cdn.babylonjs.com/babylon.js:0:2917619)
    at e._processSubCameras (https://cdn.babylonjs.com/babylon.js:0:2919674)
    at e.render (https://cdn.babylonjs.com/babylon.js:0:2927939)
    at renderScene (http://localhost:5500/js/graphics.js?v=78:1285:10)
    at animate (http://localhost:5500/js/main.js?v=78:377:2)
[  481289ms] Uncaught TypeError: Cannot read properties of undefined (reading '_currentLOD')
    at e._prepareRenderingManager (https://cdn.babylonjs.com/babylon.js:0:1473870)
    at e.render (https://cdn.babylonjs.com/babylon.js:0:1470701)
    at t._renderToTarget (https://cdn.babylonjs.com/babylon.js:0:944126)
    at t._render (https://cdn.babylonjs.com/babylon.js:0:942773)
    at t.render (https://cdn.babylonjs.com/babylon.js:0:941741)
    at e._renderForCamera (https://cdn.babylonjs.com/babylon.js:0:2917619)
    at e._processSubCameras (https://cdn.babylonjs.com/babylon.js:0:2919674)
    at e.render (https://cdn.babylonjs.com/babylon.js:0:2927939)
    at renderScene (http://localhost:5500/js/graphics.js?v=78:1285:10)
    at animate (http://localhost:5500/js/main.js?v=78:377:2)
[  481305ms] Uncaught TypeError: Cannot read properties of undefined (reading '_currentLOD')
    at e._prepareRenderingManager (https://cdn.babylonjs.com/babylon.js:0:1473870)
    at e.render (https://cdn.babylonjs.com/babylon.js:0:1470701)
    at t._renderToTarget (https://cdn.babylonjs.com/babylon.js:0:944126)
    at t._render (https://cdn.babylonjs.com/babylon.js:0:942773)
    at t.render (https://cdn.babylonjs.com/babylon.js:0:941741)
    at e._renderForCamera (https://cdn.babylonjs.com/babylon.js:0:2917619)
    at e._processSubCameras (https://cdn.babylonjs.com/babylon.js:0:2919674)
    at e.render (https://cdn.babylonjs.com/babylon.js:0:2927939)
    at renderScene (http://localhost:5500/js/graphics.js?v=78:1285:10)
    at animate (http://localhost:5500/js/main.js?v=78:377:2)
[  481324ms] Uncaught TypeError: Cannot read properties of undefined (reading '_currentLOD')
    at e._prepareRenderingManager (https://cdn.babylonjs.com/babylon.js:0:1473870)
    at e.render (https://cdn.babylonjs.com/babylon.js:0:1470701)
    at t._renderToTarget (https://cdn.babylonjs.com/babylon.js:0:944126)
    at t._render (https://cdn.babylonjs.com/babylon.js:0:942773)
    at t.render (https://cdn.babylonjs.com/babylon.js:0:941741)
    at e._renderForCamera (https://cdn.babylonjs.com/babylon.js:0:2917619)
    at e._processSubCameras (https://cdn.babylonjs.com/babylon.js:0:2919674)
    at e.render (https://cdn.babylonjs.com/babylon.js:0:2927939)
    at renderScene (http://localhost:5500/js/graphics.js?v=78:1285:10)
    at animate (http://localhost:5500/js/main.js?v=78:377:2)
[  481338ms] Uncaught TypeError: Cannot read properties of undefined (reading '_currentLOD')
    at e._prepareRenderingManager (https://cdn.babylonjs.com/babylon.js:0:1473870)
    at e.render (https://cdn.babylonjs.com/babylon.js:0:1470701)
    at t._renderToTarget (https://cdn.babylonjs.com/babylon.js:0:944126)
    at t._render (https://cdn.babylonjs.com/babylon.js:0:942773)
    at t.render (https://cdn.babylonjs.com/babylon.js:0:941741)
    at e._renderForCamera (https://cdn.babylonjs.com/babylon.js:0:2917619)
    at e._processSubCameras (https://cdn.babylonjs.com/babylon.js:0:2919674)
    at e.render (https://cdn.babylonjs.com/babylon.js:0:2927939)
    at renderScene (http://localhost:5500/js/graphics.js?v=78:1285:10)
    at animate (http://localhost:5500/js/main.js?v=78:377:2)
[  481355ms] Uncaught TypeError: Cannot read properties of undefined (reading '_currentLOD')
    at e._prepareRenderingManager (https://cdn.babylonjs.com/babylon.js:0:1473870)
    at e.render (https://cdn.babylonjs.com/babylon.js:0:1470701)
    at t._renderToTarget (https://cdn.babylonjs.com/babylon.js:0:944126)
    at t._render (https://cdn.babylonjs.com/babylon.js:0:942773)
    at t.render (https://cdn.babylonjs.com/babylon.js:0:941741)
    at e._renderForCamera (https://cdn.babylonjs.com/babylon.js:0:2917619)
    at e._processSubCameras (https://cdn.babylonjs.com/babylon.js:0:2919674)
    at e.render (https://cdn.babylonjs.com/babylon.js:0:2927939)
    at renderScene (http://localhost:5500/js/graphics.js?v=78:1285:10)
    at animate (http://localhost:5500/js/main.js?v=78:377:2)
[  481371ms] Uncaught TypeError: Cannot read properties of undefined (reading '_currentLOD')
    at e._prepareRenderingManager (https://cdn.babylonjs.com/babylon.js:0:1473870)
    at e.render (https://cdn.babylonjs.com/babylon.js:0:1470701)
    at t._renderToTarget (https://cdn.babylonjs.com/babylon.js:0:944126)
    at t._render (https://cdn.babylonjs.com/babylon.js:0:942773)
    at t.render (https://cdn.babylonjs.com/babylon.js:0:941741)
    at e._renderForCamera (https://cdn.babylonjs.com/babylon.js:0:2917619)
    at e._processSubCameras (https://cdn.babylonjs.com/babylon.js:0:2919674)
    at e.render (https://cdn.babylonjs.com/babylon.js:0:2927939)
    at renderScene (http://localhost:5500/js/graphics.js?v=78:1285:10)
    at animate (http://localhost:5500/js/main.js?v=78:377:2)
[  481388ms] Uncaught TypeError: Cannot read properties of undefined (reading '_currentLOD')
    at e._prepareRenderingManager (https://cdn.babylonjs.com/babylon.js:0:1473870)
    at e.render (https://cdn.babylonjs.com/babylon.js:0:1470701)
    at t._renderToTarget (https://cdn.babylonjs.com/babylon.js:0:944126)
    at t._render (https://cdn.babylonjs.com/babylon.js:0:942773)
    at t.render (https://cdn.babylonjs.com/babylon.js:0:941741)
    at e._renderForCamera (https://cdn.babylonjs.com/babylon.js:0:2917619)
    at e._processSubCameras (https://cdn.babylonjs.com/babylon.js:0:2919674)
    at e.render (https://cdn.babylonjs.com/babylon.js:0:2927939)
    at renderScene (http://localhost:5500/js/graphics.js?v=78:1285:10)
    at animate (http://localhost:5500/js/main.js?v=78:377:2)
[  481405ms] Uncaught TypeError: Cannot read properties of undefined (reading '_currentLOD')
    at e._prepareRenderingManager (https://cdn.babylonjs.com/babylon.js:0:1473870)
    at e.render (https://cdn.babylonjs.com/babylon.js:0:1470701)
    at t._renderToTarget (https://cdn.babylonjs.com/babylon.js:0:944126)
    at t._render (https://cdn.babylonjs.com/babylon.js:0:942773)
    at t.render (https://cdn.babylonjs.com/babylon.js:0:941741)
    at e._renderForCamera (https://cdn.babylonjs.com/babylon.js:0:2917619)
    at e._processSubCameras (https://cdn.babylonjs.com/babylon.js:0:2919674)
    at e.render (https://cdn.babylonjs.com/babylon.js:0:2927939)
    at renderScene (http://localhost:5500/js/graphics.js?v=78:1285:10)
    at animate (http://localhost:5500/js/main.js?v=78:377:2)
[  481422ms] Uncaught TypeError: Cannot read properties of undefined (reading '_currentLOD')
    at e._prepareRenderingManager (https://cdn.babylonjs.com/babylon.js:0:1473870)
    at e.render (https://cdn.babylonjs.com/babylon.js:0:1470701)
    at t._renderToTarget (https://cdn.babylonjs.com/babylon.js:0:944126)
    at t._render (https://cdn.babylonjs.com/babylon.js:0:942773)
    at t.render (https://cdn.babylonjs.com/babylon.js:0:941741)
    at e._renderForCamera (https://cdn.babylonjs.com/babylon.js:0:2917619)
    at e._processSubCameras (https://cdn.babylonjs.com/babylon.js:0:2919674)
    at e.render (https://cdn.babylonjs.com/babylon.js:0:2927939)
    at renderScene (http://localhost:5500/js/graphics.js?v=78:1285:10)
    at animate (http://localhost:5500/js/main.js?v=78:377:2)
[  481439ms] Uncaught TypeError: Cannot read properties of undefined (reading '_currentLOD')
    at e._prepareRenderingManager (https://cdn.babylonjs.com/babylon.js:0:1473870)
    at e.render (https://cdn.babylonjs.com/babylon.js:0:1470701)
    at t._renderToTarget (https://cdn.babylonjs.com/babylon.js:0:944126)
    at t._render (https://cdn.babylonjs.com/babylon.js:0:942773)
    at t.render (https://cdn.babylonjs.com/babylon.js:0:941741)
    at e._renderForCamera (https://cdn.babylonjs.com/babylon.js:0:2917619)
    at e._processSubCameras (https://cdn.babylonjs.com/babylon.js:0:2919674)
    at e.render (https://cdn.babylonjs.com/babylon.js:0:2927939)
    at renderScene (http://localhost:5500/js/graphics.js?v=78:1285:10)
    at animate (http://localhost:5500/js/main.js?v=78:377:2)
[  481455ms] Uncaught TypeError: Cannot read properties of undefined (reading '_currentLOD')
    at e._prepareRenderingManager (https://cdn.babylonjs.com/babylon.js:0:1473870)
    at e.render (https://cdn.babylonjs.com/babylon.js:0:1470701)
    at t._renderToTarget (https://cdn.babylonjs.com/babylon.js:0:944126)
    at t._render (https://cdn.babylonjs.com/babylon.js:0:942773)
    at t.render (https://cdn.babylonjs.com/babylon.js:0:941741)
    at e._renderForCamera (https://cdn.babylonjs.com/babylon.js:0:2917619)
    at e._processSubCameras (https://cdn.babylonjs.com/babylon.js:0:2919674)
    at e.render (https://cdn.babylonjs.com/babylon.js:0:2927939)
    at renderScene (http://localhost:5500/js/graphics.js?v=78:1285:10)
    at animate (http://localhost:5500/js/main.js?v=78:377:2)
[  481473ms] Uncaught TypeError: Cannot read properties of undefined (reading '_currentLOD')
    at e._prepareRenderingManager (https://cdn.babylonjs.com/babylon.js:0:1473870)
    at e.render (https://cdn.babylonjs.com/babylon.js:0:1470701)
    at t._renderToTarget (https://cdn.babylonjs.com/babylon.js:0:944126)
    at t._render (https://cdn.babylonjs.com/babylon.js:0:942773)
    at t.render (https://cdn.babylonjs.com/babylon.js:0:941741)
    at e._renderForCamera (https://cdn.babylonjs.com/babylon.js:0:2917619)
    at e._processSubCameras (https://cdn.babylonjs.com/babylon.js:0:2919674)
    at e.render (https://cdn.babylonjs.com/babylon.js:0:2927939)
    at renderScene (http://localhost:5500/js/graphics.js?v=78:1285:10)
    at animate (http://localhost:5500/js/main.js?v=78:377:2)
[  481489ms] Uncaught TypeError: Cannot read properties of undefined (reading '_currentLOD')
    at e._prepareRenderingManager (https://cdn.babylonjs.com/babylon.js:0:1473870)
    at e.render (https://cdn.babylonjs.com/babylon.js:0:1470701)
    at t._renderToTarget (https://cdn.babylonjs.com/babylon.js:0:944126)
    at t._render (https://cdn.babylonjs.com/babylon.js:0:942773)
    at t.render (https://cdn.babylonjs.com/babylon.js:0:941741)
    at e._renderForCamera (https://cdn.babylonjs.com/babylon.js:0:2917619)
    at e._processSubCameras (https://cdn.babylonjs.com/babylon.js:0:2919674)
    at e.render (https://cdn.babylonjs.com/babylon.js:0:2927939)
    at renderScene (http://localhost:5500/js/graphics.js?v=78:1285:10)
    at animate (http://localhost:5500/js/main.js?v=78:377:2)
[  481505ms] Uncaught TypeError: Cannot read properties of undefined (reading '_currentLOD')
    at e._prepareRenderingManager (https://cdn.babylonjs.com/babylon.js:0:1473870)
    at e.render (https://cdn.babylonjs.com/babylon.js:0:1470701)
    at t._renderToTarget (https://cdn.babylonjs.com/babylon.js:0:944126)
    at t._render (https://cdn.babylonjs.com/babylon.js:0:942773)
    at t.render (https://cdn.babylonjs.com/babylon.js:0:941741)
    at e._renderForCamera (https://cdn.babylonjs.com/babylon.js:0:2917619)
    at e._processSubCameras (https://cdn.babylonjs.com/babylon.js:0:2919674)
    at e.render (https://cdn.babylonjs.com/babylon.js:0:2927939)
    at renderScene (http://localhost:5500/js/graphics.js?v=78:1285:10)
    at animate (http://localhost:5500/js/main.js?v=78:377:2)
[  481521ms] Uncaught TypeError: Cannot read properties of undefined (reading '_currentLOD')
    at e._prepareRenderingManager (https://cdn.babylonjs.com/babylon.js:0:1473870)
    at e.render (https://cdn.babylonjs.com/babylon.js:0:1470701)
    at t._renderToTarget (https://cdn.babylonjs.com/babylon.js:0:944126)
    at t._render (https://cdn.babylonjs.com/babylon.js:0:942773)
    at t.render (https://cdn.babylonjs.com/babylon.js:0:941741)
    at e._renderForCamera (https://cdn.babylonjs.com/babylon.js:0:2917619)
    at e._processSubCameras (https://cdn.babylonjs.com/babylon.js:0:2919674)
    at e.render (https://cdn.babylonjs.com/babylon.js:0:2927939)
    at renderScene (http://localhost:5500/js/graphics.js?v=78:1285:10)
    at animate (http://localhost:5500/js/main.js?v=78:377:2)
[  481538ms] Uncaught TypeError: Cannot read properties of undefined (reading '_currentLOD')
    at e._prepareRenderingManager (https://cdn.babylonjs.com/babylon.js:0:1473870)
    at e.render (https://cdn.babylonjs.com/babylon.js:0:1470701)
    at t._renderToTarget (https://cdn.babylonjs.com/babylon.js:0:944126)
    at t._render (https://cdn.babylonjs.com/babylon.js:0:942773)
    at t.render (https://cdn.babylonjs.com/babylon.js:0:941741)
    at e._renderForCamera (https://cdn.babylonjs.com/babylon.js:0:2917619)
    at e._processSubCameras (https://cdn.babylonjs.com/babylon.js:0:2919674)
    at e.render (https://cdn.babylonjs.com/babylon.js:0:2927939)
    at renderScene (http://localhost:5500/js/graphics.js?v=78:1285:10)
    at animate (http://localhost:5500/js/main.js?v=78:377:2)
[  481554ms] Uncaught TypeError: Cannot read properties of undefined (reading '_currentLOD')
    at e._prepareRenderingManager (https://cdn.babylonjs.com/babylon.js:0:1473870)
    at e.render (https://cdn.babylonjs.com/babylon.js:0:1470701)
    at t._renderToTarget (https://cdn.babylonjs.com/babylon.js:0:944126)
    at t._render (https://cdn.babylonjs.com/babylon.js:0:942773)
    at t.render (https://cdn.babylonjs.com/babylon.js:0:941741)
    at e._renderForCamera (https://cdn.babylonjs.com/babylon.js:0:2917619)
    at e._processSubCameras (https://cdn.babylonjs.com/babylon.js:0:2919674)
    at e.render (https://cdn.babylonjs.com/babylon.js:0:2927939)
    at renderScene (http://localhost:5500/js/graphics.js?v=78:1285:10)
    at animate (http://localhost:5500/js/main.js?v=78:377:2)
[  481571ms] Uncaught TypeError: Cannot read properties of undefined (reading '_currentLOD')
    at e._prepareRenderingManager (https://cdn.babylonjs.com/babylon.js:0:1473870)
    at e.render (https://cdn.babylonjs.com/babylon.js:0:1470701)
    at t._renderToTarget (https://cdn.babylonjs.com/babylon.js:0:944126)
    at t._render (https://cdn.babylonjs.com/babylon.js:0:942773)
    at t.render (https://cdn.babylonjs.com/babylon.js:0:941741)
    at e._renderForCamera (https://cdn.babylonjs.com/babylon.js:0:2917619)
    at e._processSubCameras (https://cdn.babylonjs.com/babylon.js:0:2919674)
    at e.render (https://cdn.babylonjs.com/babylon.js:0:2927939)
    at renderScene (http://localhost:5500/js/graphics.js?v=78:1285:10)
    at animate (http://localhost:5500/js/main.js?v=78:377:2)
[  481589ms] Uncaught TypeError: Cannot read properties of undefined (reading '_currentLOD')
    at e._prepareRenderingManager (https://cdn.babylonjs.com/babylon.js:0:1473870)
    at e.render (https://cdn.babylonjs.com/babylon.js:0:1470701)
    at t._renderToTarget (https://cdn.babylonjs.com/babylon.js:0:944126)
    at t._render (https://cdn.babylonjs.com/babylon.js:0:942773)
    at t.render (https://cdn.babylonjs.com/babylon.js:0:941741)
    at e._renderForCamera (https://cdn.babylonjs.com/babylon.js:0:2917619)
    at e._processSubCameras (https://cdn.babylonjs.com/babylon.js:0:2919674)
    at e.render (https://cdn.babylonjs.com/babylon.js:0:2927939)
    at renderScene (http://localhost:5500/js/graphics.js?v=78:1285:10)
    at animate (http://localhost:5500/js/main.js?v=78:377:2)
[  481604ms] Uncaught TypeError: Cannot read properties of undefined (reading '_currentLOD')
    at e._prepareRenderingManager (https://cdn.babylonjs.com/babylon.js:0:1473870)
    at e.render (https://cdn.babylonjs.com/babylon.js:0:1470701)
    at t._renderToTarget (https://cdn.babylonjs.com/babylon.js:0:944126)
    at t._render (https://cdn.babylonjs.com/babylon.js:0:942773)
    at t.render (https://cdn.babylonjs.com/babylon.js:0:941741)
    at e._renderForCamera (https://cdn.babylonjs.com/babylon.js:0:2917619)
    at e._processSubCameras (https://cdn.babylonjs.com/babylon.js:0:2919674)
    at e.render (https://cdn.babylonjs.com/babylon.js:0:2927939)
    at renderScene (http://localhost:5500/js/graphics.js?v=78:1285:10)
    at animate (http://localhost:5500/js/main.js?v=78:377:2)
[  481622ms] Uncaught TypeError: Cannot read properties of undefined (reading '_currentLOD')
    at e._prepareRenderingManager (https://cdn.babylonjs.com/babylon.js:0:1473870)
    at e.render (https://cdn.babylonjs.com/babylon.js:0:1470701)
    at t._renderToTarget (https://cdn.babylonjs.com/babylon.js:0:944126)
    at t._render (https://cdn.babylonjs.com/babylon.js:0:942773)
    at t.render (https://cdn.babylonjs.com/babylon.js:0:941741)
    at e._renderForCamera (https://cdn.babylonjs.com/babylon.js:0:2917619)
    at e._processSubCameras (https://cdn.babylonjs.com/babylon.js:0:2919674)
    at e.render (https://cdn.babylonjs.com/babylon.js:0:2927939)
    at renderScene (http://localhost:5500/js/graphics.js?v=78:1285:10)
    at animate (http://localhost:5500/js/main.js?v=78:377:2)
[  481639ms] Uncaught TypeError: Cannot read properties of undefined (reading '_currentLOD')
    at e._prepareRenderingManager (https://cdn.babylonjs.com/babylon.js:0:1473870)
    at e.render (https://cdn.babylonjs.com/babylon.js:0:1470701)
    at t._renderToTarget (https://cdn.babylonjs.com/babylon.js:0:944126)
    at t._render (https://cdn.babylonjs.com/babylon.js:0:942773)
    at t.render (https://cdn.babylonjs.com/babylon.js:0:941741)
    at e._renderForCamera (https://cdn.babylonjs.com/babylon.js:0:2917619)
    at e._processSubCameras (https://cdn.babylonjs.com/babylon.js:0:2919674)
    at e.render (https://cdn.babylonjs.com/babylon.js:0:2927939)
    at renderScene (http://localhost:5500/js/graphics.js?v=78:1285:10)
    at animate (http://localhost:5500/js/main.js?v=78:377:2)
[  481655ms] Uncaught TypeError: Cannot read properties of undefined (reading '_currentLOD')
    at e._prepareRenderingManager (https://cdn.babylonjs.com/babylon.js:0:1473870)
    at e.render (https://cdn.babylonjs.com/babylon.js:0:1470701)
    at t._renderToTarget (https://cdn.babylonjs.com/babylon.js:0:944126)
    at t._render (https://cdn.babylonjs.com/babylon.js:0:942773)
    at t.render (https://cdn.babylonjs.com/babylon.js:0:941741)
    at e._renderForCamera (https://cdn.babylonjs.com/babylon.js:0:2917619)
    at e._processSubCameras (https://cdn.babylonjs.com/babylon.js:0:2919674)
    at e.render (https://cdn.babylonjs.com/babylon.js:0:2927939)
    at renderScene (http://localhost:5500/js/graphics.js?v=78:1285:10)
    at animate (http://localhost:5500/js/main.js?v=78:377:2)
[  481673ms] Uncaught TypeError: Cannot read properties of undefined (reading '_currentLOD')
    at e._prepareRenderingManager (https://cdn.babylonjs.com/babylon.js:0:1473870)
    at e.render (https://cdn.babylonjs.com/babylon.js:0:1470701)
    at t._renderToTarget (https://cdn.babylonjs.com/babylon.js:0:944126)
    at t._render (https://cdn.babylonjs.com/babylon.js:0:942773)
    at t.render (https://cdn.babylonjs.com/babylon.js:0:941741)
    at e._renderForCamera (https://cdn.babylonjs.com/babylon.js:0:2917619)
    at e._processSubCameras (https://cdn.babylonjs.com/babylon.js:0:2919674)
    at e.render (https://cdn.babylonjs.com/babylon.js:0:2927939)
    at renderScene (http://localhost:5500/js/graphics.js?v=78:1285:10)
    at animate (http://localhost:5500/js/main.js?v=78:377:2)
[  481688ms] Uncaught TypeError: Cannot read properties of undefined (reading '_currentLOD')
    at e._prepareRenderingManager (https://cdn.babylonjs.com/babylon.js:0:1473870)
    at e.render (https://cdn.babylonjs.com/babylon.js:0:1470701)
    at t._renderToTarget (https://cdn.babylonjs.com/babylon.js:0:944126)
    at t._render (https://cdn.babylonjs.com/babylon.js:0:942773)
    at t.render (https://cdn.babylonjs.com/babylon.js:0:941741)
    at e._renderForCamera (https://cdn.babylonjs.com/babylon.js:0:2917619)
    at e._processSubCameras (https://cdn.babylonjs.com/babylon.js:0:2919674)
    at e.render (https://cdn.babylonjs.com/babylon.js:0:2927939)
    at renderScene (http://localhost:5500/js/graphics.js?v=78:1285:10)
    at animate (http://localhost:5500/js/main.js?v=78:377:2)
[  481705ms] Uncaught TypeError: Cannot read properties of undefined (reading '_currentLOD')
    at e._prepareRenderingManager (https://cdn.babylonjs.com/babylon.js:0:1473870)
    at e.render (https://cdn.babylonjs.com/babylon.js:0:1470701)
    at t._renderToTarget (https://cdn.babylonjs.com/babylon.js:0:944126)
    at t._render (https://cdn.babylonjs.com/babylon.js:0:942773)
    at t.render (https://cdn.babylonjs.com/babylon.js:0:941741)
    at e._renderForCamera (https://cdn.babylonjs.com/babylon.js:0:2917619)
    at e._processSubCameras (https://cdn.babylonjs.com/babylon.js:0:2919674)
    at e.render (https://cdn.babylonjs.com/babylon.js:0:2927939)
    at renderScene (http://localhost:5500/js/graphics.js?v=78:1285:10)
    at animate (http://localhost:5500/js/main.js?v=78:377:2)
[  481721ms] Uncaught TypeError: Cannot read properties of undefined (reading '_currentLOD')
    at e._prepareRenderingManager (https://cdn.babylonjs.com/babylon.js:0:1473870)
    at e.render (https://cdn.babylonjs.com/babylon.js:0:1470701)
    at t._renderToTarget (https://cdn.babylonjs.com/babylon.js:0:944126)
    at t._render (https://cdn.babylonjs.com/babylon.js:0:942773)
    at t.render (https://cdn.babylonjs.com/babylon.js:0:941741)
    at e._renderForCamera (https://cdn.babylonjs.com/babylon.js:0:2917619)
    at e._processSubCameras (https://cdn.babylonjs.com/babylon.js:0:2919674)
    at e.render (https://cdn.babylonjs.com/babylon.js:0:2927939)
    at renderScene (http://localhost:5500/js/graphics.js?v=78:1285:10)
    at animate (http://localhost:5500/js/main.js?v=78:377:2)
[  481738ms] Uncaught TypeError: Cannot read properties of undefined (reading '_currentLOD')
    at e._prepareRenderingManager (https://cdn.babylonjs.com/babylon.js:0:1473870)
    at e.render (https://cdn.babylonjs.com/babylon.js:0:1470701)
    at t._renderToTarget (https://cdn.babylonjs.com/babylon.js:0:944126)
    at t._render (https://cdn.babylonjs.com/babylon.js:0:942773)
    at t.render (https://cdn.babylonjs.com/babylon.js:0:941741)
    at e._renderForCamera (https://cdn.babylonjs.com/babylon.js:0:2917619)
    at e._processSubCameras (https://cdn.babylonjs.com/babylon.js:0:2919674)
    at e.render (https://cdn.babylonjs.com/babylon.js:0:2927939)
    at renderScene (http://localhost:5500/js/graphics.js?v=78:1285:10)
    at animate (http://localhost:5500/js/main.js?v=78:377:2)
[  481755ms] Uncaught TypeError: Cannot read properties of undefined (reading '_currentLOD')
    at e._prepareRenderingManager (https://cdn.babylonjs.com/babylon.js:0:1473870)
    at e.render (https://cdn.babylonjs.com/babylon.js:0:1470701)
    at t._renderToTarget (https://cdn.babylonjs.com/babylon.js:0:944126)
    at t._render (https://cdn.babylonjs.com/babylon.js:0:942773)
    at t.render (https://cdn.babylonjs.com/babylon.js:0:941741)
    at e._renderForCamera (https://cdn.babylonjs.com/babylon.js:0:2917619)
    at e._processSubCameras (https://cdn.babylonjs.com/babylon.js:0:2919674)
    at e.render (https://cdn.babylonjs.com/babylon.js:0:2927939)
    at renderScene (http://localhost:5500/js/graphics.js?v=78:1285:10)
    at animate (http://localhost:5500/js/main.js?v=78:377:2)
[  481771ms] Uncaught TypeError: Cannot read properties of undefined (reading '_currentLOD')
    at e._prepareRenderingManager (https://cdn.babylonjs.com/babylon.js:0:1473870)
    at e.render (https://cdn.babylonjs.com/babylon.js:0:1470701)
    at t._renderToTarget (https://cdn.babylonjs.com/babylon.js:0:944126)
    at t._render (https://cdn.babylonjs.com/babylon.js:0:942773)
    at t.render (https://cdn.babylonjs.com/babylon.js:0:941741)
    at e._renderForCamera (https://cdn.babylonjs.com/babylon.js:0:2917619)
    at e._processSubCameras (https://cdn.babylonjs.com/babylon.js:0:2919674)
    at e.render (https://cdn.babylonjs.com/babylon.js:0:2927939)
    at renderScene (http://localhost:5500/js/graphics.js?v=78:1285:10)
    at animate (http://localhost:5500/js/main.js?v=78:377:2)
[  481788ms] Uncaught TypeError: Cannot read properties of undefined (reading '_currentLOD')
    at e._prepareRenderingManager (https://cdn.babylonjs.com/babylon.js:0:1473870)
    at e.render (https://cdn.babylonjs.com/babylon.js:0:1470701)
    at t._renderToTarget (https://cdn.babylonjs.com/babylon.js:0:944126)
    at t._render (https://cdn.babylonjs.com/babylon.js:0:942773)
    at t.render (https://cdn.babylonjs.com/babylon.js:0:941741)
    at e._renderForCamera (https://cdn.babylonjs.com/babylon.js:0:2917619)
    at e._processSubCameras (https://cdn.babylonjs.com/babylon.js:0:2919674)
    at e.render (https://cdn.babylonjs.com/babylon.js:0:2927939)
    at renderScene (http://localhost:5500/js/graphics.js?v=78:1285:10)
    at animate (http://localhost:5500/js/main.js?v=78:377:2)
[  481805ms] Uncaught TypeError: Cannot read properties of undefined (reading '_currentLOD')
    at e._prepareRenderingManager (https://cdn.babylonjs.com/babylon.js:0:1473870)
    at e.render (https://cdn.babylonjs.com/babylon.js:0:1470701)
    at t._renderToTarget (https://cdn.babylonjs.com/babylon.js:0:944126)
    at t._render (https://cdn.babylonjs.com/babylon.js:0:942773)
    at t.render (https://cdn.babylonjs.com/babylon.js:0:941741)
    at e._renderForCamera (https://cdn.babylonjs.com/babylon.js:0:2917619)
    at e._processSubCameras (https://cdn.babylonjs.com/babylon.js:0:2919674)
    at e.render (https://cdn.babylonjs.com/babylon.js:0:2927939)
    at renderScene (http://localhost:5500/js/graphics.js?v=78:1285:10)
    at animate (http://localhost:5500/js/main.js?v=78:377:2)
[  481823ms] Uncaught TypeError: Cannot read properties of undefined (reading '_currentLOD')
    at e._prepareRenderingManager (https://cdn.babylonjs.com/babylon.js:0:1473870)
    at e.render (https://cdn.babylonjs.com/babylon.js:0:1470701)
    at t._renderToTarget (https://cdn.babylonjs.com/babylon.js:0:944126)
    at t._render (https://cdn.babylonjs.com/babylon.js:0:942773)
    at t.render (https://cdn.babylonjs.com/babylon.js:0:941741)
    at e._renderForCamera (https://cdn.babylonjs.com/babylon.js:0:2917619)
    at e._processSubCameras (https://cdn.babylonjs.com/babylon.js:0:2919674)
    at e.render (https://cdn.babylonjs.com/babylon.js:0:2927939)
    at renderScene (http://localhost:5500/js/graphics.js?v=78:1285:10)
    at animate (http://localhost:5500/js/main.js?v=78:377:2)
[  481838ms] Uncaught TypeError: Cannot read properties of undefined (reading '_currentLOD')
    at e._prepareRenderingManager (https://cdn.babylonjs.com/babylon.js:0:1473870)
    at e.render (https://cdn.babylonjs.com/babylon.js:0:1470701)
    at t._renderToTarget (https://cdn.babylonjs.com/babylon.js:0:944126)
    at t._render (https://cdn.babylonjs.com/babylon.js:0:942773)
    at t.render (https://cdn.babylonjs.com/babylon.js:0:941741)
    at e._renderForCamera (https://cdn.babylonjs.com/babylon.js:0:2917619)
    at e._processSubCameras (https://cdn.babylonjs.com/babylon.js:0:2919674)
    at e.render (https://cdn.babylonjs.com/babylon.js:0:2927939)
    at renderScene (http://localhost:5500/js/graphics.js?v=78:1285:10)
    at animate (http://localhost:5500/js/main.js?v=78:377:2)
[  481854ms] Uncaught TypeError: Cannot read properties of undefined (reading '_currentLOD')
    at e._prepareRenderingManager (https://cdn.babylonjs.com/babylon.js:0:1473870)
    at e.render (https://cdn.babylonjs.com/babylon.js:0:1470701)
    at t._renderToTarget (https://cdn.babylonjs.com/babylon.js:0:944126)
    at t._render (https://cdn.babylonjs.com/babylon.js:0:942773)
    at t.render (https://cdn.babylonjs.com/babylon.js:0:941741)
    at e._renderForCamera (https://cdn.babylonjs.com/babylon.js:0:2917619)
    at e._processSubCameras (https://cdn.babylonjs.com/babylon.js:0:2919674)
    at e.render (https://cdn.babylonjs.com/babylon.js:0:2927939)
    at renderScene (http://localhost:5500/js/graphics.js?v=78:1285:10)
    at animate (http://localhost:5500/js/main.js?v=78:377:2)
[  481871ms] Uncaught TypeError: Cannot read properties of undefined (reading '_currentLOD')
    at e._prepareRenderingManager (https://cdn.babylonjs.com/babylon.js:0:1473870)
    at e.render (https://cdn.babylonjs.com/babylon.js:0:1470701)
    at t._renderToTarget (https://cdn.babylonjs.com/babylon.js:0:944126)
    at t._render (https://cdn.babylonjs.com/babylon.js:0:942773)
    at t.render (https://cdn.babylonjs.com/babylon.js:0:941741)
    at e._renderForCamera (https://cdn.babylonjs.com/babylon.js:0:2917619)
    at e._processSubCameras (https://cdn.babylonjs.com/babylon.js:0:2919674)
    at e.render (https://cdn.babylonjs.com/babylon.js:0:2927939)
    at renderScene (http://localhost:5500/js/graphics.js?v=78:1285:10)
    at animate (http://localhost:5500/js/main.js?v=78:377:2)
[  481888ms] Uncaught TypeError: Cannot read properties of undefined (reading '_currentLOD')
    at e._prepareRenderingManager (https://cdn.babylonjs.com/babylon.js:0:1473870)
    at e.render (https://cdn.babylonjs.com/babylon.js:0:1470701)
    at t._renderToTarget (https://cdn.babylonjs.com/babylon.js:0:944126)
    at t._render (https://cdn.babylonjs.com/babylon.js:0:942773)
    at t.render (https://cdn.babylonjs.com/babylon.js:0:941741)
    at e._renderForCamera (https://cdn.babylonjs.com/babylon.js:0:2917619)
    at e._processSubCameras (https://cdn.babylonjs.com/babylon.js:0:2919674)
    at e.render (https://cdn.babylonjs.com/babylon.js:0:2927939)
    at renderScene (http://localhost:5500/js/graphics.js?v=78:1285:10)
    at animate (http://localhost:5500/js/main.js?v=78:377:2)
[  481905ms] Uncaught TypeError: Cannot read properties of undefined (reading '_currentLOD')
    at e._prepareRenderingManager (https://cdn.babylonjs.com/babylon.js:0:1473870)
    at e.render (https://cdn.babylonjs.com/babylon.js:0:1470701)
    at t._renderToTarget (https://cdn.babylonjs.com/babylon.js:0:944126)
    at t._render (https://cdn.babylonjs.com/babylon.js:0:942773)
    at t.render (https://cdn.babylonjs.com/babylon.js:0:941741)
    at e._renderForCamera (https://cdn.babylonjs.com/babylon.js:0:2917619)
    at e._processSubCameras (https://cdn.babylonjs.com/babylon.js:0:2919674)
    at e.render (https://cdn.babylonjs.com/babylon.js:0:2927939)
    at renderScene (http://localhost:5500/js/graphics.js?v=78:1285:10)
    at animate (http://localhost:5500/js/main.js?v=78:377:2)
[  481922ms] Uncaught TypeError: Cannot read properties of undefined (reading '_currentLOD')
    at e._prepareRenderingManager (https://cdn.babylonjs.com/babylon.js:0:1473870)
    at e.render (https://cdn.babylonjs.com/babylon.js:0:1470701)
    at t._renderToTarget (https://cdn.babylonjs.com/babylon.js:0:944126)
    at t._render (https://cdn.babylonjs.com/babylon.js:0:942773)
    at t.render (https://cdn.babylonjs.com/babylon.js:0:941741)
    at e._renderForCamera (https://cdn.babylonjs.com/babylon.js:0:2917619)
    at e._processSubCameras (https://cdn.babylonjs.com/babylon.js:0:2919674)
    at e.render (https://cdn.babylonjs.com/babylon.js:0:2927939)
    at renderScene (http://localhost:5500/js/graphics.js?v=78:1285:10)
    at animate (http://localhost:5500/js/main.js?v=78:377:2)
[  481938ms] Uncaught TypeError: Cannot read properties of undefined (reading '_currentLOD')
    at e._prepareRenderingManager (https://cdn.babylonjs.com/babylon.js:0:1473870)
    at e.render (https://cdn.babylonjs.com/babylon.js:0:1470701)
    at t._renderToTarget (https://cdn.babylonjs.com/babylon.js:0:944126)
    at t._render (https://cdn.babylonjs.com/babylon.js:0:942773)
    at t.render (https://cdn.babylonjs.com/babylon.js:0:941741)
    at e._renderForCamera (https://cdn.babylonjs.com/babylon.js:0:2917619)
    at e._processSubCameras (https://cdn.babylonjs.com/babylon.js:0:2919674)
    at e.render (https://cdn.babylonjs.com/babylon.js:0:2927939)
    at renderScene (http://localhost:5500/js/graphics.js?v=78:1285:10)
    at animate (http://localhost:5500/js/main.js?v=78:377:2)
[  481955ms] Uncaught TypeError: Cannot read properties of undefined (reading '_currentLOD')
    at e._prepareRenderingManager (https://cdn.babylonjs.com/babylon.js:0:1473870)
    at e.render (https://cdn.babylonjs.com/babylon.js:0:1470701)
    at t._renderToTarget (https://cdn.babylonjs.com/babylon.js:0:944126)
    at t._render (https://cdn.babylonjs.com/babylon.js:0:942773)
    at t.render (https://cdn.babylonjs.com/babylon.js:0:941741)
    at e._renderForCamera (https://cdn.babylonjs.com/babylon.js:0:2917619)
    at e._processSubCameras (https://cdn.babylonjs.com/babylon.js:0:2919674)
    at e.render (https://cdn.babylonjs.com/babylon.js:0:2927939)
    at renderScene (http://localhost:5500/js/graphics.js?v=78:1285:10)
    at animate (http://localhost:5500/js/main.js?v=78:377:2)
[  481972ms] Uncaught TypeError: Cannot read properties of undefined (reading '_currentLOD')
    at e._prepareRenderingManager (https://cdn.babylonjs.com/babylon.js:0:1473870)
    at e.render (https://cdn.babylonjs.com/babylon.js:0:1470701)
    at t._renderToTarget (https://cdn.babylonjs.com/babylon.js:0:944126)
    at t._render (https://cdn.babylonjs.com/babylon.js:0:942773)
    at t.render (https://cdn.babylonjs.com/babylon.js:0:941741)
    at e._renderForCamera (https://cdn.babylonjs.com/babylon.js:0:2917619)
    at e._processSubCameras (https://cdn.babylonjs.com/babylon.js:0:2919674)
    at e.render (https://cdn.babylonjs.com/babylon.js:0:2927939)
    at renderScene (http://localhost:5500/js/graphics.js?v=78:1285:10)
    at animate (http://localhost:5500/js/main.js?v=78:377:2)
[  481989ms] Uncaught TypeError: Cannot read properties of undefined (reading '_currentLOD')
    at e._prepareRenderingManager (https://cdn.babylonjs.com/babylon.js:0:1473870)
    at e.render (https://cdn.babylonjs.com/babylon.js:0:1470701)
    at t._renderToTarget (https://cdn.babylonjs.com/babylon.js:0:944126)
    at t._render (https://cdn.babylonjs.com/babylon.js:0:942773)
    at t.render (https://cdn.babylonjs.com/babylon.js:0:941741)
    at e._renderForCamera (https://cdn.babylonjs.com/babylon.js:0:2917619)
    at e._processSubCameras (https://cdn.babylonjs.com/babylon.js:0:2919674)
    at e.render (https://cdn.babylonjs.com/babylon.js:0:2927939)
    at renderScene (http://localhost:5500/js/graphics.js?v=78:1285:10)
    at animate (http://localhost:5500/js/main.js?v=78:377:2)
[  482005ms] Uncaught TypeError: Cannot read properties of undefined (reading '_currentLOD')
    at e._prepareRenderingManager (https://cdn.babylonjs.com/babylon.js:0:1473870)
    at e.render (https://cdn.babylonjs.com/babylon.js:0:1470701)
    at t._renderToTarget (https://cdn.babylonjs.com/babylon.js:0:944126)
    at t._render (https://cdn.babylonjs.com/babylon.js:0:942773)
    at t.render (https://cdn.babylonjs.com/babylon.js:0:941741)
    at e._renderForCamera (https://cdn.babylonjs.com/babylon.js:0:2917619)
    at e._processSubCameras (https://cdn.babylonjs.com/babylon.js:0:2919674)
    at e.render (https://cdn.babylonjs.com/babylon.js:0:2927939)
    at renderScene (http://localhost:5500/js/graphics.js?v=78:1285:10)
    at animate (http://localhost:5500/js/main.js?v=78:377:2)
[  482022ms] Uncaught TypeError: Cannot read properties of undefined (reading '_currentLOD')
    at e._prepareRenderingManager (https://cdn.babylonjs.com/babylon.js:0:1473870)
    at e.render (https://cdn.babylonjs.com/babylon.js:0:1470701)
    at t._renderToTarget (https://cdn.babylonjs.com/babylon.js:0:944126)
    at t._render (https://cdn.babylonjs.com/babylon.js:0:942773)
    at t.render (https://cdn.babylonjs.com/babylon.js:0:941741)
    at e._renderForCamera (https://cdn.babylonjs.com/babylon.js:0:2917619)
    at e._processSubCameras (https://cdn.babylonjs.com/babylon.js:0:2919674)
    at e.render (https://cdn.babylonjs.com/babylon.js:0:2927939)
    at renderScene (http://localhost:5500/js/graphics.js?v=78:1285:10)
    at animate (http://localhost:5500/js/main.js?v=78:377:2)
[  482051ms] Uncaught TypeError: Cannot read properties of undefined (reading '_currentLOD')
    at e._prepareRenderingManager (https://cdn.babylonjs.com/babylon.js:0:1473870)
    at e.render (https://cdn.babylonjs.com/babylon.js:0:1470701)
    at t._renderToTarget (https://cdn.babylonjs.com/babylon.js:0:944126)
    at t._render (https://cdn.babylonjs.com/babylon.js:0:942773)
    at t.render (https://cdn.babylonjs.com/babylon.js:0:941741)
    at e._renderForCamera (https://cdn.babylonjs.com/babylon.js:0:2917619)
    at e._processSubCameras (https://cdn.babylonjs.com/babylon.js:0:2919674)
    at e.render (https://cdn.babylonjs.com/babylon.js:0:2927939)
    at renderScene (http://localhost:5500/js/graphics.js?v=78:1285:10)
    at animate (http://localhost:5500/js/main.js?v=78:377:2)
[  482058ms] Uncaught TypeError: Cannot read properties of undefined (reading '_currentLOD')
    at e._prepareRenderingManager (https://cdn.babylonjs.com/babylon.js:0:1473870)
    at e.render (https://cdn.babylonjs.com/babylon.js:0:1470701)
    at t._renderToTarget (https://cdn.babylonjs.com/babylon.js:0:944126)
    at t._render (https://cdn.babylonjs.com/babylon.js:0:942773)
    at t.render (https://cdn.babylonjs.com/babylon.js:0:941741)
    at e._renderForCamera (https://cdn.babylonjs.com/babylon.js:0:2917619)
    at e._processSubCameras (https://cdn.babylonjs.com/babylon.js:0:2919674)
    at e.render (https://cdn.babylonjs.com/babylon.js:0:2927939)
    at renderScene (http://localhost:5500/js/graphics.js?v=78:1285:10)
    at animate (http://localhost:5500/js/main.js?v=78:377:2)
[  482073ms] Uncaught TypeError: Cannot read properties of undefined (reading '_currentLOD')
    at e._prepareRenderingManager (https://cdn.babylonjs.com/babylon.js:0:1473870)
    at e.render (https://cdn.babylonjs.com/babylon.js:0:1470701)
    at t._renderToTarget (https://cdn.babylonjs.com/babylon.js:0:944126)
    at t._render (https://cdn.babylonjs.com/babylon.js:0:942773)
    at t.render (https://cdn.babylonjs.com/babylon.js:0:941741)
    at e._renderForCamera (https://cdn.babylonjs.com/babylon.js:0:2917619)
    at e._processSubCameras (https://cdn.babylonjs.com/babylon.js:0:2919674)
    at e.render (https://cdn.babylonjs.com/babylon.js:0:2927939)
    at renderScene (http://localhost:5500/js/graphics.js?v=78:1285:10)
    at animate (http://localhost:5500/js/main.js?v=78:377:2)
[  482090ms] Uncaught TypeError: Cannot read properties of undefined (reading '_currentLOD')
    at e._prepareRenderingManager (https://cdn.babylonjs.com/babylon.js:0:1473870)
    at e.render (https://cdn.babylonjs.com/babylon.js:0:1470701)
    at t._renderToTarget (https://cdn.babylonjs.com/babylon.js:0:944126)
    at t._render (https://cdn.babylonjs.com/babylon.js:0:942773)
    at t.render (https://cdn.babylonjs.com/babylon.js:0:941741)
    at e._renderForCamera (https://cdn.babylonjs.com/babylon.js:0:2917619)
    at e._processSubCameras (https://cdn.babylonjs.com/babylon.js:0:2919674)
    at e.render (https://cdn.babylonjs.com/babylon.js:0:2927939)
    at renderScene (http://localhost:5500/js/graphics.js?v=78:1285:10)
    at animate (http://localhost:5500/js/main.js?v=78:377:2)
[  482107ms] Uncaught TypeError: Cannot read properties of undefined (reading '_currentLOD')
    at e._prepareRenderingManager (https://cdn.babylonjs.com/babylon.js:0:1473870)
    at e.render (https://cdn.babylonjs.com/babylon.js:0:1470701)
    at t._renderToTarget (https://cdn.babylonjs.com/babylon.js:0:944126)
    at t._render (https://cdn.babylonjs.com/babylon.js:0:942773)
    at t.render (https://cdn.babylonjs.com/babylon.js:0:941741)
    at e._renderForCamera (https://cdn.babylonjs.com/babylon.js:0:2917619)
    at e._processSubCameras (https://cdn.babylonjs.com/babylon.js:0:2919674)
    at e.render (https://cdn.babylonjs.com/babylon.js:0:2927939)
    at renderScene (http://localhost:5500/js/graphics.js?v=78:1285:10)
    at animate (http://localhost:5500/js/main.js?v=78:377:2)
[  482123ms] Uncaught TypeError: Cannot read properties of undefined (reading '_currentLOD')
    at e._prepareRenderingManager (https://cdn.babylonjs.com/babylon.js:0:1473870)
    at e.render (https://cdn.babylonjs.com/babylon.js:0:1470701)
    at t._renderToTarget (https://cdn.babylonjs.com/babylon.js:0:944126)
    at t._render (https://cdn.babylonjs.com/babylon.js:0:942773)
    at t.render (https://cdn.babylonjs.com/babylon.js:0:941741)
    at e._renderForCamera (https://cdn.babylonjs.com/babylon.js:0:2917619)
    at e._processSubCameras (https://cdn.babylonjs.com/babylon.js:0:2919674)
    at e.render (https://cdn.babylonjs.com/babylon.js:0:2927939)
    at renderScene (http://localhost:5500/js/graphics.js?v=78:1285:10)
    at animate (http://localhost:5500/js/main.js?v=78:377:2)
[  482157ms] Uncaught TypeError: Cannot read properties of undefined (reading '_currentLOD')
    at e._prepareRenderingManager (https://cdn.babylonjs.com/babylon.js:0:1473870)
    at e.render (https://cdn.babylonjs.com/babylon.js:0:1470701)
    at t._renderToTarget (https://cdn.babylonjs.com/babylon.js:0:944126)
    at t._render (https://cdn.babylonjs.com/babylon.js:0:942773)
    at t.render (https://cdn.babylonjs.com/babylon.js:0:941741)
    at e._renderForCamera (https://cdn.babylonjs.com/babylon.js:0:2917619)
    at e._processSubCameras (https://cdn.babylonjs.com/babylon.js:0:2919674)
    at e.render (https://cdn.babylonjs.com/babylon.js:0:2927939)
    at renderScene (http://localhost:5500/js/graphics.js?v=78:1285:10)
    at animate (http://localhost:5500/js/main.js?v=78:377:2)
[  482159ms] Uncaught TypeError: Cannot read properties of undefined (reading '_currentLOD')
    at e._prepareRenderingManager (https://cdn.babylonjs.com/babylon.js:0:1473870)
    at e.render (https://cdn.babylonjs.com/babylon.js:0:1470701)
    at t._renderToTarget (https://cdn.babylonjs.com/babylon.js:0:944126)
    at t._render (https://cdn.babylonjs.com/babylon.js:0:942773)
    at t.render (https://cdn.babylonjs.com/babylon.js:0:941741)
    at e._renderForCamera (https://cdn.babylonjs.com/babylon.js:0:2917619)
    at e._processSubCameras (https://cdn.babylonjs.com/babylon.js:0:2919674)
    at e.render (https://cdn.babylonjs.com/babylon.js:0:2927939)
    at renderScene (http://localhost:5500/js/graphics.js?v=78:1285:10)
    at animate (http://localhost:5500/js/main.js?v=78:377:2)
[  482176ms] Uncaught TypeError: Cannot read properties of undefined (reading '_currentLOD')
    at e._prepareRenderingManager (https://cdn.babylonjs.com/babylon.js:0:1473870)
    at e.render (https://cdn.babylonjs.com/babylon.js:0:1470701)
    at t._renderToTarget (https://cdn.babylonjs.com/babylon.js:0:944126)
    at t._render (https://cdn.babylonjs.com/babylon.js:0:942773)
    at t.render (https://cdn.babylonjs.com/babylon.js:0:941741)
    at e._renderForCamera (https://cdn.babylonjs.com/babylon.js:0:2917619)
    at e._processSubCameras (https://cdn.babylonjs.com/babylon.js:0:2919674)
    at e.render (https://cdn.babylonjs.com/babylon.js:0:2927939)
    at renderScene (http://localhost:5500/js/graphics.js?v=78:1285:10)
    at animate (http://localhost:5500/js/main.js?v=78:377:2)
[  482189ms] Uncaught TypeError: Cannot read properties of undefined (reading '_currentLOD')
    at e._prepareRenderingManager (https://cdn.babylonjs.com/babylon.js:0:1473870)
    at e.render (https://cdn.babylonjs.com/babylon.js:0:1470701)
    at t._renderToTarget (https://cdn.babylonjs.com/babylon.js:0:944126)
    at t._render (https://cdn.babylonjs.com/babylon.js:0:942773)
    at t.render (https://cdn.babylonjs.com/babylon.js:0:941741)
    at e._renderForCamera (https://cdn.babylonjs.com/babylon.js:0:2917619)
    at e._processSubCameras (https://cdn.babylonjs.com/babylon.js:0:2919674)
    at e.render (https://cdn.babylonjs.com/babylon.js:0:2927939)
    at renderScene (http://localhost:5500/js/graphics.js?v=78:1285:10)
    at animate (http://localhost:5500/js/main.js?v=78:377:2)
[  482207ms] Uncaught TypeError: Cannot read properties of undefined (reading '_currentLOD')
    at e._prepareRenderingManager (https://cdn.babylonjs.com/babylon.js:0:1473870)
    at e.render (https://cdn.babylonjs.com/babylon.js:0:1470701)
    at t._renderToTarget (https://cdn.babylonjs.com/babylon.js:0:944126)
    at t._render (https://cdn.babylonjs.com/babylon.js:0:942773)
    at t.render (https://cdn.babylonjs.com/babylon.js:0:941741)
    at e._renderForCamera (https://cdn.babylonjs.com/babylon.js:0:2917619)
    at e._processSubCameras (https://cdn.babylonjs.com/babylon.js:0:2919674)
    at e.render (https://cdn.babylonjs.com/babylon.js:0:2927939)
    at renderScene (http://localhost:5500/js/graphics.js?v=78:1285:10)
    at animate (http://localhost:5500/js/main.js?v=78:377:2)
[  482224ms] Uncaught TypeError: Cannot read properties of undefined (reading '_currentLOD')
    at e._prepareRenderingManager (https://cdn.babylonjs.com/babylon.js:0:1473870)
    at e.render (https://cdn.babylonjs.com/babylon.js:0:1470701)
    at t._renderToTarget (https://cdn.babylonjs.com/babylon.js:0:944126)
    at t._render (https://cdn.babylonjs.com/babylon.js:0:942773)
    at t.render (https://cdn.babylonjs.com/babylon.js:0:941741)
    at e._renderForCamera (https://cdn.babylonjs.com/babylon.js:0:2917619)
    at e._processSubCameras (https://cdn.babylonjs.com/babylon.js:0:2919674)
    at e.render (https://cdn.babylonjs.com/babylon.js:0:2927939)
    at renderScene (http://localhost:5500/js/graphics.js?v=78:1285:10)
    at animate (http://localhost:5500/js/main.js?v=78:377:2)
[  482239ms] Uncaught TypeError: Cannot read properties of undefined (reading '_currentLOD')
    at e._prepareRenderingManager (https://cdn.babylonjs.com/babylon.js:0:1473870)
    at e.render (https://cdn.babylonjs.com/babylon.js:0:1470701)
    at t._renderToTarget (https://cdn.babylonjs.com/babylon.js:0:944126)
    at t._render (https://cdn.babylonjs.com/babylon.js:0:942773)
    at t.render (https://cdn.babylonjs.com/babylon.js:0:941741)
    at e._renderForCamera (https://cdn.babylonjs.com/babylon.js:0:2917619)
    at e._processSubCameras (https://cdn.babylonjs.com/babylon.js:0:2919674)
    at e.render (https://cdn.babylonjs.com/babylon.js:0:2927939)
    at renderScene (http://localhost:5500/js/graphics.js?v=78:1285:10)
    at animate (http://localhost:5500/js/main.js?v=78:377:2)
[  482260ms] Uncaught TypeError: Cannot read properties of undefined (reading '_currentLOD')
    at e._prepareRenderingManager (https://cdn.babylonjs.com/babylon.js:0:1473870)
    at e.render (https://cdn.babylonjs.com/babylon.js:0:1470701)
    at t._renderToTarget (https://cdn.babylonjs.com/babylon.js:0:944126)
    at t._render (https://cdn.babylonjs.com/babylon.js:0:942773)
    at t.render (https://cdn.babylonjs.com/babylon.js:0:941741)
    at e._renderForCamera (https://cdn.babylonjs.com/babylon.js:0:2917619)
    at e._processSubCameras (https://cdn.babylonjs.com/babylon.js:0:2919674)
    at e.render (https://cdn.babylonjs.com/babylon.js:0:2927939)
    at renderScene (http://localhost:5500/js/graphics.js?v=78:1285:10)
    at animate (http://localhost:5500/js/main.js?v=78:377:2)
[  482275ms] Uncaught TypeError: Cannot read properties of undefined (reading '_currentLOD')
    at e._prepareRenderingManager (https://cdn.babylonjs.com/babylon.js:0:1473870)
    at e.render (https://cdn.babylonjs.com/babylon.js:0:1470701)
    at t._renderToTarget (https://cdn.babylonjs.com/babylon.js:0:944126)
    at t._render (https://cdn.babylonjs.com/babylon.js:0:942773)
    at t.render (https://cdn.babylonjs.com/babylon.js:0:941741)
    at e._renderForCamera (https://cdn.babylonjs.com/babylon.js:0:2917619)
    at e._processSubCameras (https://cdn.babylonjs.com/babylon.js:0:2919674)
    at e.render (https://cdn.babylonjs.com/babylon.js:0:2927939)
    at renderScene (http://localhost:5500/js/graphics.js?v=78:1285:10)
    at animate (http://localhost:5500/js/main.js?v=78:377:2)
[  482290ms] Uncaught TypeError: Cannot read properties of undefined (reading '_currentLOD')
    at e._prepareRenderingManager (https://cdn.babylonjs.com/babylon.js:0:1473870)
    at e.render (https://cdn.babylonjs.com/babylon.js:0:1470701)
    at t._renderToTarget (https://cdn.babylonjs.com/babylon.js:0:944126)
    at t._render (https://cdn.babylonjs.com/babylon.js:0:942773)
    at t.render (https://cdn.babylonjs.com/babylon.js:0:941741)
    at e._renderForCamera (https://cdn.babylonjs.com/babylon.js:0:2917619)
    at e._processSubCameras (https://cdn.babylonjs.com/babylon.js:0:2919674)
    at e.render (https://cdn.babylonjs.com/babylon.js:0:2927939)
    at renderScene (http://localhost:5500/js/graphics.js?v=78:1285:10)
    at animate (http://localhost:5500/js/main.js?v=78:377:2)
[  482306ms] Uncaught TypeError: Cannot read properties of undefined (reading '_currentLOD')
    at e._prepareRenderingManager (https://cdn.babylonjs.com/babylon.js:0:1473870)
    at e.render (https://cdn.babylonjs.com/babylon.js:0:1470701)
    at t._renderToTarget (https://cdn.babylonjs.com/babylon.js:0:944126)
    at t._render (https://cdn.babylonjs.com/babylon.js:0:942773)
    at t.render (https://cdn.babylonjs.com/babylon.js:0:941741)
    at e._renderForCamera (https://cdn.babylonjs.com/babylon.js:0:2917619)
    at e._processSubCameras (https://cdn.babylonjs.com/babylon.js:0:2919674)
    at e.render (https://cdn.babylonjs.com/babylon.js:0:2927939)
    at renderScene (http://localhost:5500/js/graphics.js?v=78:1285:10)
    at animate (http://localhost:5500/js/main.js?v=78:377:2)
[  482322ms] Uncaught TypeError: Cannot read properties of undefined (reading '_currentLOD')
    at e._prepareRenderingManager (https://cdn.babylonjs.com/babylon.js:0:1473870)
    at e.render (https://cdn.babylonjs.com/babylon.js:0:1470701)
    at t._renderToTarget (https://cdn.babylonjs.com/babylon.js:0:944126)
    at t._render (https://cdn.babylonjs.com/babylon.js:0:942773)
    at t.render (https://cdn.babylonjs.com/babylon.js:0:941741)
    at e._renderForCamera (https://cdn.babylonjs.com/babylon.js:0:2917619)
    at e._processSubCameras (https://cdn.babylonjs.com/babylon.js:0:2919674)
    at e.render (https://cdn.babylonjs.com/babylon.js:0:2927939)
    at renderScene (http://localhost:5500/js/graphics.js?v=78:1285:10)
    at animate (http://localhost:5500/js/main.js?v=78:377:2)
[  482342ms] Uncaught TypeError: Cannot read properties of undefined (reading '_currentLOD')
    at e._prepareRenderingManager (https://cdn.babylonjs.com/babylon.js:0:1473870)
    at e.render (https://cdn.babylonjs.com/babylon.js:0:1470701)
    at t._renderToTarget (https://cdn.babylonjs.com/babylon.js:0:944126)
    at t._render (https://cdn.babylonjs.com/babylon.js:0:942773)
    at t.render (https://cdn.babylonjs.com/babylon.js:0:941741)
    at e._renderForCamera (https://cdn.babylonjs.com/babylon.js:0:2917619)
    at e._processSubCameras (https://cdn.babylonjs.com/babylon.js:0:2919674)
    at e.render (https://cdn.babylonjs.com/babylon.js:0:2927939)
    at renderScene (http://localhost:5500/js/graphics.js?v=78:1285:10)
    at animate (http://localhost:5500/js/main.js?v=78:377:2)
[  482356ms] Uncaught TypeError: Cannot read properties of undefined (reading '_currentLOD')
    at e._prepareRenderingManager (https://cdn.babylonjs.com/babylon.js:0:1473870)
    at e.render (https://cdn.babylonjs.com/babylon.js:0:1470701)
    at t._renderToTarget (https://cdn.babylonjs.com/babylon.js:0:944126)
    at t._render (https://cdn.babylonjs.com/babylon.js:0:942773)
    at t.render (https://cdn.babylonjs.com/babylon.js:0:941741)
    at e._renderForCamera (https://cdn.babylonjs.com/babylon.js:0:2917619)
    at e._processSubCameras (https://cdn.babylonjs.com/babylon.js:0:2919674)
    at e.render (https://cdn.babylonjs.com/babylon.js:0:2927939)
    at renderScene (http://localhost:5500/js/graphics.js?v=78:1285:10)
    at animate (http://localhost:5500/js/main.js?v=78:377:2)
[  482373ms] Uncaught TypeError: Cannot read properties of undefined (reading '_currentLOD')
    at e._prepareRenderingManager (https://cdn.babylonjs.com/babylon.js:0:1473870)
    at e.render (https://cdn.babylonjs.com/babylon.js:0:1470701)
    at t._renderToTarget (https://cdn.babylonjs.com/babylon.js:0:944126)
    at t._render (https://cdn.babylonjs.com/babylon.js:0:942773)
    at t.render (https://cdn.babylonjs.com/babylon.js:0:941741)
    at e._renderForCamera (https://cdn.babylonjs.com/babylon.js:0:2917619)
    at e._processSubCameras (https://cdn.babylonjs.com/babylon.js:0:2919674)
    at e.render (https://cdn.babylonjs.com/babylon.js:0:2927939)
    at renderScene (http://localhost:5500/js/graphics.js?v=78:1285:10)
    at animate (http://localhost:5500/js/main.js?v=78:377:2)
[  482390ms] Uncaught TypeError: Cannot read properties of undefined (reading '_currentLOD')
    at e._prepareRenderingManager (https://cdn.babylonjs.com/babylon.js:0:1473870)
    at e.render (https://cdn.babylonjs.com/babylon.js:0:1470701)
    at t._renderToTarget (https://cdn.babylonjs.com/babylon.js:0:944126)
    at t._render (https://cdn.babylonjs.com/babylon.js:0:942773)
    at t.render (https://cdn.babylonjs.com/babylon.js:0:941741)
    at e._renderForCamera (https://cdn.babylonjs.com/babylon.js:0:2917619)
    at e._processSubCameras (https://cdn.babylonjs.com/babylon.js:0:2919674)
    at e.render (https://cdn.babylonjs.com/babylon.js:0:2927939)
    at renderScene (http://localhost:5500/js/graphics.js?v=78:1285:10)
    at animate (http://localhost:5500/js/main.js?v=78:377:2)
[  482408ms] Uncaught TypeError: Cannot read properties of undefined (reading '_currentLOD')
    at e._prepareRenderingManager (https://cdn.babylonjs.com/babylon.js:0:1473870)
    at e.render (https://cdn.babylonjs.com/babylon.js:0:1470701)
    at t._renderToTarget (https://cdn.babylonjs.com/babylon.js:0:944126)
    at t._render (https://cdn.babylonjs.com/babylon.js:0:942773)
    at t.render (https://cdn.babylonjs.com/babylon.js:0:941741)
    at e._renderForCamera (https://cdn.babylonjs.com/babylon.js:0:2917619)
    at e._processSubCameras (https://cdn.babylonjs.com/babylon.js:0:2919674)
    at e.render (https://cdn.babylonjs.com/babylon.js:0:2927939)
    at renderScene (http://localhost:5500/js/graphics.js?v=78:1285:10)
    at animate (http://localhost:5500/js/main.js?v=78:377:2)
[  482426ms] Uncaught TypeError: Cannot read properties of undefined (reading '_currentLOD')
    at e._prepareRenderingManager (https://cdn.babylonjs.com/babylon.js:0:1473870)
    at e.render (https://cdn.babylonjs.com/babylon.js:0:1470701)
    at t._renderToTarget (https://cdn.babylonjs.com/babylon.js:0:944126)
    at t._render (https://cdn.babylonjs.com/babylon.js:0:942773)
    at t.render (https://cdn.babylonjs.com/babylon.js:0:941741)
    at e._renderForCamera (https://cdn.babylonjs.com/babylon.js:0:2917619)
    at e._processSubCameras (https://cdn.babylonjs.com/babylon.js:0:2919674)
    at e.render (https://cdn.babylonjs.com/babylon.js:0:2927939)
    at renderScene (http://localhost:5500/js/graphics.js?v=78:1285:10)
    at animate (http://localhost:5500/js/main.js?v=78:377:2)
[  482440ms] Uncaught TypeError: Cannot read properties of undefined (reading '_currentLOD')
    at e._prepareRenderingManager (https://cdn.babylonjs.com/babylon.js:0:1473870)
    at e.render (https://cdn.babylonjs.com/babylon.js:0:1470701)
    at t._renderToTarget (https://cdn.babylonjs.com/babylon.js:0:944126)
    at t._render (https://cdn.babylonjs.com/babylon.js:0:942773)
    at t.render (https://cdn.babylonjs.com/babylon.js:0:941741)
    at e._renderForCamera (https://cdn.babylonjs.com/babylon.js:0:2917619)
    at e._processSubCameras (https://cdn.babylonjs.com/babylon.js:0:2919674)
    at e.render (https://cdn.babylonjs.com/babylon.js:0:2927939)
    at renderScene (http://localhost:5500/js/graphics.js?v=78:1285:10)
    at animate (http://localhost:5500/js/main.js?v=78:377:2)
[  482457ms] Uncaught TypeError: Cannot read properties of undefined (reading '_currentLOD')
    at e._prepareRenderingManager (https://cdn.babylonjs.com/babylon.js:0:1473870)
    at e.render (https://cdn.babylonjs.com/babylon.js:0:1470701)
    at t._renderToTarget (https://cdn.babylonjs.com/babylon.js:0:944126)
    at t._render (https://cdn.babylonjs.com/babylon.js:0:942773)
    at t.render (https://cdn.babylonjs.com/babylon.js:0:941741)
    at e._renderForCamera (https://cdn.babylonjs.com/babylon.js:0:2917619)
    at e._processSubCameras (https://cdn.babylonjs.com/babylon.js:0:2919674)
    at e.render (https://cdn.babylonjs.com/babylon.js:0:2927939)
    at renderScene (http://localhost:5500/js/graphics.js?v=78:1285:10)
    at animate (http://localhost:5500/js/main.js?v=78:377:2)
[  482474ms] Uncaught TypeError: Cannot read properties of undefined (reading '_currentLOD')
    at e._prepareRenderingManager (https://cdn.babylonjs.com/babylon.js:0:1473870)
    at e.render (https://cdn.babylonjs.com/babylon.js:0:1470701)
    at t._renderToTarget (https://cdn.babylonjs.com/babylon.js:0:944126)
    at t._render (https://cdn.babylonjs.com/babylon.js:0:942773)
    at t.render (https://cdn.babylonjs.com/babylon.js:0:941741)
    at e._renderForCamera (https://cdn.babylonjs.com/babylon.js:0:2917619)
    at e._processSubCameras (https://cdn.babylonjs.com/babylon.js:0:2919674)
    at e.render (https://cdn.babylonjs.com/babylon.js:0:2927939)
    at renderScene (http://localhost:5500/js/graphics.js?v=78:1285:10)
    at animate (http://localhost:5500/js/main.js?v=78:377:2)
[  482491ms] Uncaught TypeError: Cannot read properties of undefined (reading '_currentLOD')
    at e._prepareRenderingManager (https://cdn.babylonjs.com/babylon.js:0:1473870)
    at e.render (https://cdn.babylonjs.com/babylon.js:0:1470701)
    at t._renderToTarget (https://cdn.babylonjs.com/babylon.js:0:944126)
    at t._render (https://cdn.babylonjs.com/babylon.js:0:942773)
    at t.render (https://cdn.babylonjs.com/babylon.js:0:941741)
    at e._renderForCamera (https://cdn.babylonjs.com/babylon.js:0:2917619)
    at e._processSubCameras (https://cdn.babylonjs.com/babylon.js:0:2919674)
    at e.render (https://cdn.babylonjs.com/babylon.js:0:2927939)
    at renderScene (http://localhost:5500/js/graphics.js?v=78:1285:10)
    at animate (http://localhost:5500/js/main.js?v=78:377:2)
[  482505ms] Uncaught TypeError: Cannot read properties of undefined (reading '_currentLOD')
    at e._prepareRenderingManager (https://cdn.babylonjs.com/babylon.js:0:1473870)
    at e.render (https://cdn.babylonjs.com/babylon.js:0:1470701)
    at t._renderToTarget (https://cdn.babylonjs.com/babylon.js:0:944126)
    at t._render (https://cdn.babylonjs.com/babylon.js:0:942773)
    at t.render (https://cdn.babylonjs.com/babylon.js:0:941741)
    at e._renderForCamera (https://cdn.babylonjs.com/babylon.js:0:2917619)
    at e._processSubCameras (https://cdn.babylonjs.com/babylon.js:0:2919674)
    at e.render (https://cdn.babylonjs.com/babylon.js:0:2927939)
    at renderScene (http://localhost:5500/js/graphics.js?v=78:1285:10)
    at animate (http://localhost:5500/js/main.js?v=78:377:2)
[  482523ms] Uncaught TypeError: Cannot read properties of undefined (reading '_currentLOD')
    at e._prepareRenderingManager (https://cdn.babylonjs.com/babylon.js:0:1473870)
    at e.render (https://cdn.babylonjs.com/babylon.js:0:1470701)
    at t._renderToTarget (https://cdn.babylonjs.com/babylon.js:0:944126)
    at t._render (https://cdn.babylonjs.com/babylon.js:0:942773)
    at t.render (https://cdn.babylonjs.com/babylon.js:0:941741)
    at e._renderForCamera (https://cdn.babylonjs.com/babylon.js:0:2917619)
    at e._processSubCameras (https://cdn.babylonjs.com/babylon.js:0:2919674)
    at e.render (https://cdn.babylonjs.com/babylon.js:0:2927939)
    at renderScene (http://localhost:5500/js/graphics.js?v=78:1285:10)
    at animate (http://localhost:5500/js/main.js?v=78:377:2)
[  482541ms] Uncaught TypeError: Cannot read properties of undefined (reading '_currentLOD')
    at e._prepareRenderingManager (https://cdn.babylonjs.com/babylon.js:0:1473870)
    at e.render (https://cdn.babylonjs.com/babylon.js:0:1470701)
    at t._renderToTarget (https://cdn.babylonjs.com/babylon.js:0:944126)
    at t._render (https://cdn.babylonjs.com/babylon.js:0:942773)
    at t.render (https://cdn.babylonjs.com/babylon.js:0:941741)
    at e._renderForCamera (https://cdn.babylonjs.com/babylon.js:0:2917619)
    at e._processSubCameras (https://cdn.babylonjs.com/babylon.js:0:2919674)
    at e.render (https://cdn.babylonjs.com/babylon.js:0:2927939)
    at renderScene (http://localhost:5500/js/graphics.js?v=78:1285:10)
    at animate (http://localhost:5500/js/main.js?v=78:377:2)
[  482556ms] Uncaught TypeError: Cannot read properties of undefined (reading '_currentLOD')
    at e._prepareRenderingManager (https://cdn.babylonjs.com/babylon.js:0:1473870)
    at e.render (https://cdn.babylonjs.com/babylon.js:0:1470701)
    at t._renderToTarget (https://cdn.babylonjs.com/babylon.js:0:944126)
    at t._render (https://cdn.babylonjs.com/babylon.js:0:942773)
    at t.render (https://cdn.babylonjs.com/babylon.js:0:941741)
    at e._renderForCamera (https://cdn.babylonjs.com/babylon.js:0:2917619)
    at e._processSubCameras (https://cdn.babylonjs.com/babylon.js:0:2919674)
    at e.render (https://cdn.babylonjs.com/babylon.js:0:2927939)
    at renderScene (http://localhost:5500/js/graphics.js?v=78:1285:10)
    at animate (http://localhost:5500/js/main.js?v=78:377:2)
[  482572ms] Uncaught TypeError: Cannot read properties of undefined (reading '_currentLOD')
    at e._prepareRenderingManager (https://cdn.babylonjs.com/babylon.js:0:1473870)
    at e.render (https://cdn.babylonjs.com/babylon.js:0:1470701)
    at t._renderToTarget (https://cdn.babylonjs.com/babylon.js:0:944126)
    at t._render (https://cdn.babylonjs.com/babylon.js:0:942773)
    at t.render (https://cdn.babylonjs.com/babylon.js:0:941741)
    at e._renderForCamera (https://cdn.babylonjs.com/babylon.js:0:2917619)
    at e._processSubCameras (https://cdn.babylonjs.com/babylon.js:0:2919674)
    at e.render (https://cdn.babylonjs.com/babylon.js:0:2927939)
    at renderScene (http://localhost:5500/js/graphics.js?v=78:1285:10)
    at animate (http://localhost:5500/js/main.js?v=78:377:2)
[  482590ms] Uncaught TypeError: Cannot read properties of undefined (reading '_currentLOD')
    at e._prepareRenderingManager (https://cdn.babylonjs.com/babylon.js:0:1473870)
    at e.render (https://cdn.babylonjs.com/babylon.js:0:1470701)
    at t._renderToTarget (https://cdn.babylonjs.com/babylon.js:0:944126)
    at t._render (https://cdn.babylonjs.com/babylon.js:0:942773)
    at t.render (https://cdn.babylonjs.com/babylon.js:0:941741)
    at e._renderForCamera (https://cdn.babylonjs.com/babylon.js:0:2917619)
    at e._processSubCameras (https://cdn.babylonjs.com/babylon.js:0:2919674)
    at e.render (https://cdn.babylonjs.com/babylon.js:0:2927939)
    at renderScene (http://localhost:5500/js/graphics.js?v=78:1285:10)
    at animate (http://localhost:5500/js/main.js?v=78:377:2)
[  482605ms] Uncaught TypeError: Cannot read properties of undefined (reading '_currentLOD')
    at e._prepareRenderingManager (https://cdn.babylonjs.com/babylon.js:0:1473870)
    at e.render (https://cdn.babylonjs.com/babylon.js:0:1470701)
    at t._renderToTarget (https://cdn.babylonjs.com/babylon.js:0:944126)
    at t._render (https://cdn.babylonjs.com/babylon.js:0:942773)
    at t.render (https://cdn.babylonjs.com/babylon.js:0:941741)
    at e._renderForCamera (https://cdn.babylonjs.com/babylon.js:0:2917619)
    at e._processSubCameras (https://cdn.babylonjs.com/babylon.js:0:2919674)
    at e.render (https://cdn.babylonjs.com/babylon.js:0:2927939)
    at renderScene (http://localhost:5500/js/graphics.js?v=78:1285:10)
    at animate (http://localhost:5500/js/main.js?v=78:377:2)
[  482626ms] Uncaught TypeError: Cannot read properties of undefined (reading '_currentLOD')
    at e._prepareRenderingManager (https://cdn.babylonjs.com/babylon.js:0:1473870)
    at e.render (https://cdn.babylonjs.com/babylon.js:0:1470701)
    at t._renderToTarget (https://cdn.babylonjs.com/babylon.js:0:944126)
    at t._render (https://cdn.babylonjs.com/babylon.js:0:942773)
    at t.render (https://cdn.babylonjs.com/babylon.js:0:941741)
    at e._renderForCamera (https://cdn.babylonjs.com/babylon.js:0:2917619)
    at e._processSubCameras (https://cdn.babylonjs.com/babylon.js:0:2919674)
    at e.render (https://cdn.babylonjs.com/babylon.js:0:2927939)
    at renderScene (http://localhost:5500/js/graphics.js?v=78:1285:10)
    at animate (http://localhost:5500/js/main.js?v=78:377:2)
[  482640ms] Uncaught TypeError: Cannot read properties of undefined (reading '_currentLOD')
    at e._prepareRenderingManager (https://cdn.babylonjs.com/babylon.js:0:1473870)
    at e.render (https://cdn.babylonjs.com/babylon.js:0:1470701)
    at t._renderToTarget (https://cdn.babylonjs.com/babylon.js:0:944126)
    at t._render (https://cdn.babylonjs.com/babylon.js:0:942773)
    at t.render (https://cdn.babylonjs.com/babylon.js:0:941741)
    at e._renderForCamera (https://cdn.babylonjs.com/babylon.js:0:2917619)
    at e._processSubCameras (https://cdn.babylonjs.com/babylon.js:0:2919674)
    at e.render (https://cdn.babylonjs.com/babylon.js:0:2927939)
    at renderScene (http://localhost:5500/js/graphics.js?v=78:1285:10)
    at animate (http://localhost:5500/js/main.js?v=78:377:2)
[  482658ms] Uncaught TypeError: Cannot read properties of undefined (reading '_currentLOD')
    at e._prepareRenderingManager (https://cdn.babylonjs.com/babylon.js:0:1473870)
    at e.render (https://cdn.babylonjs.com/babylon.js:0:1470701)
    at t._renderToTarget (https://cdn.babylonjs.com/babylon.js:0:944126)
    at t._render (https://cdn.babylonjs.com/babylon.js:0:942773)
    at t.render (https://cdn.babylonjs.com/babylon.js:0:941741)
    at e._renderForCamera (https://cdn.babylonjs.com/babylon.js:0:2917619)
    at e._processSubCameras (https://cdn.babylonjs.com/babylon.js:0:2919674)
    at e.render (https://cdn.babylonjs.com/babylon.js:0:2927939)
    at renderScene (http://localhost:5500/js/graphics.js?v=78:1285:10)
    at animate (http://localhost:5500/js/main.js?v=78:377:2)
[  482678ms] Uncaught TypeError: Cannot read properties of undefined (reading '_currentLOD')
    at e._prepareRenderingManager (https://cdn.babylonjs.com/babylon.js:0:1473870)
    at e.render (https://cdn.babylonjs.com/babylon.js:0:1470701)
    at t._renderToTarget (https://cdn.babylonjs.com/babylon.js:0:944126)
    at t._render (https://cdn.babylonjs.com/babylon.js:0:942773)
    at t.render (https://cdn.babylonjs.com/babylon.js:0:941741)
    at e._renderForCamera (https://cdn.babylonjs.com/babylon.js:0:2917619)
    at e._processSubCameras (https://cdn.babylonjs.com/babylon.js:0:2919674)
    at e.render (https://cdn.babylonjs.com/babylon.js:0:2927939)
    at renderScene (http://localhost:5500/js/graphics.js?v=78:1285:10)
    at animate (http://localhost:5500/js/main.js?v=78:377:2)
[  482705ms] Uncaught TypeError: Cannot read properties of undefined (reading '_currentLOD')
    at e._prepareRenderingManager (https://cdn.babylonjs.com/babylon.js:0:1473870)
    at e.render (https://cdn.babylonjs.com/babylon.js:0:1470701)
    at t._renderToTarget (https://cdn.babylonjs.com/babylon.js:0:944126)
    at t._render (https://cdn.babylonjs.com/babylon.js:0:942773)
    at t.render (https://cdn.babylonjs.com/babylon.js:0:941741)
    at e._renderForCamera (https://cdn.babylonjs.com/babylon.js:0:2917619)
    at e._processSubCameras (https://cdn.babylonjs.com/babylon.js:0:2919674)
    at e.render (https://cdn.babylonjs.com/babylon.js:0:2927939)
    at renderScene (http://localhost:5500/js/graphics.js?v=78:1285:10)
    at animate (http://localhost:5500/js/main.js?v=78:377:2)
[  482726ms] Uncaught TypeError: Cannot read properties of undefined (reading '_currentLOD')
    at e._prepareRenderingManager (https://cdn.babylonjs.com/babylon.js:0:1473870)
    at e.render (https://cdn.babylonjs.com/babylon.js:0:1470701)
    at t._renderToTarget (https://cdn.babylonjs.com/babylon.js:0:944126)
    at t._render (https://cdn.babylonjs.com/babylon.js:0:942773)
    at t.render (https://cdn.babylonjs.com/babylon.js:0:941741)
    at e._renderForCamera (https://cdn.babylonjs.com/babylon.js:0:2917619)
    at e._processSubCameras (https://cdn.babylonjs.com/babylon.js:0:2919674)
    at e.render (https://cdn.babylonjs.com/babylon.js:0:2927939)
    at renderScene (http://localhost:5500/js/graphics.js?v=78:1285:10)
    at animate (http://localhost:5500/js/main.js?v=78:377:2)
[  482740ms] Uncaught TypeError: Cannot read properties of undefined (reading '_currentLOD')
    at e._prepareRenderingManager (https://cdn.babylonjs.com/babylon.js:0:1473870)
    at e.render (https://cdn.babylonjs.com/babylon.js:0:1470701)
    at t._renderToTarget (https://cdn.babylonjs.com/babylon.js:0:944126)
    at t._render (https://cdn.babylonjs.com/babylon.js:0:942773)
    at t.render (https://cdn.babylonjs.com/babylon.js:0:941741)
    at e._renderForCamera (https://cdn.babylonjs.com/babylon.js:0:2917619)
    at e._processSubCameras (https://cdn.babylonjs.com/babylon.js:0:2919674)
    at e.render (https://cdn.babylonjs.com/babylon.js:0:2927939)
    at renderScene (http://localhost:5500/js/graphics.js?v=78:1285:10)
    at animate (http://localhost:5500/js/main.js?v=78:377:2)
[  482758ms] Uncaught TypeError: Cannot read properties of undefined (reading '_currentLOD')
    at e._prepareRenderingManager (https://cdn.babylonjs.com/babylon.js:0:1473870)
    at e.render (https://cdn.babylonjs.com/babylon.js:0:1470701)
    at t._renderToTarget (https://cdn.babylonjs.com/babylon.js:0:944126)
    at t._render (https://cdn.babylonjs.com/babylon.js:0:942773)
    at t.render (https://cdn.babylonjs.com/babylon.js:0:941741)
    at e._renderForCamera (https://cdn.babylonjs.com/babylon.js:0:2917619)
    at e._processSubCameras (https://cdn.babylonjs.com/babylon.js:0:2919674)
    at e.render (https://cdn.babylonjs.com/babylon.js:0:2927939)
    at renderScene (http://localhost:5500/js/graphics.js?v=78:1285:10)
    at animate (http://localhost:5500/js/main.js?v=78:377:2)
[  482773ms] Uncaught TypeError: Cannot read properties of undefined (reading '_currentLOD')
    at e._prepareRenderingManager (https://cdn.babylonjs.com/babylon.js:0:1473870)
    at e.render (https://cdn.babylonjs.com/babylon.js:0:1470701)
    at t._renderToTarget (https://cdn.babylonjs.com/babylon.js:0:944126)
    at t._render (https://cdn.babylonjs.com/babylon.js:0:942773)
    at t.render (https://cdn.babylonjs.com/babylon.js:0:941741)
    at e._renderForCamera (https://cdn.babylonjs.com/babylon.js:0:2917619)
    at e._processSubCameras (https://cdn.babylonjs.com/babylon.js:0:2919674)
    at e.render (https://cdn.babylonjs.com/babylon.js:0:2927939)
    at renderScene (http://localhost:5500/js/graphics.js?v=78:1285:10)
    at animate (http://localhost:5500/js/main.js?v=78:377:2)
[  482789ms] Uncaught TypeError: Cannot read properties of undefined (reading '_currentLOD')
    at e._prepareRenderingManager (https://cdn.babylonjs.com/babylon.js:0:1473870)
    at e.render (https://cdn.babylonjs.com/babylon.js:0:1470701)
    at t._renderToTarget (https://cdn.babylonjs.com/babylon.js:0:944126)
    at t._render (https://cdn.babylonjs.com/babylon.js:0:942773)
    at t.render (https://cdn.babylonjs.com/babylon.js:0:941741)
    at e._renderForCamera (https://cdn.babylonjs.com/babylon.js:0:2917619)
    at e._processSubCameras (https://cdn.babylonjs.com/babylon.js:0:2919674)
    at e.render (https://cdn.babylonjs.com/babylon.js:0:2927939)
    at renderScene (http://localhost:5500/js/graphics.js?v=78:1285:10)
    at animate (http://localhost:5500/js/main.js?v=78:377:2)
[  482806ms] Uncaught TypeError: Cannot read properties of undefined (reading '_currentLOD')
    at e._prepareRenderingManager (https://cdn.babylonjs.com/babylon.js:0:1473870)
    at e.render (https://cdn.babylonjs.com/babylon.js:0:1470701)
    at t._renderToTarget (https://cdn.babylonjs.com/babylon.js:0:944126)
    at t._render (https://cdn.babylonjs.com/babylon.js:0:942773)
    at t.render (https://cdn.babylonjs.com/babylon.js:0:941741)
    at e._renderForCamera (https://cdn.babylonjs.com/babylon.js:0:2917619)
    at e._processSubCameras (https://cdn.babylonjs.com/babylon.js:0:2919674)
    at e.render (https://cdn.babylonjs.com/babylon.js:0:2927939)
    at renderScene (http://localhost:5500/js/graphics.js?v=78:1285:10)
    at animate (http://localhost:5500/js/main.js?v=78:377:2)
[  482827ms] Uncaught TypeError: Cannot read properties of undefined (reading '_currentLOD')
    at e._prepareRenderingManager (https://cdn.babylonjs.com/babylon.js:0:1473870)
    at e.render (https://cdn.babylonjs.com/babylon.js:0:1470701)
    at t._renderToTarget (https://cdn.babylonjs.com/babylon.js:0:944126)
    at t._render (https://cdn.babylonjs.com/babylon.js:0:942773)
    at t.render (https://cdn.babylonjs.com/babylon.js:0:941741)
    at e._renderForCamera (https://cdn.babylonjs.com/babylon.js:0:2917619)
    at e._processSubCameras (https://cdn.babylonjs.com/babylon.js:0:2919674)
    at e.render (https://cdn.babylonjs.com/babylon.js:0:2927939)
    at renderScene (http://localhost:5500/js/graphics.js?v=78:1285:10)
    at animate (http://localhost:5500/js/main.js?v=78:377:2)
[  482841ms] Uncaught TypeError: Cannot read properties of undefined (reading '_currentLOD')
    at e._prepareRenderingManager (https://cdn.babylonjs.com/babylon.js:0:1473870)
    at e.render (https://cdn.babylonjs.com/babylon.js:0:1470701)
    at t._renderToTarget (https://cdn.babylonjs.com/babylon.js:0:944126)
    at t._render (https://cdn.babylonjs.com/babylon.js:0:942773)
    at t.render (https://cdn.babylonjs.com/babylon.js:0:941741)
    at e._renderForCamera (https://cdn.babylonjs.com/babylon.js:0:2917619)
    at e._processSubCameras (https://cdn.babylonjs.com/babylon.js:0:2919674)
    at e.render (https://cdn.babylonjs.com/babylon.js:0:2927939)
    at renderScene (http://localhost:5500/js/graphics.js?v=78:1285:10)
    at animate (http://localhost:5500/js/main.js?v=78:377:2)
[  482855ms] Uncaught TypeError: Cannot read properties of undefined (reading '_currentLOD')
    at e._prepareRenderingManager (https://cdn.babylonjs.com/babylon.js:0:1473870)
    at e.render (https://cdn.babylonjs.com/babylon.js:0:1470701)
    at t._renderToTarget (https://cdn.babylonjs.com/babylon.js:0:944126)
    at t._render (https://cdn.babylonjs.com/babylon.js:0:942773)
    at t.render (https://cdn.babylonjs.com/babylon.js:0:941741)
    at e._renderForCamera (https://cdn.babylonjs.com/babylon.js:0:2917619)
    at e._processSubCameras (https://cdn.babylonjs.com/babylon.js:0:2919674)
    at e.render (https://cdn.babylonjs.com/babylon.js:0:2927939)
    at renderScene (http://localhost:5500/js/graphics.js?v=78:1285:10)
    at animate (http://localhost:5500/js/main.js?v=78:377:2)
[  482873ms] Uncaught TypeError: Cannot read properties of undefined (reading '_currentLOD')
    at e._prepareRenderingManager (https://cdn.babylonjs.com/babylon.js:0:1473870)
    at e.render (https://cdn.babylonjs.com/babylon.js:0:1470701)
    at t._renderToTarget (https://cdn.babylonjs.com/babylon.js:0:944126)
    at t._render (https://cdn.babylonjs.com/babylon.js:0:942773)
    at t.render (https://cdn.babylonjs.com/babylon.js:0:941741)
    at e._renderForCamera (https://cdn.babylonjs.com/babylon.js:0:2917619)
    at e._processSubCameras (https://cdn.babylonjs.com/babylon.js:0:2919674)
    at e.render (https://cdn.babylonjs.com/babylon.js:0:2927939)
    at renderScene (http://localhost:5500/js/graphics.js?v=78:1285:10)
    at animate (http://localhost:5500/js/main.js?v=78:377:2)
[  482888ms] Uncaught TypeError: Cannot read properties of undefined (reading '_currentLOD')
    at e._prepareRenderingManager (https://cdn.babylonjs.com/babylon.js:0:1473870)
    at e.render (https://cdn.babylonjs.com/babylon.js:0:1470701)
    at t._renderToTarget (https://cdn.babylonjs.com/babylon.js:0:944126)
    at t._render (https://cdn.babylonjs.com/babylon.js:0:942773)
    at t.render (https://cdn.babylonjs.com/babylon.js:0:941741)
    at e._renderForCamera (https://cdn.babylonjs.com/babylon.js:0:2917619)
    at e._processSubCameras (https://cdn.babylonjs.com/babylon.js:0:2919674)
    at e.render (https://cdn.babylonjs.com/babylon.js:0:2927939)
    at renderScene (http://localhost:5500/js/graphics.js?v=78:1285:10)
    at animate (http://localhost:5500/js/main.js?v=78:377:2)
[  482906ms] Uncaught TypeError: Cannot read properties of undefined (reading '_currentLOD')
    at e._prepareRenderingManager (https://cdn.babylonjs.com/babylon.js:0:1473870)
    at e.render (https://cdn.babylonjs.com/babylon.js:0:1470701)
    at t._renderToTarget (https://cdn.babylonjs.com/babylon.js:0:944126)
    at t._render (https://cdn.babylonjs.com/babylon.js:0:942773)
    at t.render (https://cdn.babylonjs.com/babylon.js:0:941741)
    at e._renderForCamera (https://cdn.babylonjs.com/babylon.js:0:2917619)
    at e._processSubCameras (https://cdn.babylonjs.com/babylon.js:0:2919674)
    at e.render (https://cdn.babylonjs.com/babylon.js:0:2927939)
    at renderScene (http://localhost:5500/js/graphics.js?v=78:1285:10)
    at animate (http://localhost:5500/js/main.js?v=78:377:2)
[  482923ms] Uncaught TypeError: Cannot read properties of undefined (reading '_currentLOD')
    at e._prepareRenderingManager (https://cdn.babylonjs.com/babylon.js:0:1473870)
    at e.render (https://cdn.babylonjs.com/babylon.js:0:1470701)
    at t._renderToTarget (https://cdn.babylonjs.com/babylon.js:0:944126)
    at t._render (https://cdn.babylonjs.com/babylon.js:0:942773)
    at t.render (https://cdn.babylonjs.com/babylon.js:0:941741)
    at e._renderForCamera (https://cdn.babylonjs.com/babylon.js:0:2917619)
    at e._processSubCameras (https://cdn.babylonjs.com/babylon.js:0:2919674)
    at e.render (https://cdn.babylonjs.com/babylon.js:0:2927939)
    at renderScene (http://localhost:5500/js/graphics.js?v=78:1285:10)
    at animate (http://localhost:5500/js/main.js?v=78:377:2)
[  482938ms] Uncaught TypeError: Cannot read properties of undefined (reading '_currentLOD')
    at e._prepareRenderingManager (https://cdn.babylonjs.com/babylon.js:0:1473870)
    at e.render (https://cdn.babylonjs.com/babylon.js:0:1470701)
    at t._renderToTarget (https://cdn.babylonjs.com/babylon.js:0:944126)
    at t._render (https://cdn.babylonjs.com/babylon.js:0:942773)
    at t.render (https://cdn.babylonjs.com/babylon.js:0:941741)
    at e._renderForCamera (https://cdn.babylonjs.com/babylon.js:0:2917619)
    at e._processSubCameras (https://cdn.babylonjs.com/babylon.js:0:2919674)
    at e.render (https://cdn.babylonjs.com/babylon.js:0:2927939)
    at renderScene (http://localhost:5500/js/graphics.js?v=78:1285:10)
    at animate (http://localhost:5500/js/main.js?v=78:377:2)
[  482955ms] Uncaught TypeError: Cannot read properties of undefined (reading '_currentLOD')
    at e._prepareRenderingManager (https://cdn.babylonjs.com/babylon.js:0:1473870)
    at e.render (https://cdn.babylonjs.com/babylon.js:0:1470701)
    at t._renderToTarget (https://cdn.babylonjs.com/babylon.js:0:944126)
    at t._render (https://cdn.babylonjs.com/babylon.js:0:942773)
    at t.render (https://cdn.babylonjs.com/babylon.js:0:941741)
    at e._renderForCamera (https://cdn.babylonjs.com/babylon.js:0:2917619)
    at e._processSubCameras (https://cdn.babylonjs.com/babylon.js:0:2919674)
    at e.render (https://cdn.babylonjs.com/babylon.js:0:2927939)
    at renderScene (http://localhost:5500/js/graphics.js?v=78:1285:10)
    at animate (http://localhost:5500/js/main.js?v=78:377:2)
[  482971ms] Uncaught TypeError: Cannot read properties of undefined (reading '_currentLOD')
    at e._prepareRenderingManager (https://cdn.babylonjs.com/babylon.js:0:1473870)
    at e.render (https://cdn.babylonjs.com/babylon.js:0:1470701)
    at t._renderToTarget (https://cdn.babylonjs.com/babylon.js:0:944126)
    at t._render (https://cdn.babylonjs.com/babylon.js:0:942773)
    at t.render (https://cdn.babylonjs.com/babylon.js:0:941741)
    at e._renderForCamera (https://cdn.babylonjs.com/babylon.js:0:2917619)
    at e._processSubCameras (https://cdn.babylonjs.com/babylon.js:0:2919674)
    at e.render (https://cdn.babylonjs.com/babylon.js:0:2927939)
    at renderScene (http://localhost:5500/js/graphics.js?v=78:1285:10)
    at animate (http://localhost:5500/js/main.js?v=78:377:2)
[  482988ms] Uncaught TypeError: Cannot read properties of undefined (reading '_currentLOD')
    at e._prepareRenderingManager (https://cdn.babylonjs.com/babylon.js:0:1473870)
    at e.render (https://cdn.babylonjs.com/babylon.js:0:1470701)
    at t._renderToTarget (https://cdn.babylonjs.com/babylon.js:0:944126)
    at t._render (https://cdn.babylonjs.com/babylon.js:0:942773)
    at t.render (https://cdn.babylonjs.com/babylon.js:0:941741)
    at e._renderForCamera (https://cdn.babylonjs.com/babylon.js:0:2917619)
    at e._processSubCameras (https://cdn.babylonjs.com/babylon.js:0:2919674)
    at e.render (https://cdn.babylonjs.com/babylon.js:0:2927939)
    at renderScene (http://localhost:5500/js/graphics.js?v=78:1285:10)
    at animate (http://localhost:5500/js/main.js?v=78:377:2)
[  483006ms] Uncaught TypeError: Cannot read properties of undefined (reading '_currentLOD')
    at e._prepareRenderingManager (https://cdn.babylonjs.com/babylon.js:0:1473870)
    at e.render (https://cdn.babylonjs.com/babylon.js:0:1470701)
    at t._renderToTarget (https://cdn.babylonjs.com/babylon.js:0:944126)
    at t._render (https://cdn.babylonjs.com/babylon.js:0:942773)
    at t.render (https://cdn.babylonjs.com/babylon.js:0:941741)
    at e._renderForCamera (https://cdn.babylonjs.com/babylon.js:0:2917619)
    at e._processSubCameras (https://cdn.babylonjs.com/babylon.js:0:2919674)
    at e.render (https://cdn.babylonjs.com/babylon.js:0:2927939)
    at renderScene (http://localhost:5500/js/graphics.js?v=78:1285:10)
    at animate (http://localhost:5500/js/main.js?v=78:377:2)
[  483022ms] Uncaught TypeError: Cannot read properties of undefined (reading '_currentLOD')
    at e._prepareRenderingManager (https://cdn.babylonjs.com/babylon.js:0:1473870)
    at e.render (https://cdn.babylonjs.com/babylon.js:0:1470701)
    at t._renderToTarget (https://cdn.babylonjs.com/babylon.js:0:944126)
    at t._render (https://cdn.babylonjs.com/babylon.js:0:942773)
    at t.render (https://cdn.babylonjs.com/babylon.js:0:941741)
    at e._renderForCamera (https://cdn.babylonjs.com/babylon.js:0:2917619)
    at e._processSubCameras (https://cdn.babylonjs.com/babylon.js:0:2919674)
    at e.render (https://cdn.babylonjs.com/babylon.js:0:2927939)
    at renderScene (http://localhost:5500/js/graphics.js?v=78:1285:10)
    at animate (http://localhost:5500/js/main.js?v=78:377:2)
[  483038ms] Uncaught TypeError: Cannot read properties of undefined (reading '_currentLOD')
    at e._prepareRenderingManager (https://cdn.babylonjs.com/babylon.js:0:1473870)
    at e.render (https://cdn.babylonjs.com/babylon.js:0:1470701)
    at t._renderToTarget (https://cdn.babylonjs.com/babylon.js:0:944126)
    at t._render (https://cdn.babylonjs.com/babylon.js:0:942773)
    at t.render (https://cdn.babylonjs.com/babylon.js:0:941741)
    at e._renderForCamera (https://cdn.babylonjs.com/babylon.js:0:2917619)
    at e._processSubCameras (https://cdn.babylonjs.com/babylon.js:0:2919674)
    at e.render (https://cdn.babylonjs.com/babylon.js:0:2927939)
    at renderScene (http://localhost:5500/js/graphics.js?v=78:1285:10)
    at animate (http://localhost:5500/js/main.js?v=78:377:2)
[  483056ms] Uncaught TypeError: Cannot read properties of undefined (reading '_currentLOD')
    at e._prepareRenderingManager (https://cdn.babylonjs.com/babylon.js:0:1473870)
    at e.render (https://cdn.babylonjs.com/babylon.js:0:1470701)
    at t._renderToTarget (https://cdn.babylonjs.com/babylon.js:0:944126)
    at t._render (https://cdn.babylonjs.com/babylon.js:0:942773)
    at t.render (https://cdn.babylonjs.com/babylon.js:0:941741)
    at e._renderForCamera (https://cdn.babylonjs.com/babylon.js:0:2917619)
    at e._processSubCameras (https://cdn.babylonjs.com/babylon.js:0:2919674)
    at e.render (https://cdn.babylonjs.com/babylon.js:0:2927939)
    at renderScene (http://localhost:5500/js/graphics.js?v=78:1285:10)
    at animate (http://localhost:5500/js/main.js?v=78:377:2)
[  483071ms] Uncaught TypeError: Cannot read properties of undefined (reading '_currentLOD')
    at e._prepareRenderingManager (https://cdn.babylonjs.com/babylon.js:0:1473870)
    at e.render (https://cdn.babylonjs.com/babylon.js:0:1470701)
    at t._renderToTarget (https://cdn.babylonjs.com/babylon.js:0:944126)
    at t._render (https://cdn.babylonjs.com/babylon.js:0:942773)
    at t.render (https://cdn.babylonjs.com/babylon.js:0:941741)
    at e._renderForCamera (https://cdn.babylonjs.com/babylon.js:0:2917619)
    at e._processSubCameras (https://cdn.babylonjs.com/babylon.js:0:2919674)
    at e.render (https://cdn.babylonjs.com/babylon.js:0:2927939)
    at renderScene (http://localhost:5500/js/graphics.js?v=78:1285:10)
    at animate (http://localhost:5500/js/main.js?v=78:377:2)
[  483089ms] Uncaught TypeError: Cannot read properties of undefined (reading '_currentLOD')
    at e._prepareRenderingManager (https://cdn.babylonjs.com/babylon.js:0:1473870)
    at e.render (https://cdn.babylonjs.com/babylon.js:0:1470701)
    at t._renderToTarget (https://cdn.babylonjs.com/babylon.js:0:944126)
    at t._render (https://cdn.babylonjs.com/babylon.js:0:942773)
    at t.render (https://cdn.babylonjs.com/babylon.js:0:941741)
    at e._renderForCamera (https://cdn.babylonjs.com/babylon.js:0:2917619)
    at e._processSubCameras (https://cdn.babylonjs.com/babylon.js:0:2919674)
    at e.render (https://cdn.babylonjs.com/babylon.js:0:2927939)
    at renderScene (http://localhost:5500/js/graphics.js?v=78:1285:10)
    at animate (http://localhost:5500/js/main.js?v=78:377:2)
[  483105ms] Uncaught TypeError: Cannot read properties of undefined (reading '_currentLOD')
    at e._prepareRenderingManager (https://cdn.babylonjs.com/babylon.js:0:1473870)
    at e.render (https://cdn.babylonjs.com/babylon.js:0:1470701)
    at t._renderToTarget (https://cdn.babylonjs.com/babylon.js:0:944126)
    at t._render (https://cdn.babylonjs.com/babylon.js:0:942773)
    at t.render (https://cdn.babylonjs.com/babylon.js:0:941741)
    at e._renderForCamera (https://cdn.babylonjs.com/babylon.js:0:2917619)
    at e._processSubCameras (https://cdn.babylonjs.com/babylon.js:0:2919674)
    at e.render (https://cdn.babylonjs.com/babylon.js:0:2927939)
    at renderScene (http://localhost:5500/js/graphics.js?v=78:1285:10)
    at animate (http://localhost:5500/js/main.js?v=78:377:2)
[  483122ms] Uncaught TypeError: Cannot read properties of undefined (reading '_currentLOD')
    at e._prepareRenderingManager (https://cdn.babylonjs.com/babylon.js:0:1473870)
    at e.render (https://cdn.babylonjs.com/babylon.js:0:1470701)
    at t._renderToTarget (https://cdn.babylonjs.com/babylon.js:0:944126)
    at t._render (https://cdn.babylonjs.com/babylon.js:0:942773)
    at t.render (https://cdn.babylonjs.com/babylon.js:0:941741)
    at e._renderForCamera (https://cdn.babylonjs.com/babylon.js:0:2917619)
    at e._processSubCameras (https://cdn.babylonjs.com/babylon.js:0:2919674)
    at e.render (https://cdn.babylonjs.com/babylon.js:0:2927939)
    at renderScene (http://localhost:5500/js/graphics.js?v=78:1285:10)
    at animate (http://localhost:5500/js/main.js?v=78:377:2)
[  483138ms] Uncaught TypeError: Cannot read properties of undefined (reading '_currentLOD')
    at e._prepareRenderingManager (https://cdn.babylonjs.com/babylon.js:0:1473870)
    at e.render (https://cdn.babylonjs.com/babylon.js:0:1470701)
    at t._renderToTarget (https://cdn.babylonjs.com/babylon.js:0:944126)
    at t._render (https://cdn.babylonjs.com/babylon.js:0:942773)
    at t.render (https://cdn.babylonjs.com/babylon.js:0:941741)
    at e._renderForCamera (https://cdn.babylonjs.com/babylon.js:0:2917619)
    at e._processSubCameras (https://cdn.babylonjs.com/babylon.js:0:2919674)
    at e.render (https://cdn.babylonjs.com/babylon.js:0:2927939)
    at renderScene (http://localhost:5500/js/graphics.js?v=78:1285:10)
    at animate (http://localhost:5500/js/main.js?v=78:377:2)
[  483155ms] Uncaught TypeError: Cannot read properties of undefined (reading '_currentLOD')
    at e._prepareRenderingManager (https://cdn.babylonjs.com/babylon.js:0:1473870)
    at e.render (https://cdn.babylonjs.com/babylon.js:0:1470701)
    at t._renderToTarget (https://cdn.babylonjs.com/babylon.js:0:944126)
    at t._render (https://cdn.babylonjs.com/babylon.js:0:942773)
    at t.render (https://cdn.babylonjs.com/babylon.js:0:941741)
    at e._renderForCamera (https://cdn.babylonjs.com/babylon.js:0:2917619)
    at e._processSubCameras (https://cdn.babylonjs.com/babylon.js:0:2919674)
    at e.render (https://cdn.babylonjs.com/babylon.js:0:2927939)
    at renderScene (http://localhost:5500/js/graphics.js?v=78:1285:10)
    at animate (http://localhost:5500/js/main.js?v=78:377:2)
[  483172ms] Uncaught TypeError: Cannot read properties of undefined (reading '_currentLOD')
    at e._prepareRenderingManager (https://cdn.babylonjs.com/babylon.js:0:1473870)
    at e.render (https://cdn.babylonjs.com/babylon.js:0:1470701)
    at t._renderToTarget (https://cdn.babylonjs.com/babylon.js:0:944126)
    at t._render (https://cdn.babylonjs.com/babylon.js:0:942773)
    at t.render (https://cdn.babylonjs.com/babylon.js:0:941741)
    at e._renderForCamera (https://cdn.babylonjs.com/babylon.js:0:2917619)
    at e._processSubCameras (https://cdn.babylonjs.com/babylon.js:0:2919674)
    at e.render (https://cdn.babylonjs.com/babylon.js:0:2927939)
    at renderScene (http://localhost:5500/js/graphics.js?v=78:1285:10)
    at animate (http://localhost:5500/js/main.js?v=78:377:2)
[  483190ms] Uncaught TypeError: Cannot read properties of undefined (reading '_currentLOD')
    at e._prepareRenderingManager (https://cdn.babylonjs.com/babylon.js:0:1473870)
    at e.render (https://cdn.babylonjs.com/babylon.js:0:1470701)
    at t._renderToTarget (https://cdn.babylonjs.com/babylon.js:0:944126)
    at t._render (https://cdn.babylonjs.com/babylon.js:0:942773)
    at t.render (https://cdn.babylonjs.com/babylon.js:0:941741)
    at e._renderForCamera (https://cdn.babylonjs.com/babylon.js:0:2917619)
    at e._processSubCameras (https://cdn.babylonjs.com/babylon.js:0:2919674)
    at e.render (https://cdn.babylonjs.com/babylon.js:0:2927939)
    at renderScene (http://localhost:5500/js/graphics.js?v=78:1285:10)
    at animate (http://localhost:5500/js/main.js?v=78:377:2)
[  483206ms] Uncaught TypeError: Cannot read properties of undefined (reading '_currentLOD')
    at e._prepareRenderingManager (https://cdn.babylonjs.com/babylon.js:0:1473870)
    at e.render (https://cdn.babylonjs.com/babylon.js:0:1470701)
    at t._renderToTarget (https://cdn.babylonjs.com/babylon.js:0:944126)
    at t._render (https://cdn.babylonjs.com/babylon.js:0:942773)
    at t.render (https://cdn.babylonjs.com/babylon.js:0:941741)
    at e._renderForCamera (https://cdn.babylonjs.com/babylon.js:0:2917619)
    at e._processSubCameras (https://cdn.babylonjs.com/babylon.js:0:2919674)
    at e.render (https://cdn.babylonjs.com/babylon.js:0:2927939)
    at renderScene (http://localhost:5500/js/graphics.js?v=78:1285:10)
    at animate (http://localhost:5500/js/main.js?v=78:377:2)
[  483223ms] Uncaught TypeError: Cannot read properties of undefined (reading '_currentLOD')
    at e._prepareRenderingManager (https://cdn.babylonjs.com/babylon.js:0:1473870)
    at e.render (https://cdn.babylonjs.com/babylon.js:0:1470701)
    at t._renderToTarget (https://cdn.babylonjs.com/babylon.js:0:944126)
    at t._render (https://cdn.babylonjs.com/babylon.js:0:942773)
    at t.render (https://cdn.babylonjs.com/babylon.js:0:941741)
    at e._renderForCamera (https://cdn.babylonjs.com/babylon.js:0:2917619)
    at e._processSubCameras (https://cdn.babylonjs.com/babylon.js:0:2919674)
    at e.render (https://cdn.babylonjs.com/babylon.js:0:2927939)
    at renderScene (http://localhost:5500/js/graphics.js?v=78:1285:10)
    at animate (http://localhost:5500/js/main.js?v=78:377:2)
[  483240ms] Uncaught TypeError: Cannot read properties of undefined (reading '_currentLOD')
    at e._prepareRenderingManager (https://cdn.babylonjs.com/babylon.js:0:1473870)
    at e.render (https://cdn.babylonjs.com/babylon.js:0:1470701)
    at t._renderToTarget (https://cdn.babylonjs.com/babylon.js:0:944126)
    at t._render (https://cdn.babylonjs.com/babylon.js:0:942773)
    at t.render (https://cdn.babylonjs.com/babylon.js:0:941741)
    at e._renderForCamera (https://cdn.babylonjs.com/babylon.js:0:2917619)
    at e._processSubCameras (https://cdn.babylonjs.com/babylon.js:0:2919674)
    at e.render (https://cdn.babylonjs.com/babylon.js:0:2927939)
    at renderScene (http://localhost:5500/js/graphics.js?v=78:1285:10)
    at animate (http://localhost:5500/js/main.js?v=78:377:2)
[  483256ms] Uncaught TypeError: Cannot read properties of undefined (reading '_currentLOD')
    at e._prepareRenderingManager (https://cdn.babylonjs.com/babylon.js:0:1473870)
    at e.render (https://cdn.babylonjs.com/babylon.js:0:1470701)
    at t._renderToTarget (https://cdn.babylonjs.com/babylon.js:0:944126)
    at t._render (https://cdn.babylonjs.com/babylon.js:0:942773)
    at t.render (https://cdn.babylonjs.com/babylon.js:0:941741)
    at e._renderForCamera (https://cdn.babylonjs.com/babylon.js:0:2917619)
    at e._processSubCameras (https://cdn.babylonjs.com/babylon.js:0:2919674)
    at e.render (https://cdn.babylonjs.com/babylon.js:0:2927939)
    at renderScene (http://localhost:5500/js/graphics.js?v=78:1285:10)
    at animate (http://localhost:5500/js/main.js?v=78:377:2)
[  483272ms] Uncaught TypeError: Cannot read properties of undefined (reading '_currentLOD')
    at e._prepareRenderingManager (https://cdn.babylonjs.com/babylon.js:0:1473870)
    at e.render (https://cdn.babylonjs.com/babylon.js:0:1470701)
    at t._renderToTarget (https://cdn.babylonjs.com/babylon.js:0:944126)
    at t._render (https://cdn.babylonjs.com/babylon.js:0:942773)
    at t.render (https://cdn.babylonjs.com/babylon.js:0:941741)
    at e._renderForCamera (https://cdn.babylonjs.com/babylon.js:0:2917619)
    at e._processSubCameras (https://cdn.babylonjs.com/babylon.js:0:2919674)
    at e.render (https://cdn.babylonjs.com/babylon.js:0:2927939)
    at renderScene (http://localhost:5500/js/graphics.js?v=78:1285:10)
    at animate (http://localhost:5500/js/main.js?v=78:377:2)
[  483288ms] Uncaught TypeError: Cannot read properties of undefined (reading '_currentLOD')
    at e._prepareRenderingManager (https://cdn.babylonjs.com/babylon.js:0:1473870)
    at e.render (https://cdn.babylonjs.com/babylon.js:0:1470701)
    at t._renderToTarget (https://cdn.babylonjs.com/babylon.js:0:944126)
    at t._render (https://cdn.babylonjs.com/babylon.js:0:942773)
    at t.render (https://cdn.babylonjs.com/babylon.js:0:941741)
    at e._renderForCamera (https://cdn.babylonjs.com/babylon.js:0:2917619)
    at e._processSubCameras (https://cdn.babylonjs.com/babylon.js:0:2919674)
    at e.render (https://cdn.babylonjs.com/babylon.js:0:2927939)
    at renderScene (http://localhost:5500/js/graphics.js?v=78:1285:10)
    at animate (http://localhost:5500/js/main.js?v=78:377:2)
[  483305ms] Uncaught TypeError: Cannot read properties of undefined (reading '_currentLOD')
    at e._prepareRenderingManager (https://cdn.babylonjs.com/babylon.js:0:1473870)
    at e.render (https://cdn.babylonjs.com/babylon.js:0:1470701)
    at t._renderToTarget (https://cdn.babylonjs.com/babylon.js:0:944126)
    at t._render (https://cdn.babylonjs.com/babylon.js:0:942773)
    at t.render (https://cdn.babylonjs.com/babylon.js:0:941741)
    at e._renderForCamera (https://cdn.babylonjs.com/babylon.js:0:2917619)
    at e._processSubCameras (https://cdn.babylonjs.com/babylon.js:0:2919674)
    at e.render (https://cdn.babylonjs.com/babylon.js:0:2927939)
    at renderScene (http://localhost:5500/js/graphics.js?v=78:1285:10)
    at animate (http://localhost:5500/js/main.js?v=78:377:2)
[  483321ms] Uncaught TypeError: Cannot read properties of undefined (reading '_currentLOD')
    at e._prepareRenderingManager (https://cdn.babylonjs.com/babylon.js:0:1473870)
    at e.render (https://cdn.babylonjs.com/babylon.js:0:1470701)
    at t._renderToTarget (https://cdn.babylonjs.com/babylon.js:0:944126)
    at t._render (https://cdn.babylonjs.com/babylon.js:0:942773)
    at t.render (https://cdn.babylonjs.com/babylon.js:0:941741)
    at e._renderForCamera (https://cdn.babylonjs.com/babylon.js:0:2917619)
    at e._processSubCameras (https://cdn.babylonjs.com/babylon.js:0:2919674)
    at e.render (https://cdn.babylonjs.com/babylon.js:0:2927939)
    at renderScene (http://localhost:5500/js/graphics.js?v=78:1285:10)
    at animate (http://localhost:5500/js/main.js?v=78:377:2)
[  483340ms] Uncaught TypeError: Cannot read properties of undefined (reading '_currentLOD')
    at e._prepareRenderingManager (https://cdn.babylonjs.com/babylon.js:0:1473870)
    at e.render (https://cdn.babylonjs.com/babylon.js:0:1470701)
    at t._renderToTarget (https://cdn.babylonjs.com/babylon.js:0:944126)
    at t._render (https://cdn.babylonjs.com/babylon.js:0:942773)
    at t.render (https://cdn.babylonjs.com/babylon.js:0:941741)
    at e._renderForCamera (https://cdn.babylonjs.com/babylon.js:0:2917619)
    at e._processSubCameras (https://cdn.babylonjs.com/babylon.js:0:2919674)
    at e.render (https://cdn.babylonjs.com/babylon.js:0:2927939)
    at renderScene (http://localhost:5500/js/graphics.js?v=78:1285:10)
    at animate (http://localhost:5500/js/main.js?v=78:377:2)
[  483355ms] Uncaught TypeError: Cannot read properties of undefined (reading '_currentLOD')
    at e._prepareRenderingManager (https://cdn.babylonjs.com/babylon.js:0:1473870)
    at e.render (https://cdn.babylonjs.com/babylon.js:0:1470701)
    at t._renderToTarget (https://cdn.babylonjs.com/babylon.js:0:944126)
    at t._render (https://cdn.babylonjs.com/babylon.js:0:942773)
    at t.render (https://cdn.babylonjs.com/babylon.js:0:941741)
    at e._renderForCamera (https://cdn.babylonjs.com/babylon.js:0:2917619)
    at e._processSubCameras (https://cdn.babylonjs.com/babylon.js:0:2919674)
    at e.render (https://cdn.babylonjs.com/babylon.js:0:2927939)
    at renderScene (http://localhost:5500/js/graphics.js?v=78:1285:10)
    at animate (http://localhost:5500/js/main.js?v=78:377:2)
[  483371ms] Uncaught TypeError: Cannot read properties of undefined (reading '_currentLOD')
    at e._prepareRenderingManager (https://cdn.babylonjs.com/babylon.js:0:1473870)
    at e.render (https://cdn.babylonjs.com/babylon.js:0:1470701)
    at t._renderToTarget (https://cdn.babylonjs.com/babylon.js:0:944126)
    at t._render (https://cdn.babylonjs.com/babylon.js:0:942773)
    at t.render (https://cdn.babylonjs.com/babylon.js:0:941741)
    at e._renderForCamera (https://cdn.babylonjs.com/babylon.js:0:2917619)
    at e._processSubCameras (https://cdn.babylonjs.com/babylon.js:0:2919674)
    at e.render (https://cdn.babylonjs.com/babylon.js:0:2927939)
    at renderScene (http://localhost:5500/js/graphics.js?v=78:1285:10)
    at animate (http://localhost:5500/js/main.js?v=78:377:2)
[  483388ms] Uncaught TypeError: Cannot read properties of undefined (reading '_currentLOD')
    at e._prepareRenderingManager (https://cdn.babylonjs.com/babylon.js:0:1473870)
    at e.render (https://cdn.babylonjs.com/babylon.js:0:1470701)
    at t._renderToTarget (https://cdn.babylonjs.com/babylon.js:0:944126)
    at t._render (https://cdn.babylonjs.com/babylon.js:0:942773)
    at t.render (https://cdn.babylonjs.com/babylon.js:0:941741)
    at e._renderForCamera (https://cdn.babylonjs.com/babylon.js:0:2917619)
    at e._processSubCameras (https://cdn.babylonjs.com/babylon.js:0:2919674)
    at e.render (https://cdn.babylonjs.com/babylon.js:0:2927939)
    at renderScene (http://localhost:5500/js/graphics.js?v=78:1285:10)
    at animate (http://localhost:5500/js/main.js?v=78:377:2)
[  483405ms] Uncaught TypeError: Cannot read properties of undefined (reading '_currentLOD')
    at e._prepareRenderingManager (https://cdn.babylonjs.com/babylon.js:0:1473870)
    at e.render (https://cdn.babylonjs.com/babylon.js:0:1470701)
    at t._renderToTarget (https://cdn.babylonjs.com/babylon.js:0:944126)
    at t._render (https://cdn.babylonjs.com/babylon.js:0:942773)
    at t.render (https://cdn.babylonjs.com/babylon.js:0:941741)
    at e._renderForCamera (https://cdn.babylonjs.com/babylon.js:0:2917619)
    at e._processSubCameras (https://cdn.babylonjs.com/babylon.js:0:2919674)
    at e.render (https://cdn.babylonjs.com/babylon.js:0:2927939)
    at renderScene (http://localhost:5500/js/graphics.js?v=78:1285:10)
    at animate (http://localhost:5500/js/main.js?v=78:377:2)
[  483423ms] Uncaught TypeError: Cannot read properties of undefined (reading '_currentLOD')
    at e._prepareRenderingManager (https://cdn.babylonjs.com/babylon.js:0:1473870)
    at e.render (https://cdn.babylonjs.com/babylon.js:0:1470701)
    at t._renderToTarget (https://cdn.babylonjs.com/babylon.js:0:944126)
    at t._render (https://cdn.babylonjs.com/babylon.js:0:942773)
    at t.render (https://cdn.babylonjs.com/babylon.js:0:941741)
    at e._renderForCamera (https://cdn.babylonjs.com/babylon.js:0:2917619)
    at e._processSubCameras (https://cdn.babylonjs.com/babylon.js:0:2919674)
    at e.render (https://cdn.babylonjs.com/babylon.js:0:2927939)
    at renderScene (http://localhost:5500/js/graphics.js?v=78:1285:10)
    at animate (http://localhost:5500/js/main.js?v=78:377:2)
[  483439ms] Uncaught TypeError: Cannot read properties of undefined (reading '_currentLOD')
    at e._prepareRenderingManager (https://cdn.babylonjs.com/babylon.js:0:1473870)
    at e.render (https://cdn.babylonjs.com/babylon.js:0:1470701)
    at t._renderToTarget (https://cdn.babylonjs.com/babylon.js:0:944126)
    at t._render (https://cdn.babylonjs.com/babylon.js:0:942773)
    at t.render (https://cdn.babylonjs.com/babylon.js:0:941741)
    at e._renderForCamera (https://cdn.babylonjs.com/babylon.js:0:2917619)
    at e._processSubCameras (https://cdn.babylonjs.com/babylon.js:0:2919674)
    at e.render (https://cdn.babylonjs.com/babylon.js:0:2927939)
    at renderScene (http://localhost:5500/js/graphics.js?v=78:1285:10)
    at animate (http://localhost:5500/js/main.js?v=78:377:2)
[  483455ms] Uncaught TypeError: Cannot read properties of undefined (reading '_currentLOD')
    at e._prepareRenderingManager (https://cdn.babylonjs.com/babylon.js:0:1473870)
    at e.render (https://cdn.babylonjs.com/babylon.js:0:1470701)
    at t._renderToTarget (https://cdn.babylonjs.com/babylon.js:0:944126)
    at t._render (https://cdn.babylonjs.com/babylon.js:0:942773)
    at t.render (https://cdn.babylonjs.com/babylon.js:0:941741)
    at e._renderForCamera (https://cdn.babylonjs.com/babylon.js:0:2917619)
    at e._processSubCameras (https://cdn.babylonjs.com/babylon.js:0:2919674)
    at e.render (https://cdn.babylonjs.com/babylon.js:0:2927939)
    at renderScene (http://localhost:5500/js/graphics.js?v=78:1285:10)
    at animate (http://localhost:5500/js/main.js?v=78:377:2)
[  483472ms] Uncaught TypeError: Cannot read properties of undefined (reading '_currentLOD')
    at e._prepareRenderingManager (https://cdn.babylonjs.com/babylon.js:0:1473870)
    at e.render (https://cdn.babylonjs.com/babylon.js:0:1470701)
    at t._renderToTarget (https://cdn.babylonjs.com/babylon.js:0:944126)
    at t._render (https://cdn.babylonjs.com/babylon.js:0:942773)
    at t.render (https://cdn.babylonjs.com/babylon.js:0:941741)
    at e._renderForCamera (https://cdn.babylonjs.com/babylon.js:0:2917619)
    at e._processSubCameras (https://cdn.babylonjs.com/babylon.js:0:2919674)
    at e.render (https://cdn.babylonjs.com/babylon.js:0:2927939)
    at renderScene (http://localhost:5500/js/graphics.js?v=78:1285:10)
    at animate (http://localhost:5500/js/main.js?v=78:377:2)
[  483489ms] Uncaught TypeError: Cannot read properties of undefined (reading '_currentLOD')
    at e._prepareRenderingManager (https://cdn.babylonjs.com/babylon.js:0:1473870)
    at e.render (https://cdn.babylonjs.com/babylon.js:0:1470701)
    at t._renderToTarget (https://cdn.babylonjs.com/babylon.js:0:944126)
    at t._render (https://cdn.babylonjs.com/babylon.js:0:942773)
    at t.render (https://cdn.babylonjs.com/babylon.js:0:941741)
    at e._renderForCamera (https://cdn.babylonjs.com/babylon.js:0:2917619)
    at e._processSubCameras (https://cdn.babylonjs.com/babylon.js:0:2919674)
    at e.render (https://cdn.babylonjs.com/babylon.js:0:2927939)
    at renderScene (http://localhost:5500/js/graphics.js?v=78:1285:10)
    at animate (http://localhost:5500/js/main.js?v=78:377:2)
[  483506ms] Uncaught TypeError: Cannot read properties of undefined (reading '_currentLOD')
    at e._prepareRenderingManager (https://cdn.babylonjs.com/babylon.js:0:1473870)
    at e.render (https://cdn.babylonjs.com/babylon.js:0:1470701)
    at t._renderToTarget (https://cdn.babylonjs.com/babylon.js:0:944126)
    at t._render (https://cdn.babylonjs.com/babylon.js:0:942773)
    at t.render (https://cdn.babylonjs.com/babylon.js:0:941741)
    at e._renderForCamera (https://cdn.babylonjs.com/babylon.js:0:2917619)
    at e._processSubCameras (https://cdn.babylonjs.com/babylon.js:0:2919674)
    at e.render (https://cdn.babylonjs.com/babylon.js:0:2927939)
    at renderScene (http://localhost:5500/js/graphics.js?v=78:1285:10)
    at animate (http://localhost:5500/js/main.js?v=78:377:2)
[  483522ms] Uncaught TypeError: Cannot read properties of undefined (reading '_currentLOD')
    at e._prepareRenderingManager (https://cdn.babylonjs.com/babylon.js:0:1473870)
    at e.render (https://cdn.babylonjs.com/babylon.js:0:1470701)
    at t._renderToTarget (https://cdn.babylonjs.com/babylon.js:0:944126)
    at t._render (https://cdn.babylonjs.com/babylon.js:0:942773)
    at t.render (https://cdn.babylonjs.com/babylon.js:0:941741)
    at e._renderForCamera (https://cdn.babylonjs.com/babylon.js:0:2917619)
    at e._processSubCameras (https://cdn.babylonjs.com/babylon.js:0:2919674)
    at e.render (https://cdn.babylonjs.com/babylon.js:0:2927939)
    at renderScene (http://localhost:5500/js/graphics.js?v=78:1285:10)
    at animate (http://localhost:5500/js/main.js?v=78:377:2)
[  483539ms] Uncaught TypeError: Cannot read properties of undefined (reading '_currentLOD')
    at e._prepareRenderingManager (https://cdn.babylonjs.com/babylon.js:0:1473870)
    at e.render (https://cdn.babylonjs.com/babylon.js:0:1470701)
    at t._renderToTarget (https://cdn.babylonjs.com/babylon.js:0:944126)
    at t._render (https://cdn.babylonjs.com/babylon.js:0:942773)
    at t.render (https://cdn.babylonjs.com/babylon.js:0:941741)
    at e._renderForCamera (https://cdn.babylonjs.com/babylon.js:0:2917619)
    at e._processSubCameras (https://cdn.babylonjs.com/babylon.js:0:2919674)
    at e.render (https://cdn.babylonjs.com/babylon.js:0:2927939)
    at renderScene (http://localhost:5500/js/graphics.js?v=78:1285:10)
    at animate (http://localhost:5500/js/main.js?v=78:377:2)
[  483555ms] Uncaught TypeError: Cannot read properties of undefined (reading '_currentLOD')
    at e._prepareRenderingManager (https://cdn.babylonjs.com/babylon.js:0:1473870)
    at e.render (https://cdn.babylonjs.com/babylon.js:0:1470701)
    at t._renderToTarget (https://cdn.babylonjs.com/babylon.js:0:944126)
    at t._render (https://cdn.babylonjs.com/babylon.js:0:942773)
    at t.render (https://cdn.babylonjs.com/babylon.js:0:941741)
    at e._renderForCamera (https://cdn.babylonjs.com/babylon.js:0:2917619)
    at e._processSubCameras (https://cdn.babylonjs.com/babylon.js:0:2919674)
    at e.render (https://cdn.babylonjs.com/babylon.js:0:2927939)
    at renderScene (http://localhost:5500/js/graphics.js?v=78:1285:10)
    at animate (http://localhost:5500/js/main.js?v=78:377:2)
[  483572ms] Uncaught TypeError: Cannot read properties of undefined (reading '_currentLOD')
    at e._prepareRenderingManager (https://cdn.babylonjs.com/babylon.js:0:1473870)
    at e.render (https://cdn.babylonjs.com/babylon.js:0:1470701)
    at t._renderToTarget (https://cdn.babylonjs.com/babylon.js:0:944126)
    at t._render (https://cdn.babylonjs.com/babylon.js:0:942773)
    at t.render (https://cdn.babylonjs.com/babylon.js:0:941741)
    at e._renderForCamera (https://cdn.babylonjs.com/babylon.js:0:2917619)
    at e._processSubCameras (https://cdn.babylonjs.com/babylon.js:0:2919674)
    at e.render (https://cdn.babylonjs.com/babylon.js:0:2927939)
    at renderScene (http://localhost:5500/js/graphics.js?v=78:1285:10)
    at animate (http://localhost:5500/js/main.js?v=78:377:2)
[  483589ms] Uncaught TypeError: Cannot read properties of undefined (reading '_currentLOD')
    at e._prepareRenderingManager (https://cdn.babylonjs.com/babylon.js:0:1473870)
    at e.render (https://cdn.babylonjs.com/babylon.js:0:1470701)
    at t._renderToTarget (https://cdn.babylonjs.com/babylon.js:0:944126)
    at t._render (https://cdn.babylonjs.com/babylon.js:0:942773)
    at t.render (https://cdn.babylonjs.com/babylon.js:0:941741)
    at e._renderForCamera (https://cdn.babylonjs.com/babylon.js:0:2917619)
    at e._processSubCameras (https://cdn.babylonjs.com/babylon.js:0:2919674)
    at e.render (https://cdn.babylonjs.com/babylon.js:0:2927939)
    at renderScene (http://localhost:5500/js/graphics.js?v=78:1285:10)
    at animate (http://localhost:5500/js/main.js?v=78:377:2)
[  483606ms] Uncaught TypeError: Cannot read properties of undefined (reading '_currentLOD')
    at e._prepareRenderingManager (https://cdn.babylonjs.com/babylon.js:0:1473870)
    at e.render (https://cdn.babylonjs.com/babylon.js:0:1470701)
    at t._renderToTarget (https://cdn.babylonjs.com/babylon.js:0:944126)
    at t._render (https://cdn.babylonjs.com/babylon.js:0:942773)
    at t.render (https://cdn.babylonjs.com/babylon.js:0:941741)
    at e._renderForCamera (https://cdn.babylonjs.com/babylon.js:0:2917619)
    at e._processSubCameras (https://cdn.babylonjs.com/babylon.js:0:2919674)
    at e.render (https://cdn.babylonjs.com/babylon.js:0:2927939)
    at renderScene (http://localhost:5500/js/graphics.js?v=78:1285:10)
    at animate (http://localhost:5500/js/main.js?v=78:377:2)
[  483622ms] Uncaught TypeError: Cannot read properties of undefined (reading '_currentLOD')
    at e._prepareRenderingManager (https://cdn.babylonjs.com/babylon.js:0:1473870)
    at e.render (https://cdn.babylonjs.com/babylon.js:0:1470701)
    at t._renderToTarget (https://cdn.babylonjs.com/babylon.js:0:944126)
    at t._render (https://cdn.babylonjs.com/babylon.js:0:942773)
    at t.render (https://cdn.babylonjs.com/babylon.js:0:941741)
    at e._renderForCamera (https://cdn.babylonjs.com/babylon.js:0:2917619)
    at e._processSubCameras (https://cdn.babylonjs.com/babylon.js:0:2919674)
    at e.render (https://cdn.babylonjs.com/babylon.js:0:2927939)
    at renderScene (http://localhost:5500/js/graphics.js?v=78:1285:10)
    at animate (http://localhost:5500/js/main.js?v=78:377:2)
[  483639ms] Uncaught TypeError: Cannot read properties of undefined (reading '_currentLOD')
    at e._prepareRenderingManager (https://cdn.babylonjs.com/babylon.js:0:1473870)
    at e.render (https://cdn.babylonjs.com/babylon.js:0:1470701)
    at t._renderToTarget (https://cdn.babylonjs.com/babylon.js:0:944126)
    at t._render (https://cdn.babylonjs.com/babylon.js:0:942773)
    at t.render (https://cdn.babylonjs.com/babylon.js:0:941741)
    at e._renderForCamera (https://cdn.babylonjs.com/babylon.js:0:2917619)
    at e._processSubCameras (https://cdn.babylonjs.com/babylon.js:0:2919674)
    at e.render (https://cdn.babylonjs.com/babylon.js:0:2927939)
    at renderScene (http://localhost:5500/js/graphics.js?v=78:1285:10)
    at animate (http://localhost:5500/js/main.js?v=78:377:2)
[  483655ms] Uncaught TypeError: Cannot read properties of undefined (reading '_currentLOD')
    at e._prepareRenderingManager (https://cdn.babylonjs.com/babylon.js:0:1473870)
    at e.render (https://cdn.babylonjs.com/babylon.js:0:1470701)
    at t._renderToTarget (https://cdn.babylonjs.com/babylon.js:0:944126)
    at t._render (https://cdn.babylonjs.com/babylon.js:0:942773)
    at t.render (https://cdn.babylonjs.com/babylon.js:0:941741)
    at e._renderForCamera (https://cdn.babylonjs.com/babylon.js:0:2917619)
    at e._processSubCameras (https://cdn.babylonjs.com/babylon.js:0:2919674)
    at e.render (https://cdn.babylonjs.com/babylon.js:0:2927939)
    at renderScene (http://localhost:5500/js/graphics.js?v=78:1285:10)
    at animate (http://localhost:5500/js/main.js?v=78:377:2)
[  483673ms] Uncaught TypeError: Cannot read properties of undefined (reading '_currentLOD')
    at e._prepareRenderingManager (https://cdn.babylonjs.com/babylon.js:0:1473870)
    at e.render (https://cdn.babylonjs.com/babylon.js:0:1470701)
    at t._renderToTarget (https://cdn.babylonjs.com/babylon.js:0:944126)
    at t._render (https://cdn.babylonjs.com/babylon.js:0:942773)
    at t.render (https://cdn.babylonjs.com/babylon.js:0:941741)
    at e._renderForCamera (https://cdn.babylonjs.com/babylon.js:0:2917619)
    at e._processSubCameras (https://cdn.babylonjs.com/babylon.js:0:2919674)
    at e.render (https://cdn.babylonjs.com/babylon.js:0:2927939)
    at renderScene (http://localhost:5500/js/graphics.js?v=78:1285:10)
    at animate (http://localhost:5500/js/main.js?v=78:377:2)
[  483689ms] Uncaught TypeError: Cannot read properties of undefined (reading '_currentLOD')
    at e._prepareRenderingManager (https://cdn.babylonjs.com/babylon.js:0:1473870)
    at e.render (https://cdn.babylonjs.com/babylon.js:0:1470701)
    at t._renderToTarget (https://cdn.babylonjs.com/babylon.js:0:944126)
    at t._render (https://cdn.babylonjs.com/babylon.js:0:942773)
    at t.render (https://cdn.babylonjs.com/babylon.js:0:941741)
    at e._renderForCamera (https://cdn.babylonjs.com/babylon.js:0:2917619)
    at e._processSubCameras (https://cdn.babylonjs.com/babylon.js:0:2919674)
    at e.render (https://cdn.babylonjs.com/babylon.js:0:2927939)
    at renderScene (http://localhost:5500/js/graphics.js?v=78:1285:10)
    at animate (http://localhost:5500/js/main.js?v=78:377:2)
[  483705ms] Uncaught TypeError: Cannot read properties of undefined (reading '_currentLOD')
    at e._prepareRenderingManager (https://cdn.babylonjs.com/babylon.js:0:1473870)
    at e.render (https://cdn.babylonjs.com/babylon.js:0:1470701)
    at t._renderToTarget (https://cdn.babylonjs.com/babylon.js:0:944126)
    at t._render (https://cdn.babylonjs.com/babylon.js:0:942773)
    at t.render (https://cdn.babylonjs.com/babylon.js:0:941741)
    at e._renderForCamera (https://cdn.babylonjs.com/babylon.js:0:2917619)
    at e._processSubCameras (https://cdn.babylonjs.com/babylon.js:0:2919674)
    at e.render (https://cdn.babylonjs.com/babylon.js:0:2927939)
    at renderScene (http://localhost:5500/js/graphics.js?v=78:1285:10)
    at animate (http://localhost:5500/js/main.js?v=78:377:2)
[  483722ms] Uncaught TypeError: Cannot read properties of undefined (reading '_currentLOD')
    at e._prepareRenderingManager (https://cdn.babylonjs.com/babylon.js:0:1473870)
    at e.render (https://cdn.babylonjs.com/babylon.js:0:1470701)
    at t._renderToTarget (https://cdn.babylonjs.com/babylon.js:0:944126)
    at t._render (https://cdn.babylonjs.com/babylon.js:0:942773)
    at t.render (https://cdn.babylonjs.com/babylon.js:0:941741)
    at e._renderForCamera (https://cdn.babylonjs.com/babylon.js:0:2917619)
    at e._processSubCameras (https://cdn.babylonjs.com/babylon.js:0:2919674)
    at e.render (https://cdn.babylonjs.com/babylon.js:0:2927939)
    at renderScene (http://localhost:5500/js/graphics.js?v=78:1285:10)
    at animate (http://localhost:5500/js/main.js?v=78:377:2)
[  483738ms] Uncaught TypeError: Cannot read properties of undefined (reading '_currentLOD')
    at e._prepareRenderingManager (https://cdn.babylonjs.com/babylon.js:0:1473870)
    at e.render (https://cdn.babylonjs.com/babylon.js:0:1470701)
    at t._renderToTarget (https://cdn.babylonjs.com/babylon.js:0:944126)
    at t._render (https://cdn.babylonjs.com/babylon.js:0:942773)
    at t.render (https://cdn.babylonjs.com/babylon.js:0:941741)
    at e._renderForCamera (https://cdn.babylonjs.com/babylon.js:0:2917619)
    at e._processSubCameras (https://cdn.babylonjs.com/babylon.js:0:2919674)
    at e.render (https://cdn.babylonjs.com/babylon.js:0:2927939)
    at renderScene (http://localhost:5500/js/graphics.js?v=78:1285:10)
    at animate (http://localhost:5500/js/main.js?v=78:377:2)
[  483755ms] Uncaught TypeError: Cannot read properties of undefined (reading '_currentLOD')
    at e._prepareRenderingManager (https://cdn.babylonjs.com/babylon.js:0:1473870)
    at e.render (https://cdn.babylonjs.com/babylon.js:0:1470701)
    at t._renderToTarget (https://cdn.babylonjs.com/babylon.js:0:944126)
    at t._render (https://cdn.babylonjs.com/babylon.js:0:942773)
    at t.render (https://cdn.babylonjs.com/babylon.js:0:941741)
    at e._renderForCamera (https://cdn.babylonjs.com/babylon.js:0:2917619)
    at e._processSubCameras (https://cdn.babylonjs.com/babylon.js:0:2919674)
    at e.render (https://cdn.babylonjs.com/babylon.js:0:2927939)
    at renderScene (http://localhost:5500/js/graphics.js?v=78:1285:10)
    at animate (http://localhost:5500/js/main.js?v=78:377:2)
[  483772ms] Uncaught TypeError: Cannot read properties of undefined (reading '_currentLOD')
    at e._prepareRenderingManager (https://cdn.babylonjs.com/babylon.js:0:1473870)
    at e.render (https://cdn.babylonjs.com/babylon.js:0:1470701)
    at t._renderToTarget (https://cdn.babylonjs.com/babylon.js:0:944126)
    at t._render (https://cdn.babylonjs.com/babylon.js:0:942773)
    at t.render (https://cdn.babylonjs.com/babylon.js:0:941741)
    at e._renderForCamera (https://cdn.babylonjs.com/babylon.js:0:2917619)
    at e._processSubCameras (https://cdn.babylonjs.com/babylon.js:0:2919674)
    at e.render (https://cdn.babylonjs.com/babylon.js:0:2927939)
    at renderScene (http://localhost:5500/js/graphics.js?v=78:1285:10)
    at animate (http://localhost:5500/js/main.js?v=78:377:2)
[  483788ms] Uncaught TypeError: Cannot read properties of undefined (reading '_currentLOD')
    at e._prepareRenderingManager (https://cdn.babylonjs.com/babylon.js:0:1473870)
    at e.render (https://cdn.babylonjs.com/babylon.js:0:1470701)
    at t._renderToTarget (https://cdn.babylonjs.com/babylon.js:0:944126)
    at t._render (https://cdn.babylonjs.com/babylon.js:0:942773)
    at t.render (https://cdn.babylonjs.com/babylon.js:0:941741)
    at e._renderForCamera (https://cdn.babylonjs.com/babylon.js:0:2917619)
    at e._processSubCameras (https://cdn.babylonjs.com/babylon.js:0:2919674)
    at e.render (https://cdn.babylonjs.com/babylon.js:0:2927939)
    at renderScene (http://localhost:5500/js/graphics.js?v=78:1285:10)
    at animate (http://localhost:5500/js/main.js?v=78:377:2)
[  483805ms] Uncaught TypeError: Cannot read properties of undefined (reading '_currentLOD')
    at e._prepareRenderingManager (https://cdn.babylonjs.com/babylon.js:0:1473870)
    at e.render (https://cdn.babylonjs.com/babylon.js:0:1470701)
    at t._renderToTarget (https://cdn.babylonjs.com/babylon.js:0:944126)
    at t._render (https://cdn.babylonjs.com/babylon.js:0:942773)
    at t.render (https://cdn.babylonjs.com/babylon.js:0:941741)
    at e._renderForCamera (https://cdn.babylonjs.com/babylon.js:0:2917619)
    at e._processSubCameras (https://cdn.babylonjs.com/babylon.js:0:2919674)
    at e.render (https://cdn.babylonjs.com/babylon.js:0:2927939)
    at renderScene (http://localhost:5500/js/graphics.js?v=78:1285:10)
    at animate (http://localhost:5500/js/main.js?v=78:377:2)
[  483822ms] Uncaught TypeError: Cannot read properties of undefined (reading '_currentLOD')
    at e._prepareRenderingManager (https://cdn.babylonjs.com/babylon.js:0:1473870)
    at e.render (https://cdn.babylonjs.com/babylon.js:0:1470701)
    at t._renderToTarget (https://cdn.babylonjs.com/babylon.js:0:944126)
    at t._render (https://cdn.babylonjs.com/babylon.js:0:942773)
    at t.render (https://cdn.babylonjs.com/babylon.js:0:941741)
    at e._renderForCamera (https://cdn.babylonjs.com/babylon.js:0:2917619)
    at e._processSubCameras (https://cdn.babylonjs.com/babylon.js:0:2919674)
    at e.render (https://cdn.babylonjs.com/babylon.js:0:2927939)
    at renderScene (http://localhost:5500/js/graphics.js?v=78:1285:10)
    at animate (http://localhost:5500/js/main.js?v=78:377:2)
[  483839ms] Uncaught TypeError: Cannot read properties of undefined (reading '_currentLOD')
    at e._prepareRenderingManager (https://cdn.babylonjs.com/babylon.js:0:1473870)
    at e.render (https://cdn.babylonjs.com/babylon.js:0:1470701)
    at t._renderToTarget (https://cdn.babylonjs.com/babylon.js:0:944126)
    at t._render (https://cdn.babylonjs.com/babylon.js:0:942773)
    at t.render (https://cdn.babylonjs.com/babylon.js:0:941741)
    at e._renderForCamera (https://cdn.babylonjs.com/babylon.js:0:2917619)
    at e._processSubCameras (https://cdn.babylonjs.com/babylon.js:0:2919674)
    at e.render (https://cdn.babylonjs.com/babylon.js:0:2927939)
    at renderScene (http://localhost:5500/js/graphics.js?v=78:1285:10)
    at animate (http://localhost:5500/js/main.js?v=78:377:2)
[  483855ms] Uncaught TypeError: Cannot read properties of undefined (reading '_currentLOD')
    at e._prepareRenderingManager (https://cdn.babylonjs.com/babylon.js:0:1473870)
    at e.render (https://cdn.babylonjs.com/babylon.js:0:1470701)
    at t._renderToTarget (https://cdn.babylonjs.com/babylon.js:0:944126)
    at t._render (https://cdn.babylonjs.com/babylon.js:0:942773)
    at t.render (https://cdn.babylonjs.com/babylon.js:0:941741)
    at e._renderForCamera (https://cdn.babylonjs.com/babylon.js:0:2917619)
    at e._processSubCameras (https://cdn.babylonjs.com/babylon.js:0:2919674)
    at e.render (https://cdn.babylonjs.com/babylon.js:0:2927939)
    at renderScene (http://localhost:5500/js/graphics.js?v=78:1285:10)
    at animate (http://localhost:5500/js/main.js?v=78:377:2)
[  483871ms] Uncaught TypeError: Cannot read properties of undefined (reading '_currentLOD')
    at e._prepareRenderingManager (https://cdn.babylonjs.com/babylon.js:0:1473870)
    at e.render (https://cdn.babylonjs.com/babylon.js:0:1470701)
    at t._renderToTarget (https://cdn.babylonjs.com/babylon.js:0:944126)
    at t._render (https://cdn.babylonjs.com/babylon.js:0:942773)
    at t.render (https://cdn.babylonjs.com/babylon.js:0:941741)
    at e._renderForCamera (https://cdn.babylonjs.com/babylon.js:0:2917619)
    at e._processSubCameras (https://cdn.babylonjs.com/babylon.js:0:2919674)
    at e.render (https://cdn.babylonjs.com/babylon.js:0:2927939)
    at renderScene (http://localhost:5500/js/graphics.js?v=78:1285:10)
    at animate (http://localhost:5500/js/main.js?v=78:377:2)
[  483888ms] Uncaught TypeError: Cannot read properties of undefined (reading '_currentLOD')
    at e._prepareRenderingManager (https://cdn.babylonjs.com/babylon.js:0:1473870)
    at e.render (https://cdn.babylonjs.com/babylon.js:0:1470701)
    at t._renderToTarget (https://cdn.babylonjs.com/babylon.js:0:944126)
    at t._render (https://cdn.babylonjs.com/babylon.js:0:942773)
    at t.render (https://cdn.babylonjs.com/babylon.js:0:941741)
    at e._renderForCamera (https://cdn.babylonjs.com/babylon.js:0:2917619)
    at e._processSubCameras (https://cdn.babylonjs.com/babylon.js:0:2919674)
    at e.render (https://cdn.babylonjs.com/babylon.js:0:2927939)
    at renderScene (http://localhost:5500/js/graphics.js?v=78:1285:10)
    at animate (http://localhost:5500/js/main.js?v=78:377:2)
[  483905ms] Uncaught TypeError: Cannot read properties of undefined (reading '_currentLOD')
    at e._prepareRenderingManager (https://cdn.babylonjs.com/babylon.js:0:1473870)
    at e.render (https://cdn.babylonjs.com/babylon.js:0:1470701)
    at t._renderToTarget (https://cdn.babylonjs.com/babylon.js:0:944126)
    at t._render (https://cdn.babylonjs.com/babylon.js:0:942773)
    at t.render (https://cdn.babylonjs.com/babylon.js:0:941741)
    at e._renderForCamera (https://cdn.babylonjs.com/babylon.js:0:2917619)
    at e._processSubCameras (https://cdn.babylonjs.com/babylon.js:0:2919674)
    at e.render (https://cdn.babylonjs.com/babylon.js:0:2927939)
    at renderScene (http://localhost:5500/js/graphics.js?v=78:1285:10)
    at animate (http://localhost:5500/js/main.js?v=78:377:2)
[  483922ms] Uncaught TypeError: Cannot read properties of undefined (reading '_currentLOD')
    at e._prepareRenderingManager (https://cdn.babylonjs.com/babylon.js:0:1473870)
    at e.render (https://cdn.babylonjs.com/babylon.js:0:1470701)
    at t._renderToTarget (https://cdn.babylonjs.com/babylon.js:0:944126)
    at t._render (https://cdn.babylonjs.com/babylon.js:0:942773)
    at t.render (https://cdn.babylonjs.com/babylon.js:0:941741)
    at e._renderForCamera (https://cdn.babylonjs.com/babylon.js:0:2917619)
    at e._processSubCameras (https://cdn.babylonjs.com/babylon.js:0:2919674)
    at e.render (https://cdn.babylonjs.com/babylon.js:0:2927939)
    at renderScene (http://localhost:5500/js/graphics.js?v=78:1285:10)
    at animate (http://localhost:5500/js/main.js?v=78:377:2)
[  483938ms] Uncaught TypeError: Cannot read properties of undefined (reading '_currentLOD')
    at e._prepareRenderingManager (https://cdn.babylonjs.com/babylon.js:0:1473870)
    at e.render (https://cdn.babylonjs.com/babylon.js:0:1470701)
    at t._renderToTarget (https://cdn.babylonjs.com/babylon.js:0:944126)
    at t._render (https://cdn.babylonjs.com/babylon.js:0:942773)
    at t.render (https://cdn.babylonjs.com/babylon.js:0:941741)
    at e._renderForCamera (https://cdn.babylonjs.com/babylon.js:0:2917619)
    at e._processSubCameras (https://cdn.babylonjs.com/babylon.js:0:2919674)
    at e.render (https://cdn.babylonjs.com/babylon.js:0:2927939)
    at renderScene (http://localhost:5500/js/graphics.js?v=78:1285:10)
    at animate (http://localhost:5500/js/main.js?v=78:377:2)
[  483955ms] Uncaught TypeError: Cannot read properties of undefined (reading '_currentLOD')
    at e._prepareRenderingManager (https://cdn.babylonjs.com/babylon.js:0:1473870)
    at e.render (https://cdn.babylonjs.com/babylon.js:0:1470701)
    at t._renderToTarget (https://cdn.babylonjs.com/babylon.js:0:944126)
    at t._render (https://cdn.babylonjs.com/babylon.js:0:942773)
    at t.render (https://cdn.babylonjs.com/babylon.js:0:941741)
    at e._renderForCamera (https://cdn.babylonjs.com/babylon.js:0:2917619)
    at e._processSubCameras (https://cdn.babylonjs.com/babylon.js:0:2919674)
    at e.render (https://cdn.babylonjs.com/babylon.js:0:2927939)
    at renderScene (http://localhost:5500/js/graphics.js?v=78:1285:10)
    at animate (http://localhost:5500/js/main.js?v=78:377:2)
[  483971ms] Uncaught TypeError: Cannot read properties of undefined (reading '_currentLOD')
    at e._prepareRenderingManager (https://cdn.babylonjs.com/babylon.js:0:1473870)
    at e.render (https://cdn.babylonjs.com/babylon.js:0:1470701)
    at t._renderToTarget (https://cdn.babylonjs.com/babylon.js:0:944126)
    at t._render (https://cdn.babylonjs.com/babylon.js:0:942773)
    at t.render (https://cdn.babylonjs.com/babylon.js:0:941741)
    at e._renderForCamera (https://cdn.babylonjs.com/babylon.js:0:2917619)
    at e._processSubCameras (https://cdn.babylonjs.com/babylon.js:0:2919674)
    at e.render (https://cdn.babylonjs.com/babylon.js:0:2927939)
    at renderScene (http://localhost:5500/js/graphics.js?v=78:1285:10)
    at animate (http://localhost:5500/js/main.js?v=78:377:2)
[  483988ms] Uncaught TypeError: Cannot read properties of undefined (reading '_currentLOD')
    at e._prepareRenderingManager (https://cdn.babylonjs.com/babylon.js:0:1473870)
    at e.render (https://cdn.babylonjs.com/babylon.js:0:1470701)
    at t._renderToTarget (https://cdn.babylonjs.com/babylon.js:0:944126)
    at t._render (https://cdn.babylonjs.com/babylon.js:0:942773)
    at t.render (https://cdn.babylonjs.com/babylon.js:0:941741)
    at e._renderForCamera (https://cdn.babylonjs.com/babylon.js:0:2917619)
    at e._processSubCameras (https://cdn.babylonjs.com/babylon.js:0:2919674)
    at e.render (https://cdn.babylonjs.com/babylon.js:0:2927939)
    at renderScene (http://localhost:5500/js/graphics.js?v=78:1285:10)
    at animate (http://localhost:5500/js/main.js?v=78:377:2)
[  484005ms] Uncaught TypeError: Cannot read properties of undefined (reading '_currentLOD')
    at e._prepareRenderingManager (https://cdn.babylonjs.com/babylon.js:0:1473870)
    at e.render (https://cdn.babylonjs.com/babylon.js:0:1470701)
    at t._renderToTarget (https://cdn.babylonjs.com/babylon.js:0:944126)
    at t._render (https://cdn.babylonjs.com/babylon.js:0:942773)
    at t.render (https://cdn.babylonjs.com/babylon.js:0:941741)
    at e._renderForCamera (https://cdn.babylonjs.com/babylon.js:0:2917619)
    at e._processSubCameras (https://cdn.babylonjs.com/babylon.js:0:2919674)
    at e.render (https://cdn.babylonjs.com/babylon.js:0:2927939)
    at renderScene (http://localhost:5500/js/graphics.js?v=78:1285:10)
    at animate (http://localhost:5500/js/main.js?v=78:377:2)
[  484022ms] Uncaught TypeError: Cannot read properties of undefined (reading '_currentLOD')
    at e._prepareRenderingManager (https://cdn.babylonjs.com/babylon.js:0:1473870)
    at e.render (https://cdn.babylonjs.com/babylon.js:0:1470701)
    at t._renderToTarget (https://cdn.babylonjs.com/babylon.js:0:944126)
    at t._render (https://cdn.babylonjs.com/babylon.js:0:942773)
    at t.render (https://cdn.babylonjs.com/babylon.js:0:941741)
    at e._renderForCamera (https://cdn.babylonjs.com/babylon.js:0:2917619)
    at e._processSubCameras (https://cdn.babylonjs.com/babylon.js:0:2919674)
    at e.render (https://cdn.babylonjs.com/babylon.js:0:2927939)
    at renderScene (http://localhost:5500/js/graphics.js?v=78:1285:10)
    at animate (http://localhost:5500/js/main.js?v=78:377:2)
[  484038ms] Uncaught TypeError: Cannot read properties of undefined (reading '_currentLOD')
    at e._prepareRenderingManager (https://cdn.babylonjs.com/babylon.js:0:1473870)
    at e.render (https://cdn.babylonjs.com/babylon.js:0:1470701)
    at t._renderToTarget (https://cdn.babylonjs.com/babylon.js:0:944126)
    at t._render (https://cdn.babylonjs.com/babylon.js:0:942773)
    at t.render (https://cdn.babylonjs.com/babylon.js:0:941741)
    at e._renderForCamera (https://cdn.babylonjs.com/babylon.js:0:2917619)
    at e._processSubCameras (https://cdn.babylonjs.com/babylon.js:0:2919674)
    at e.render (https://cdn.babylonjs.com/babylon.js:0:2927939)
    at renderScene (http://localhost:5500/js/graphics.js?v=78:1285:10)
    at animate (http://localhost:5500/js/main.js?v=78:377:2)
[  484055ms] Uncaught TypeError: Cannot read properties of undefined (reading '_currentLOD')
    at e._prepareRenderingManager (https://cdn.babylonjs.com/babylon.js:0:1473870)
    at e.render (https://cdn.babylonjs.com/babylon.js:0:1470701)
    at t._renderToTarget (https://cdn.babylonjs.com/babylon.js:0:944126)
    at t._render (https://cdn.babylonjs.com/babylon.js:0:942773)
    at t.render (https://cdn.babylonjs.com/babylon.js:0:941741)
    at e._renderForCamera (https://cdn.babylonjs.com/babylon.js:0:2917619)
    at e._processSubCameras (https://cdn.babylonjs.com/babylon.js:0:2919674)
    at e.render (https://cdn.babylonjs.com/babylon.js:0:2927939)
    at renderScene (http://localhost:5500/js/graphics.js?v=78:1285:10)
    at animate (http://localhost:5500/js/main.js?v=78:377:2)
[  484071ms] Uncaught TypeError: Cannot read properties of undefined (reading '_currentLOD')
    at e._prepareRenderingManager (https://cdn.babylonjs.com/babylon.js:0:1473870)
    at e.render (https://cdn.babylonjs.com/babylon.js:0:1470701)
    at t._renderToTarget (https://cdn.babylonjs.com/babylon.js:0:944126)
    at t._render (https://cdn.babylonjs.com/babylon.js:0:942773)
    at t.render (https://cdn.babylonjs.com/babylon.js:0:941741)
    at e._renderForCamera (https://cdn.babylonjs.com/babylon.js:0:2917619)
    at e._processSubCameras (https://cdn.babylonjs.com/babylon.js:0:2919674)
    at e.render (https://cdn.babylonjs.com/babylon.js:0:2927939)
    at renderScene (http://localhost:5500/js/graphics.js?v=78:1285:10)
    at animate (http://localhost:5500/js/main.js?v=78:377:2)
[  484088ms] Uncaught TypeError: Cannot read properties of undefined (reading '_currentLOD')
    at e._prepareRenderingManager (https://cdn.babylonjs.com/babylon.js:0:1473870)
    at e.render (https://cdn.babylonjs.com/babylon.js:0:1470701)
    at t._renderToTarget (https://cdn.babylonjs.com/babylon.js:0:944126)
    at t._render (https://cdn.babylonjs.com/babylon.js:0:942773)
    at t.render (https://cdn.babylonjs.com/babylon.js:0:941741)
    at e._renderForCamera (https://cdn.babylonjs.com/babylon.js:0:2917619)
    at e._processSubCameras (https://cdn.babylonjs.com/babylon.js:0:2919674)
    at e.render (https://cdn.babylonjs.com/babylon.js:0:2927939)
    at renderScene (http://localhost:5500/js/graphics.js?v=78:1285:10)
    at animate (http://localhost:5500/js/main.js?v=78:377:2)
[  484105ms] Uncaught TypeError: Cannot read properties of undefined (reading '_currentLOD')
    at e._prepareRenderingManager (https://cdn.babylonjs.com/babylon.js:0:1473870)
    at e.render (https://cdn.babylonjs.com/babylon.js:0:1470701)
    at t._renderToTarget (https://cdn.babylonjs.com/babylon.js:0:944126)
    at t._render (https://cdn.babylonjs.com/babylon.js:0:942773)
    at t.render (https://cdn.babylonjs.com/babylon.js:0:941741)
    at e._renderForCamera (https://cdn.babylonjs.com/babylon.js:0:2917619)
    at e._processSubCameras (https://cdn.babylonjs.com/babylon.js:0:2919674)
    at e.render (https://cdn.babylonjs.com/babylon.js:0:2927939)
    at renderScene (http://localhost:5500/js/graphics.js?v=78:1285:10)
    at animate (http://localhost:5500/js/main.js?v=78:377:2)
[  484129ms] Uncaught TypeError: Cannot read properties of undefined (reading '_currentLOD')
    at e._prepareRenderingManager (https://cdn.babylonjs.com/babylon.js:0:1473870)
    at e.render (https://cdn.babylonjs.com/babylon.js:0:1470701)
    at t._renderToTarget (https://cdn.babylonjs.com/babylon.js:0:944126)
    at t._render (https://cdn.babylonjs.com/babylon.js:0:942773)
    at t.render (https://cdn.babylonjs.com/babylon.js:0:941741)
    at e._renderForCamera (https://cdn.babylonjs.com/babylon.js:0:2917619)
    at e._processSubCameras (https://cdn.babylonjs.com/babylon.js:0:2919674)
    at e.render (https://cdn.babylonjs.com/babylon.js:0:2927939)
    at renderScene (http://localhost:5500/js/graphics.js?v=78:1285:10)
    at animate (http://localhost:5500/js/main.js?v=78:377:2)
[  484140ms] Uncaught TypeError: Cannot read properties of undefined (reading '_currentLOD')
    at e._prepareRenderingManager (https://cdn.babylonjs.com/babylon.js:0:1473870)
    at e.render (https://cdn.babylonjs.com/babylon.js:0:1470701)
    at t._renderToTarget (https://cdn.babylonjs.com/babylon.js:0:944126)
    at t._render (https://cdn.babylonjs.com/babylon.js:0:942773)
    at t.render (https://cdn.babylonjs.com/babylon.js:0:941741)
    at e._renderForCamera (https://cdn.babylonjs.com/babylon.js:0:2917619)
    at e._processSubCameras (https://cdn.babylonjs.com/babylon.js:0:2919674)
    at e.render (https://cdn.babylonjs.com/babylon.js:0:2927939)
    at renderScene (http://localhost:5500/js/graphics.js?v=78:1285:10)
    at animate (http://localhost:5500/js/main.js?v=78:377:2)
[  484160ms] Uncaught TypeError: Cannot read properties of undefined (reading '_currentLOD')
    at e._prepareRenderingManager (https://cdn.babylonjs.com/babylon.js:0:1473870)
    at e.render (https://cdn.babylonjs.com/babylon.js:0:1470701)
    at t._renderToTarget (https://cdn.babylonjs.com/babylon.js:0:944126)
    at t._render (https://cdn.babylonjs.com/babylon.js:0:942773)
    at t.render (https://cdn.babylonjs.com/babylon.js:0:941741)
    at e._renderForCamera (https://cdn.babylonjs.com/babylon.js:0:2917619)
    at e._processSubCameras (https://cdn.babylonjs.com/babylon.js:0:2919674)
    at e.render (https://cdn.babylonjs.com/babylon.js:0:2927939)
    at renderScene (http://localhost:5500/js/graphics.js?v=78:1285:10)
    at animate (http://localhost:5500/js/main.js?v=78:377:2)
[  484172ms] Uncaught TypeError: Cannot read properties of undefined (reading '_currentLOD')
    at e._prepareRenderingManager (https://cdn.babylonjs.com/babylon.js:0:1473870)
    at e.render (https://cdn.babylonjs.com/babylon.js:0:1470701)
    at t._renderToTarget (https://cdn.babylonjs.com/babylon.js:0:944126)
    at t._render (https://cdn.babylonjs.com/babylon.js:0:942773)
    at t.render (https://cdn.babylonjs.com/babylon.js:0:941741)
    at e._renderForCamera (https://cdn.babylonjs.com/babylon.js:0:2917619)
    at e._processSubCameras (https://cdn.babylonjs.com/babylon.js:0:2919674)
    at e.render (https://cdn.babylonjs.com/babylon.js:0:2927939)
    at renderScene (http://localhost:5500/js/graphics.js?v=78:1285:10)
    at animate (http://localhost:5500/js/main.js?v=78:377:2)
[  484194ms] Uncaught TypeError: Cannot read properties of undefined (reading '_currentLOD')
    at e._prepareRenderingManager (https://cdn.babylonjs.com/babylon.js:0:1473870)
    at e.render (https://cdn.babylonjs.com/babylon.js:0:1470701)
    at t._renderToTarget (https://cdn.babylonjs.com/babylon.js:0:944126)
    at t._render (https://cdn.babylonjs.com/babylon.js:0:942773)
    at t.render (https://cdn.babylonjs.com/babylon.js:0:941741)
    at e._renderForCamera (https://cdn.babylonjs.com/babylon.js:0:2917619)
    at e._processSubCameras (https://cdn.babylonjs.com/babylon.js:0:2919674)
    at e.render (https://cdn.babylonjs.com/babylon.js:0:2927939)
    at renderScene (http://localhost:5500/js/graphics.js?v=78:1285:10)
    at animate (http://localhost:5500/js/main.js?v=78:377:2)
[  484210ms] Uncaught TypeError: Cannot read properties of undefined (reading '_currentLOD')
    at e._prepareRenderingManager (https://cdn.babylonjs.com/babylon.js:0:1473870)
    at e.render (https://cdn.babylonjs.com/babylon.js:0:1470701)
    at t._renderToTarget (https://cdn.babylonjs.com/babylon.js:0:944126)
    at t._render (https://cdn.babylonjs.com/babylon.js:0:942773)
    at t.render (https://cdn.babylonjs.com/babylon.js:0:941741)
    at e._renderForCamera (https://cdn.babylonjs.com/babylon.js:0:2917619)
    at e._processSubCameras (https://cdn.babylonjs.com/babylon.js:0:2919674)
    at e.render (https://cdn.babylonjs.com/babylon.js:0:2927939)
    at renderScene (http://localhost:5500/js/graphics.js?v=78:1285:10)
    at animate (http://localhost:5500/js/main.js?v=78:377:2)
[  484227ms] Uncaught TypeError: Cannot read properties of undefined (reading '_currentLOD')
    at e._prepareRenderingManager (https://cdn.babylonjs.com/babylon.js:0:1473870)
    at e.render (https://cdn.babylonjs.com/babylon.js:0:1470701)
    at t._renderToTarget (https://cdn.babylonjs.com/babylon.js:0:944126)
    at t._render (https://cdn.babylonjs.com/babylon.js:0:942773)
    at t.render (https://cdn.babylonjs.com/babylon.js:0:941741)
    at e._renderForCamera (https://cdn.babylonjs.com/babylon.js:0:2917619)
    at e._processSubCameras (https://cdn.babylonjs.com/babylon.js:0:2919674)
    at e.render (https://cdn.babylonjs.com/babylon.js:0:2927939)
    at renderScene (http://localhost:5500/js/graphics.js?v=78:1285:10)
    at animate (http://localhost:5500/js/main.js?v=78:377:2)
[  484243ms] Uncaught TypeError: Cannot read properties of undefined (reading '_currentLOD')
    at e._prepareRenderingManager (https://cdn.babylonjs.com/babylon.js:0:1473870)
    at e.render (https://cdn.babylonjs.com/babylon.js:0:1470701)
    at t._renderToTarget (https://cdn.babylonjs.com/babylon.js:0:944126)
    at t._render (https://cdn.babylonjs.com/babylon.js:0:942773)
    at t.render (https://cdn.babylonjs.com/babylon.js:0:941741)
    at e._renderForCamera (https://cdn.babylonjs.com/babylon.js:0:2917619)
    at e._processSubCameras (https://cdn.babylonjs.com/babylon.js:0:2919674)
    at e.render (https://cdn.babylonjs.com/babylon.js:0:2927939)
    at renderScene (http://localhost:5500/js/graphics.js?v=78:1285:10)
    at animate (http://localhost:5500/js/main.js?v=78:377:2)
[  484260ms] Uncaught TypeError: Cannot read properties of undefined (reading '_currentLOD')
    at e._prepareRenderingManager (https://cdn.babylonjs.com/babylon.js:0:1473870)
    at e.render (https://cdn.babylonjs.com/babylon.js:0:1470701)
    at t._renderToTarget (https://cdn.babylonjs.com/babylon.js:0:944126)
    at t._render (https://cdn.babylonjs.com/babylon.js:0:942773)
    at t.render (https://cdn.babylonjs.com/babylon.js:0:941741)
    at e._renderForCamera (https://cdn.babylonjs.com/babylon.js:0:2917619)
    at e._processSubCameras (https://cdn.babylonjs.com/babylon.js:0:2919674)
    at e.render (https://cdn.babylonjs.com/babylon.js:0:2927939)
    at renderScene (http://localhost:5500/js/graphics.js?v=78:1285:10)
    at animate (http://localhost:5500/js/main.js?v=78:377:2)
[  484277ms] Uncaught TypeError: Cannot read properties of undefined (reading '_currentLOD')
    at e._prepareRenderingManager (https://cdn.babylonjs.com/babylon.js:0:1473870)
    at e.render (https://cdn.babylonjs.com/babylon.js:0:1470701)
    at t._renderToTarget (https://cdn.babylonjs.com/babylon.js:0:944126)
    at t._render (https://cdn.babylonjs.com/babylon.js:0:942773)
    at t.render (https://cdn.babylonjs.com/babylon.js:0:941741)
    at e._renderForCamera (https://cdn.babylonjs.com/babylon.js:0:2917619)
    at e._processSubCameras (https://cdn.babylonjs.com/babylon.js:0:2919674)
    at e.render (https://cdn.babylonjs.com/babylon.js:0:2927939)
    at renderScene (http://localhost:5500/js/graphics.js?v=78:1285:10)
    at animate (http://localhost:5500/js/main.js?v=78:377:2)
[  484293ms] Uncaught TypeError: Cannot read properties of undefined (reading '_currentLOD')
    at e._prepareRenderingManager (https://cdn.babylonjs.com/babylon.js:0:1473870)
    at e.render (https://cdn.babylonjs.com/babylon.js:0:1470701)
    at t._renderToTarget (https://cdn.babylonjs.com/babylon.js:0:944126)
    at t._render (https://cdn.babylonjs.com/babylon.js:0:942773)
    at t.render (https://cdn.babylonjs.com/babylon.js:0:941741)
    at e._renderForCamera (https://cdn.babylonjs.com/babylon.js:0:2917619)
    at e._processSubCameras (https://cdn.babylonjs.com/babylon.js:0:2919674)
    at e.render (https://cdn.babylonjs.com/babylon.js:0:2927939)
    at renderScene (http://localhost:5500/js/graphics.js?v=78:1285:10)
    at animate (http://localhost:5500/js/main.js?v=78:377:2)
[  484310ms] Uncaught TypeError: Cannot read properties of undefined (reading '_currentLOD')
    at e._prepareRenderingManager (https://cdn.babylonjs.com/babylon.js:0:1473870)
    at e.render (https://cdn.babylonjs.com/babylon.js:0:1470701)
    at t._renderToTarget (https://cdn.babylonjs.com/babylon.js:0:944126)
    at t._render (https://cdn.babylonjs.com/babylon.js:0:942773)
    at t.render (https://cdn.babylonjs.com/babylon.js:0:941741)
    at e._renderForCamera (https://cdn.babylonjs.com/babylon.js:0:2917619)
    at e._processSubCameras (https://cdn.babylonjs.com/babylon.js:0:2919674)
    at e.render (https://cdn.babylonjs.com/babylon.js:0:2927939)
    at renderScene (http://localhost:5500/js/graphics.js?v=78:1285:10)
    at animate (http://localhost:5500/js/main.js?v=78:377:2)
[  484327ms] Uncaught TypeError: Cannot read properties of undefined (reading '_currentLOD')
    at e._prepareRenderingManager (https://cdn.babylonjs.com/babylon.js:0:1473870)
    at e.render (https://cdn.babylonjs.com/babylon.js:0:1470701)
    at t._renderToTarget (https://cdn.babylonjs.com/babylon.js:0:944126)
    at t._render (https://cdn.babylonjs.com/babylon.js:0:942773)
    at t.render (https://cdn.babylonjs.com/babylon.js:0:941741)
    at e._renderForCamera (https://cdn.babylonjs.com/babylon.js:0:2917619)
    at e._processSubCameras (https://cdn.babylonjs.com/babylon.js:0:2919674)
    at e.render (https://cdn.babylonjs.com/babylon.js:0:2927939)
    at renderScene (http://localhost:5500/js/graphics.js?v=78:1285:10)
    at animate (http://localhost:5500/js/main.js?v=78:377:2)
[  484343ms] Uncaught TypeError: Cannot read properties of undefined (reading '_currentLOD')
    at e._prepareRenderingManager (https://cdn.babylonjs.com/babylon.js:0:1473870)
    at e.render (https://cdn.babylonjs.com/babylon.js:0:1470701)
    at t._renderToTarget (https://cdn.babylonjs.com/babylon.js:0:944126)
    at t._render (https://cdn.babylonjs.com/babylon.js:0:942773)
    at t.render (https://cdn.babylonjs.com/babylon.js:0:941741)
    at e._renderForCamera (https://cdn.babylonjs.com/babylon.js:0:2917619)
    at e._processSubCameras (https://cdn.babylonjs.com/babylon.js:0:2919674)
    at e.render (https://cdn.babylonjs.com/babylon.js:0:2927939)
    at renderScene (http://localhost:5500/js/graphics.js?v=78:1285:10)
    at animate (http://localhost:5500/js/main.js?v=78:377:2)
[  484361ms] Uncaught TypeError: Cannot read properties of undefined (reading '_currentLOD')
    at e._prepareRenderingManager (https://cdn.babylonjs.com/babylon.js:0:1473870)
    at e.render (https://cdn.babylonjs.com/babylon.js:0:1470701)
    at t._renderToTarget (https://cdn.babylonjs.com/babylon.js:0:944126)
    at t._render (https://cdn.babylonjs.com/babylon.js:0:942773)
    at t.render (https://cdn.babylonjs.com/babylon.js:0:941741)
    at e._renderForCamera (https://cdn.babylonjs.com/babylon.js:0:2917619)
    at e._processSubCameras (https://cdn.babylonjs.com/babylon.js:0:2919674)
    at e.render (https://cdn.babylonjs.com/babylon.js:0:2927939)
    at renderScene (http://localhost:5500/js/graphics.js?v=78:1285:10)
    at animate (http://localhost:5500/js/main.js?v=78:377:2)
[  484377ms] Uncaught TypeError: Cannot read properties of undefined (reading '_currentLOD')
    at e._prepareRenderingManager (https://cdn.babylonjs.com/babylon.js:0:1473870)
    at e.render (https://cdn.babylonjs.com/babylon.js:0:1470701)
    at t._renderToTarget (https://cdn.babylonjs.com/babylon.js:0:944126)
    at t._render (https://cdn.babylonjs.com/babylon.js:0:942773)
    at t.render (https://cdn.babylonjs.com/babylon.js:0:941741)
    at e._renderForCamera (https://cdn.babylonjs.com/babylon.js:0:2917619)
    at e._processSubCameras (https://cdn.babylonjs.com/babylon.js:0:2919674)
    at e.render (https://cdn.babylonjs.com/babylon.js:0:2927939)
    at renderScene (http://localhost:5500/js/graphics.js?v=78:1285:10)
    at animate (http://localhost:5500/js/main.js?v=78:377:2)
[  484395ms] Uncaught TypeError: Cannot read properties of undefined (reading '_currentLOD')
    at e._prepareRenderingManager (https://cdn.babylonjs.com/babylon.js:0:1473870)
    at e.render (https://cdn.babylonjs.com/babylon.js:0:1470701)
    at t._renderToTarget (https://cdn.babylonjs.com/babylon.js:0:944126)
    at t._render (https://cdn.babylonjs.com/babylon.js:0:942773)
    at t.render (https://cdn.babylonjs.com/babylon.js:0:941741)
    at e._renderForCamera (https://cdn.babylonjs.com/babylon.js:0:2917619)
    at e._processSubCameras (https://cdn.babylonjs.com/babylon.js:0:2919674)
    at e.render (https://cdn.babylonjs.com/babylon.js:0:2927939)
    at renderScene (http://localhost:5500/js/graphics.js?v=78:1285:10)
    at animate (http://localhost:5500/js/main.js?v=78:377:2)
[  484411ms] Uncaught TypeError: Cannot read properties of undefined (reading '_currentLOD')
    at e._prepareRenderingManager (https://cdn.babylonjs.com/babylon.js:0:1473870)
    at e.render (https://cdn.babylonjs.com/babylon.js:0:1470701)
    at t._renderToTarget (https://cdn.babylonjs.com/babylon.js:0:944126)
    at t._render (https://cdn.babylonjs.com/babylon.js:0:942773)
    at t.render (https://cdn.babylonjs.com/babylon.js:0:941741)
    at e._renderForCamera (https://cdn.babylonjs.com/babylon.js:0:2917619)
    at e._processSubCameras (https://cdn.babylonjs.com/babylon.js:0:2919674)
    at e.render (https://cdn.babylonjs.com/babylon.js:0:2927939)
    at renderScene (http://localhost:5500/js/graphics.js?v=78:1285:10)
    at animate (http://localhost:5500/js/main.js?v=78:377:2)
[  484428ms] Uncaught TypeError: Cannot read properties of undefined (reading '_currentLOD')
    at e._prepareRenderingManager (https://cdn.babylonjs.com/babylon.js:0:1473870)
    at e.render (https://cdn.babylonjs.com/babylon.js:0:1470701)
    at t._renderToTarget (https://cdn.babylonjs.com/babylon.js:0:944126)
    at t._render (https://cdn.babylonjs.com/babylon.js:0:942773)
    at t.render (https://cdn.babylonjs.com/babylon.js:0:941741)
    at e._renderForCamera (https://cdn.babylonjs.com/babylon.js:0:2917619)
    at e._processSubCameras (https://cdn.babylonjs.com/babylon.js:0:2919674)
    at e.render (https://cdn.babylonjs.com/babylon.js:0:2927939)
    at renderScene (http://localhost:5500/js/graphics.js?v=78:1285:10)
    at animate (http://localhost:5500/js/main.js?v=78:377:2)
[  484443ms] Uncaught TypeError: Cannot read properties of undefined (reading '_currentLOD')
    at e._prepareRenderingManager (https://cdn.babylonjs.com/babylon.js:0:1473870)
    at e.render (https://cdn.babylonjs.com/babylon.js:0:1470701)
    at t._renderToTarget (https://cdn.babylonjs.com/babylon.js:0:944126)
    at t._render (https://cdn.babylonjs.com/babylon.js:0:942773)
    at t.render (https://cdn.babylonjs.com/babylon.js:0:941741)
    at e._renderForCamera (https://cdn.babylonjs.com/babylon.js:0:2917619)
    at e._processSubCameras (https://cdn.babylonjs.com/babylon.js:0:2919674)
    at e.render (https://cdn.babylonjs.com/babylon.js:0:2927939)
    at renderScene (http://localhost:5500/js/graphics.js?v=78:1285:10)
    at animate (http://localhost:5500/js/main.js?v=78:377:2)
[  484462ms] Uncaught TypeError: Cannot read properties of undefined (reading '_currentLOD')
    at e._prepareRenderingManager (https://cdn.babylonjs.com/babylon.js:0:1473870)
    at e.render (https://cdn.babylonjs.com/babylon.js:0:1470701)
    at t._renderToTarget (https://cdn.babylonjs.com/babylon.js:0:944126)
    at t._render (https://cdn.babylonjs.com/babylon.js:0:942773)
    at t.render (https://cdn.babylonjs.com/babylon.js:0:941741)
    at e._renderForCamera (https://cdn.babylonjs.com/babylon.js:0:2917619)
    at e._processSubCameras (https://cdn.babylonjs.com/babylon.js:0:2919674)
    at e.render (https://cdn.babylonjs.com/babylon.js:0:2927939)
    at renderScene (http://localhost:5500/js/graphics.js?v=78:1285:10)
    at animate (http://localhost:5500/js/main.js?v=78:377:2)
[  484478ms] Uncaught TypeError: Cannot read properties of undefined (reading '_currentLOD')
    at e._prepareRenderingManager (https://cdn.babylonjs.com/babylon.js:0:1473870)
    at e.render (https://cdn.babylonjs.com/babylon.js:0:1470701)
    at t._renderToTarget (https://cdn.babylonjs.com/babylon.js:0:944126)
    at t._render (https://cdn.babylonjs.com/babylon.js:0:942773)
    at t.render (https://cdn.babylonjs.com/babylon.js:0:941741)
    at e._renderForCamera (https://cdn.babylonjs.com/babylon.js:0:2917619)
    at e._processSubCameras (https://cdn.babylonjs.com/babylon.js:0:2919674)
    at e.render (https://cdn.babylonjs.com/babylon.js:0:2927939)
    at renderScene (http://localhost:5500/js/graphics.js?v=78:1285:10)
    at animate (http://localhost:5500/js/main.js?v=78:377:2)
[  484494ms] Uncaught TypeError: Cannot read properties of undefined (reading '_currentLOD')
    at e._prepareRenderingManager (https://cdn.babylonjs.com/babylon.js:0:1473870)
    at e.render (https://cdn.babylonjs.com/babylon.js:0:1470701)
    at t._renderToTarget (https://cdn.babylonjs.com/babylon.js:0:944126)
    at t._render (https://cdn.babylonjs.com/babylon.js:0:942773)
    at t.render (https://cdn.babylonjs.com/babylon.js:0:941741)
    at e._renderForCamera (https://cdn.babylonjs.com/babylon.js:0:2917619)
    at e._processSubCameras (https://cdn.babylonjs.com/babylon.js:0:2919674)
    at e.render (https://cdn.babylonjs.com/babylon.js:0:2927939)
    at renderScene (http://localhost:5500/js/graphics.js?v=78:1285:10)
    at animate (http://localhost:5500/js/main.js?v=78:377:2)
[  484507ms] Uncaught TypeError: Cannot read properties of undefined (reading '_currentLOD')
    at e._prepareRenderingManager (https://cdn.babylonjs.com/babylon.js:0:1473870)
    at e.render (https://cdn.babylonjs.com/babylon.js:0:1470701)
    at t._renderToTarget (https://cdn.babylonjs.com/babylon.js:0:944126)
    at t._render (https://cdn.babylonjs.com/babylon.js:0:942773)
    at t.render (https://cdn.babylonjs.com/babylon.js:0:941741)
    at e._renderForCamera (https://cdn.babylonjs.com/babylon.js:0:2917619)
    at e._processSubCameras (https://cdn.babylonjs.com/babylon.js:0:2919674)
    at e.render (https://cdn.babylonjs.com/babylon.js:0:2927939)
    at renderScene (http://localhost:5500/js/graphics.js?v=78:1285:10)
    at animate (http://localhost:5500/js/main.js?v=78:377:2)
[  484521ms] Uncaught TypeError: Cannot read properties of undefined (reading '_currentLOD')
    at e._prepareRenderingManager (https://cdn.babylonjs.com/babylon.js:0:1473870)
    at e.render (https://cdn.babylonjs.com/babylon.js:0:1470701)
    at t._renderToTarget (https://cdn.babylonjs.com/babylon.js:0:944126)
    at t._render (https://cdn.babylonjs.com/babylon.js:0:942773)
    at t.render (https://cdn.babylonjs.com/babylon.js:0:941741)
    at e._renderForCamera (https://cdn.babylonjs.com/babylon.js:0:2917619)
    at e._processSubCameras (https://cdn.babylonjs.com/babylon.js:0:2919674)
    at e.render (https://cdn.babylonjs.com/babylon.js:0:2927939)
    at renderScene (http://localhost:5500/js/graphics.js?v=78:1285:10)
    at animate (http://localhost:5500/js/main.js?v=78:377:2)
[  484538ms] Uncaught TypeError: Cannot read properties of undefined (reading '_currentLOD')
    at e._prepareRenderingManager (https://cdn.babylonjs.com/babylon.js:0:1473870)
    at e.render (https://cdn.babylonjs.com/babylon.js:0:1470701)
    at t._renderToTarget (https://cdn.babylonjs.com/babylon.js:0:944126)
    at t._render (https://cdn.babylonjs.com/babylon.js:0:942773)
    at t.render (https://cdn.babylonjs.com/babylon.js:0:941741)
    at e._renderForCamera (https://cdn.babylonjs.com/babylon.js:0:2917619)
    at e._processSubCameras (https://cdn.babylonjs.com/babylon.js:0:2919674)
    at e.render (https://cdn.babylonjs.com/babylon.js:0:2927939)
    at renderScene (http://localhost:5500/js/graphics.js?v=78:1285:10)
    at animate (http://localhost:5500/js/main.js?v=78:377:2)
[  484555ms] Uncaught TypeError: Cannot read properties of undefined (reading '_currentLOD')
    at e._prepareRenderingManager (https://cdn.babylonjs.com/babylon.js:0:1473870)
    at e.render (https://cdn.babylonjs.com/babylon.js:0:1470701)
    at t._renderToTarget (https://cdn.babylonjs.com/babylon.js:0:944126)
    at t._render (https://cdn.babylonjs.com/babylon.js:0:942773)
    at t.render (https://cdn.babylonjs.com/babylon.js:0:941741)
    at e._renderForCamera (https://cdn.babylonjs.com/babylon.js:0:2917619)
    at e._processSubCameras (https://cdn.babylonjs.com/babylon.js:0:2919674)
    at e.render (https://cdn.babylonjs.com/babylon.js:0:2927939)
    at renderScene (http://localhost:5500/js/graphics.js?v=78:1285:10)
    at animate (http://localhost:5500/js/main.js?v=78:377:2)
[  484572ms] Uncaught TypeError: Cannot read properties of undefined (reading '_currentLOD')
    at e._prepareRenderingManager (https://cdn.babylonjs.com/babylon.js:0:1473870)
    at e.render (https://cdn.babylonjs.com/babylon.js:0:1470701)
    at t._renderToTarget (https://cdn.babylonjs.com/babylon.js:0:944126)
    at t._render (https://cdn.babylonjs.com/babylon.js:0:942773)
    at t.render (https://cdn.babylonjs.com/babylon.js:0:941741)
    at e._renderForCamera (https://cdn.babylonjs.com/babylon.js:0:2917619)
    at e._processSubCameras (https://cdn.babylonjs.com/babylon.js:0:2919674)
    at e.render (https://cdn.babylonjs.com/babylon.js:0:2927939)
    at renderScene (http://localhost:5500/js/graphics.js?v=78:1285:10)
    at animate (http://localhost:5500/js/main.js?v=78:377:2)
[  484588ms] Uncaught TypeError: Cannot read properties of undefined (reading '_currentLOD')
    at e._prepareRenderingManager (https://cdn.babylonjs.com/babylon.js:0:1473870)
    at e.render (https://cdn.babylonjs.com/babylon.js:0:1470701)
    at t._renderToTarget (https://cdn.babylonjs.com/babylon.js:0:944126)
    at t._render (https://cdn.babylonjs.com/babylon.js:0:942773)
    at t.render (https://cdn.babylonjs.com/babylon.js:0:941741)
    at e._renderForCamera (https://cdn.babylonjs.com/babylon.js:0:2917619)
    at e._processSubCameras (https://cdn.babylonjs.com/babylon.js:0:2919674)
    at e.render (https://cdn.babylonjs.com/babylon.js:0:2927939)
    at renderScene (http://localhost:5500/js/graphics.js?v=78:1285:10)
    at animate (http://localhost:5500/js/main.js?v=78:377:2)
[  484610ms] Uncaught TypeError: Cannot read properties of undefined (reading '_currentLOD')
    at e._prepareRenderingManager (https://cdn.babylonjs.com/babylon.js:0:1473870)
    at e.render (https://cdn.babylonjs.com/babylon.js:0:1470701)
    at t._renderToTarget (https://cdn.babylonjs.com/babylon.js:0:944126)
    at t._render (https://cdn.babylonjs.com/babylon.js:0:942773)
    at t.render (https://cdn.babylonjs.com/babylon.js:0:941741)
    at e._renderForCamera (https://cdn.babylonjs.com/babylon.js:0:2917619)
    at e._processSubCameras (https://cdn.babylonjs.com/babylon.js:0:2919674)
    at e.render (https://cdn.babylonjs.com/babylon.js:0:2927939)
    at renderScene (http://localhost:5500/js/graphics.js?v=78:1285:10)
    at animate (http://localhost:5500/js/main.js?v=78:377:2)
[  484627ms] Uncaught TypeError: Cannot read properties of undefined (reading '_currentLOD')
    at e._prepareRenderingManager (https://cdn.babylonjs.com/babylon.js:0:1473870)
    at e.render (https://cdn.babylonjs.com/babylon.js:0:1470701)
    at t._renderToTarget (https://cdn.babylonjs.com/babylon.js:0:944126)
    at t._render (https://cdn.babylonjs.com/babylon.js:0:942773)
    at t.render (https://cdn.babylonjs.com/babylon.js:0:941741)
    at e._renderForCamera (https://cdn.babylonjs.com/babylon.js:0:2917619)
    at e._processSubCameras (https://cdn.babylonjs.com/babylon.js:0:2919674)
    at e.render (https://cdn.babylonjs.com/babylon.js:0:2927939)
    at renderScene (http://localhost:5500/js/graphics.js?v=78:1285:10)
    at animate (http://localhost:5500/js/main.js?v=78:377:2)
[  484644ms] Uncaught TypeError: Cannot read properties of undefined (reading '_currentLOD')
    at e._prepareRenderingManager (https://cdn.babylonjs.com/babylon.js:0:1473870)
    at e.render (https://cdn.babylonjs.com/babylon.js:0:1470701)
    at t._renderToTarget (https://cdn.babylonjs.com/babylon.js:0:944126)
    at t._render (https://cdn.babylonjs.com/babylon.js:0:942773)
    at t.render (https://cdn.babylonjs.com/babylon.js:0:941741)
    at e._renderForCamera (https://cdn.babylonjs.com/babylon.js:0:2917619)
    at e._processSubCameras (https://cdn.babylonjs.com/babylon.js:0:2919674)
    at e.render (https://cdn.babylonjs.com/babylon.js:0:2927939)
    at renderScene (http://localhost:5500/js/graphics.js?v=78:1285:10)
    at animate (http://localhost:5500/js/main.js?v=78:377:2)
[  484660ms] Uncaught TypeError: Cannot read properties of undefined (reading '_currentLOD')
    at e._prepareRenderingManager (https://cdn.babylonjs.com/babylon.js:0:1473870)
    at e.render (https://cdn.babylonjs.com/babylon.js:0:1470701)
    at t._renderToTarget (https://cdn.babylonjs.com/babylon.js:0:944126)
    at t._render (https://cdn.babylonjs.com/babylon.js:0:942773)
    at t.render (https://cdn.babylonjs.com/babylon.js:0:941741)
    at e._renderForCamera (https://cdn.babylonjs.com/babylon.js:0:2917619)
    at e._processSubCameras (https://cdn.babylonjs.com/babylon.js:0:2919674)
    at e.render (https://cdn.babylonjs.com/babylon.js:0:2927939)
    at renderScene (http://localhost:5500/js/graphics.js?v=78:1285:10)
    at animate (http://localhost:5500/js/main.js?v=78:377:2)
[  484677ms] Uncaught TypeError: Cannot read properties of undefined (reading '_currentLOD')
    at e._prepareRenderingManager (https://cdn.babylonjs.com/babylon.js:0:1473870)
    at e.render (https://cdn.babylonjs.com/babylon.js:0:1470701)
    at t._renderToTarget (https://cdn.babylonjs.com/babylon.js:0:944126)
    at t._render (https://cdn.babylonjs.com/babylon.js:0:942773)
    at t.render (https://cdn.babylonjs.com/babylon.js:0:941741)
    at e._renderForCamera (https://cdn.babylonjs.com/babylon.js:0:2917619)
    at e._processSubCameras (https://cdn.babylonjs.com/babylon.js:0:2919674)
    at e.render (https://cdn.babylonjs.com/babylon.js:0:2927939)
    at renderScene (http://localhost:5500/js/graphics.js?v=78:1285:10)
    at animate (http://localhost:5500/js/main.js?v=78:377:2)
[  484693ms] Uncaught TypeError: Cannot read properties of undefined (reading '_currentLOD')
    at e._prepareRenderingManager (https://cdn.babylonjs.com/babylon.js:0:1473870)
    at e.render (https://cdn.babylonjs.com/babylon.js:0:1470701)
    at t._renderToTarget (https://cdn.babylonjs.com/babylon.js:0:944126)
    at t._render (https://cdn.babylonjs.com/babylon.js:0:942773)
    at t.render (https://cdn.babylonjs.com/babylon.js:0:941741)
    at e._renderForCamera (https://cdn.babylonjs.com/babylon.js:0:2917619)
    at e._processSubCameras (https://cdn.babylonjs.com/babylon.js:0:2919674)
    at e.render (https://cdn.babylonjs.com/babylon.js:0:2927939)
    at renderScene (http://localhost:5500/js/graphics.js?v=78:1285:10)
    at animate (http://localhost:5500/js/main.js?v=78:377:2)
[  484710ms] Uncaught TypeError: Cannot read properties of undefined (reading '_currentLOD')
    at e._prepareRenderingManager (https://cdn.babylonjs.com/babylon.js:0:1473870)
    at e.render (https://cdn.babylonjs.com/babylon.js:0:1470701)
    at t._renderToTarget (https://cdn.babylonjs.com/babylon.js:0:944126)
    at t._render (https://cdn.babylonjs.com/babylon.js:0:942773)
    at t.render (https://cdn.babylonjs.com/babylon.js:0:941741)
    at e._renderForCamera (https://cdn.babylonjs.com/babylon.js:0:2917619)
    at e._processSubCameras (https://cdn.babylonjs.com/babylon.js:0:2919674)
    at e.render (https://cdn.babylonjs.com/babylon.js:0:2927939)
    at renderScene (http://localhost:5500/js/graphics.js?v=78:1285:10)
    at animate (http://localhost:5500/js/main.js?v=78:377:2)
[  484728ms] Uncaught TypeError: Cannot read properties of undefined (reading '_currentLOD')
    at e._prepareRenderingManager (https://cdn.babylonjs.com/babylon.js:0:1473870)
    at e.render (https://cdn.babylonjs.com/babylon.js:0:1470701)
    at t._renderToTarget (https://cdn.babylonjs.com/babylon.js:0:944126)
    at t._render (https://cdn.babylonjs.com/babylon.js:0:942773)
    at t.render (https://cdn.babylonjs.com/babylon.js:0:941741)
    at e._renderForCamera (https://cdn.babylonjs.com/babylon.js:0:2917619)
    at e._processSubCameras (https://cdn.babylonjs.com/babylon.js:0:2919674)
    at e.render (https://cdn.babylonjs.com/babylon.js:0:2927939)
    at renderScene (http://localhost:5500/js/graphics.js?v=78:1285:10)
    at animate (http://localhost:5500/js/main.js?v=78:377:2)
[  484743ms] Uncaught TypeError: Cannot read properties of undefined (reading '_currentLOD')
    at e._prepareRenderingManager (https://cdn.babylonjs.com/babylon.js:0:1473870)
    at e.render (https://cdn.babylonjs.com/babylon.js:0:1470701)
    at t._renderToTarget (https://cdn.babylonjs.com/babylon.js:0:944126)
    at t._render (https://cdn.babylonjs.com/babylon.js:0:942773)
    at t.render (https://cdn.babylonjs.com/babylon.js:0:941741)
    at e._renderForCamera (https://cdn.babylonjs.com/babylon.js:0:2917619)
    at e._processSubCameras (https://cdn.babylonjs.com/babylon.js:0:2919674)
    at e.render (https://cdn.babylonjs.com/babylon.js:0:2927939)
    at renderScene (http://localhost:5500/js/graphics.js?v=78:1285:10)
    at animate (http://localhost:5500/js/main.js?v=78:377:2)
[  484760ms] Uncaught TypeError: Cannot read properties of undefined (reading '_currentLOD')
    at e._prepareRenderingManager (https://cdn.babylonjs.com/babylon.js:0:1473870)
    at e.render (https://cdn.babylonjs.com/babylon.js:0:1470701)
    at t._renderToTarget (https://cdn.babylonjs.com/babylon.js:0:944126)
    at t._render (https://cdn.babylonjs.com/babylon.js:0:942773)
    at t.render (https://cdn.babylonjs.com/babylon.js:0:941741)
    at e._renderForCamera (https://cdn.babylonjs.com/babylon.js:0:2917619)
    at e._processSubCameras (https://cdn.babylonjs.com/babylon.js:0:2919674)
    at e.render (https://cdn.babylonjs.com/babylon.js:0:2927939)
    at renderScene (http://localhost:5500/js/graphics.js?v=78:1285:10)
    at animate (http://localhost:5500/js/main.js?v=78:377:2)
[  484778ms] Uncaught TypeError: Cannot read properties of undefined (reading '_currentLOD')
    at e._prepareRenderingManager (https://cdn.babylonjs.com/babylon.js:0:1473870)
    at e.render (https://cdn.babylonjs.com/babylon.js:0:1470701)
    at t._renderToTarget (https://cdn.babylonjs.com/babylon.js:0:944126)
    at t._render (https://cdn.babylonjs.com/babylon.js:0:942773)
    at t.render (https://cdn.babylonjs.com/babylon.js:0:941741)
    at e._renderForCamera (https://cdn.babylonjs.com/babylon.js:0:2917619)
    at e._processSubCameras (https://cdn.babylonjs.com/babylon.js:0:2919674)
    at e.render (https://cdn.babylonjs.com/babylon.js:0:2927939)
    at renderScene (http://localhost:5500/js/graphics.js?v=78:1285:10)
    at animate (http://localhost:5500/js/main.js?v=78:377:2)
[  484794ms] Uncaught TypeError: Cannot read properties of undefined (reading '_currentLOD')
    at e._prepareRenderingManager (https://cdn.babylonjs.com/babylon.js:0:1473870)
    at e.render (https://cdn.babylonjs.com/babylon.js:0:1470701)
    at t._renderToTarget (https://cdn.babylonjs.com/babylon.js:0:944126)
    at t._render (https://cdn.babylonjs.com/babylon.js:0:942773)
    at t.render (https://cdn.babylonjs.com/babylon.js:0:941741)
    at e._renderForCamera (https://cdn.babylonjs.com/babylon.js:0:2917619)
    at e._processSubCameras (https://cdn.babylonjs.com/babylon.js:0:2919674)
    at e.render (https://cdn.babylonjs.com/babylon.js:0:2927939)
    at renderScene (http://localhost:5500/js/graphics.js?v=78:1285:10)
    at animate (http://localhost:5500/js/main.js?v=78:377:2)
[  484811ms] Uncaught TypeError: Cannot read properties of undefined (reading '_currentLOD')
    at e._prepareRenderingManager (https://cdn.babylonjs.com/babylon.js:0:1473870)
    at e.render (https://cdn.babylonjs.com/babylon.js:0:1470701)
    at t._renderToTarget (https://cdn.babylonjs.com/babylon.js:0:944126)
    at t._render (https://cdn.babylonjs.com/babylon.js:0:942773)
    at t.render (https://cdn.babylonjs.com/babylon.js:0:941741)
    at e._renderForCamera (https://cdn.babylonjs.com/babylon.js:0:2917619)
    at e._processSubCameras (https://cdn.babylonjs.com/babylon.js:0:2919674)
    at e.render (https://cdn.babylonjs.com/babylon.js:0:2927939)
    at renderScene (http://localhost:5500/js/graphics.js?v=78:1285:10)
    at animate (http://localhost:5500/js/main.js?v=78:377:2)
[  484827ms] Uncaught TypeError: Cannot read properties of undefined (reading '_currentLOD')
    at e._prepareRenderingManager (https://cdn.babylonjs.com/babylon.js:0:1473870)
    at e.render (https://cdn.babylonjs.com/babylon.js:0:1470701)
    at t._renderToTarget (https://cdn.babylonjs.com/babylon.js:0:944126)
    at t._render (https://cdn.babylonjs.com/babylon.js:0:942773)
    at t.render (https://cdn.babylonjs.com/babylon.js:0:941741)
    at e._renderForCamera (https://cdn.babylonjs.com/babylon.js:0:2917619)
    at e._processSubCameras (https://cdn.babylonjs.com/babylon.js:0:2919674)
    at e.render (https://cdn.babylonjs.com/babylon.js:0:2927939)
    at renderScene (http://localhost:5500/js/graphics.js?v=78:1285:10)
    at animate (http://localhost:5500/js/main.js?v=78:377:2)
[  484846ms] Uncaught TypeError: Cannot read properties of undefined (reading '_currentLOD')
    at e._prepareRenderingManager (https://cdn.babylonjs.com/babylon.js:0:1473870)
    at e.render (https://cdn.babylonjs.com/babylon.js:0:1470701)
    at t._renderToTarget (https://cdn.babylonjs.com/babylon.js:0:944126)
    at t._render (https://cdn.babylonjs.com/babylon.js:0:942773)
    at t.render (https://cdn.babylonjs.com/babylon.js:0:941741)
    at e._renderForCamera (https://cdn.babylonjs.com/babylon.js:0:2917619)
    at e._processSubCameras (https://cdn.babylonjs.com/babylon.js:0:2919674)
    at e.render (https://cdn.babylonjs.com/babylon.js:0:2927939)
    at renderScene (http://localhost:5500/js/graphics.js?v=78:1285:10)
    at animate (http://localhost:5500/js/main.js?v=78:377:2)
[  484861ms] Uncaught TypeError: Cannot read properties of undefined (reading '_currentLOD')
    at e._prepareRenderingManager (https://cdn.babylonjs.com/babylon.js:0:1473870)
    at e.render (https://cdn.babylonjs.com/babylon.js:0:1470701)
    at t._renderToTarget (https://cdn.babylonjs.com/babylon.js:0:944126)
    at t._render (https://cdn.babylonjs.com/babylon.js:0:942773)
    at t.render (https://cdn.babylonjs.com/babylon.js:0:941741)
    at e._renderForCamera (https://cdn.babylonjs.com/babylon.js:0:2917619)
    at e._processSubCameras (https://cdn.babylonjs.com/babylon.js:0:2919674)
    at e.render (https://cdn.babylonjs.com/babylon.js:0:2927939)
    at renderScene (http://localhost:5500/js/graphics.js?v=78:1285:10)
    at animate (http://localhost:5500/js/main.js?v=78:377:2)
[  484878ms] Uncaught TypeError: Cannot read properties of undefined (reading '_currentLOD')
    at e._prepareRenderingManager (https://cdn.babylonjs.com/babylon.js:0:1473870)
    at e.render (https://cdn.babylonjs.com/babylon.js:0:1470701)
    at t._renderToTarget (https://cdn.babylonjs.com/babylon.js:0:944126)
    at t._render (https://cdn.babylonjs.com/babylon.js:0:942773)
    at t.render (https://cdn.babylonjs.com/babylon.js:0:941741)
    at e._renderForCamera (https://cdn.babylonjs.com/babylon.js:0:2917619)
    at e._processSubCameras (https://cdn.babylonjs.com/babylon.js:0:2919674)
    at e.render (https://cdn.babylonjs.com/babylon.js:0:2927939)
    at renderScene (http://localhost:5500/js/graphics.js?v=78:1285:10)
    at animate (http://localhost:5500/js/main.js?v=78:377:2)
[  484896ms] Uncaught TypeError: Cannot read properties of undefined (reading '_currentLOD')
    at e._prepareRenderingManager (https://cdn.babylonjs.com/babylon.js:0:1473870)
    at e.render (https://cdn.babylonjs.com/babylon.js:0:1470701)
    at t._renderToTarget (https://cdn.babylonjs.com/babylon.js:0:944126)
    at t._render (https://cdn.babylonjs.com/babylon.js:0:942773)
    at t.render (https://cdn.babylonjs.com/babylon.js:0:941741)
    at e._renderForCamera (https://cdn.babylonjs.com/babylon.js:0:2917619)
    at e._processSubCameras (https://cdn.babylonjs.com/babylon.js:0:2919674)
    at e.render (https://cdn.babylonjs.com/babylon.js:0:2927939)
    at renderScene (http://localhost:5500/js/graphics.js?v=78:1285:10)
    at animate (http://localhost:5500/js/main.js?v=78:377:2)
[  484911ms] Uncaught TypeError: Cannot read properties of undefined (reading '_currentLOD')
    at e._prepareRenderingManager (https://cdn.babylonjs.com/babylon.js:0:1473870)
    at e.render (https://cdn.babylonjs.com/babylon.js:0:1470701)
    at t._renderToTarget (https://cdn.babylonjs.com/babylon.js:0:944126)
    at t._render (https://cdn.babylonjs.com/babylon.js:0:942773)
    at t.render (https://cdn.babylonjs.com/babylon.js:0:941741)
    at e._renderForCamera (https://cdn.babylonjs.com/babylon.js:0:2917619)
    at e._processSubCameras (https://cdn.babylonjs.com/babylon.js:0:2919674)
    at e.render (https://cdn.babylonjs.com/babylon.js:0:2927939)
    at renderScene (http://localhost:5500/js/graphics.js?v=78:1285:10)
    at animate (http://localhost:5500/js/main.js?v=78:377:2)
[  484927ms] Uncaught TypeError: Cannot read properties of undefined (reading '_currentLOD')
    at e._prepareRenderingManager (https://cdn.babylonjs.com/babylon.js:0:1473870)
    at e.render (https://cdn.babylonjs.com/babylon.js:0:1470701)
    at t._renderToTarget (https://cdn.babylonjs.com/babylon.js:0:944126)
    at t._render (https://cdn.babylonjs.com/babylon.js:0:942773)
    at t.render (https://cdn.babylonjs.com/babylon.js:0:941741)
    at e._renderForCamera (https://cdn.babylonjs.com/babylon.js:0:2917619)
    at e._processSubCameras (https://cdn.babylonjs.com/babylon.js:0:2919674)
    at e.render (https://cdn.babylonjs.com/babylon.js:0:2927939)
    at renderScene (http://localhost:5500/js/graphics.js?v=78:1285:10)
    at animate (http://localhost:5500/js/main.js?v=78:377:2)
[  484944ms] Uncaught TypeError: Cannot read properties of undefined (reading '_currentLOD')
    at e._prepareRenderingManager (https://cdn.babylonjs.com/babylon.js:0:1473870)
    at e.render (https://cdn.babylonjs.com/babylon.js:0:1470701)
    at t._renderToTarget (https://cdn.babylonjs.com/babylon.js:0:944126)
    at t._render (https://cdn.babylonjs.com/babylon.js:0:942773)
    at t.render (https://cdn.babylonjs.com/babylon.js:0:941741)
    at e._renderForCamera (https://cdn.babylonjs.com/babylon.js:0:2917619)
    at e._processSubCameras (https://cdn.babylonjs.com/babylon.js:0:2919674)
    at e.render (https://cdn.babylonjs.com/babylon.js:0:2927939)
    at renderScene (http://localhost:5500/js/graphics.js?v=78:1285:10)
    at animate (http://localhost:5500/js/main.js?v=78:377:2)
[  484961ms] Uncaught TypeError: Cannot read properties of undefined (reading '_currentLOD')
    at e._prepareRenderingManager (https://cdn.babylonjs.com/babylon.js:0:1473870)
    at e.render (https://cdn.babylonjs.com/babylon.js:0:1470701)
    at t._renderToTarget (https://cdn.babylonjs.com/babylon.js:0:944126)
    at t._render (https://cdn.babylonjs.com/babylon.js:0:942773)
    at t.render (https://cdn.babylonjs.com/babylon.js:0:941741)
    at e._renderForCamera (https://cdn.babylonjs.com/babylon.js:0:2917619)
    at e._processSubCameras (https://cdn.babylonjs.com/babylon.js:0:2919674)
    at e.render (https://cdn.babylonjs.com/babylon.js:0:2927939)
    at renderScene (http://localhost:5500/js/graphics.js?v=78:1285:10)
    at animate (http://localhost:5500/js/main.js?v=78:377:2)
[  484977ms] Uncaught TypeError: Cannot read properties of undefined (reading '_currentLOD')
    at e._prepareRenderingManager (https://cdn.babylonjs.com/babylon.js:0:1473870)
    at e.render (https://cdn.babylonjs.com/babylon.js:0:1470701)
    at t._renderToTarget (https://cdn.babylonjs.com/babylon.js:0:944126)
    at t._render (https://cdn.babylonjs.com/babylon.js:0:942773)
    at t.render (https://cdn.babylonjs.com/babylon.js:0:941741)
    at e._renderForCamera (https://cdn.babylonjs.com/babylon.js:0:2917619)
    at e._processSubCameras (https://cdn.babylonjs.com/babylon.js:0:2919674)
    at e.render (https://cdn.babylonjs.com/babylon.js:0:2927939)
    at renderScene (http://localhost:5500/js/graphics.js?v=78:1285:10)
    at animate (http://localhost:5500/js/main.js?v=78:377:2)
[  484995ms] Uncaught TypeError: Cannot read properties of undefined (reading '_currentLOD')
    at e._prepareRenderingManager (https://cdn.babylonjs.com/babylon.js:0:1473870)
    at e.render (https://cdn.babylonjs.com/babylon.js:0:1470701)
    at t._renderToTarget (https://cdn.babylonjs.com/babylon.js:0:944126)
    at t._render (https://cdn.babylonjs.com/babylon.js:0:942773)
    at t.render (https://cdn.babylonjs.com/babylon.js:0:941741)
    at e._renderForCamera (https://cdn.babylonjs.com/babylon.js:0:2917619)
    at e._processSubCameras (https://cdn.babylonjs.com/babylon.js:0:2919674)
    at e.render (https://cdn.babylonjs.com/babylon.js:0:2927939)
    at renderScene (http://localhost:5500/js/graphics.js?v=78:1285:10)
    at animate (http://localhost:5500/js/main.js?v=78:377:2)
[  485012ms] Uncaught TypeError: Cannot read properties of undefined (reading '_currentLOD')
    at e._prepareRenderingManager (https://cdn.babylonjs.com/babylon.js:0:1473870)
    at e.render (https://cdn.babylonjs.com/babylon.js:0:1470701)
    at t._renderToTarget (https://cdn.babylonjs.com/babylon.js:0:944126)
    at t._render (https://cdn.babylonjs.com/babylon.js:0:942773)
    at t.render (https://cdn.babylonjs.com/babylon.js:0:941741)
    at e._renderForCamera (https://cdn.babylonjs.com/babylon.js:0:2917619)
    at e._processSubCameras (https://cdn.babylonjs.com/babylon.js:0:2919674)
    at e.render (https://cdn.babylonjs.com/babylon.js:0:2927939)
    at renderScene (http://localhost:5500/js/graphics.js?v=78:1285:10)
    at animate (http://localhost:5500/js/main.js?v=78:377:2)
[  485027ms] Uncaught TypeError: Cannot read properties of undefined (reading '_currentLOD')
    at e._prepareRenderingManager (https://cdn.babylonjs.com/babylon.js:0:1473870)
    at e.render (https://cdn.babylonjs.com/babylon.js:0:1470701)
    at t._renderToTarget (https://cdn.babylonjs.com/babylon.js:0:944126)
    at t._render (https://cdn.babylonjs.com/babylon.js:0:942773)
    at t.render (https://cdn.babylonjs.com/babylon.js:0:941741)
    at e._renderForCamera (https://cdn.babylonjs.com/babylon.js:0:2917619)
    at e._processSubCameras (https://cdn.babylonjs.com/babylon.js:0:2919674)
    at e.render (https://cdn.babylonjs.com/babylon.js:0:2927939)
    at renderScene (http://localhost:5500/js/graphics.js?v=78:1285:10)
    at animate (http://localhost:5500/js/main.js?v=78:377:2)
[  485044ms] Uncaught TypeError: Cannot read properties of undefined (reading '_currentLOD')
    at e._prepareRenderingManager (https://cdn.babylonjs.com/babylon.js:0:1473870)
    at e.render (https://cdn.babylonjs.com/babylon.js:0:1470701)
    at t._renderToTarget (https://cdn.babylonjs.com/babylon.js:0:944126)
    at t._render (https://cdn.babylonjs.com/babylon.js:0:942773)
    at t.render (https://cdn.babylonjs.com/babylon.js:0:941741)
    at e._renderForCamera (https://cdn.babylonjs.com/babylon.js:0:2917619)
    at e._processSubCameras (https://cdn.babylonjs.com/babylon.js:0:2919674)
    at e.render (https://cdn.babylonjs.com/babylon.js:0:2927939)
    at renderScene (http://localhost:5500/js/graphics.js?v=78:1285:10)
    at animate (http://localhost:5500/js/main.js?v=78:377:2)
[  485060ms] Uncaught TypeError: Cannot read properties of undefined (reading '_currentLOD')
    at e._prepareRenderingManager (https://cdn.babylonjs.com/babylon.js:0:1473870)
    at e.render (https://cdn.babylonjs.com/babylon.js:0:1470701)
    at t._renderToTarget (https://cdn.babylonjs.com/babylon.js:0:944126)
    at t._render (https://cdn.babylonjs.com/babylon.js:0:942773)
    at t.render (https://cdn.babylonjs.com/babylon.js:0:941741)
    at e._renderForCamera (https://cdn.babylonjs.com/babylon.js:0:2917619)
    at e._processSubCameras (https://cdn.babylonjs.com/babylon.js:0:2919674)
    at e.render (https://cdn.babylonjs.com/babylon.js:0:2927939)
    at renderScene (http://localhost:5500/js/graphics.js?v=78:1285:10)
    at animate (http://localhost:5500/js/main.js?v=78:377:2)
[  485078ms] Uncaught TypeError: Cannot read properties of undefined (reading '_currentLOD')
    at e._prepareRenderingManager (https://cdn.babylonjs.com/babylon.js:0:1473870)
    at e.render (https://cdn.babylonjs.com/babylon.js:0:1470701)
    at t._renderToTarget (https://cdn.babylonjs.com/babylon.js:0:944126)
    at t._render (https://cdn.babylonjs.com/babylon.js:0:942773)
    at t.render (https://cdn.babylonjs.com/babylon.js:0:941741)
    at e._renderForCamera (https://cdn.babylonjs.com/babylon.js:0:2917619)
    at e._processSubCameras (https://cdn.babylonjs.com/babylon.js:0:2919674)
    at e.render (https://cdn.babylonjs.com/babylon.js:0:2927939)
    at renderScene (http://localhost:5500/js/graphics.js?v=78:1285:10)
    at animate (http://localhost:5500/js/main.js?v=78:377:2)
[  485090ms] Uncaught TypeError: Cannot read properties of undefined (reading '_currentLOD')
    at e._prepareRenderingManager (https://cdn.babylonjs.com/babylon.js:0:1473870)
    at e.render (https://cdn.babylonjs.com/babylon.js:0:1470701)
    at t._renderToTarget (https://cdn.babylonjs.com/babylon.js:0:944126)
    at t._render (https://cdn.babylonjs.com/babylon.js:0:942773)
    at t.render (https://cdn.babylonjs.com/babylon.js:0:941741)
    at e._renderForCamera (https://cdn.babylonjs.com/babylon.js:0:2917619)
    at e._processSubCameras (https://cdn.babylonjs.com/babylon.js:0:2919674)
    at e.render (https://cdn.babylonjs.com/babylon.js:0:2927939)
    at renderScene (http://localhost:5500/js/graphics.js?v=78:1285:10)
    at animate (http://localhost:5500/js/main.js?v=78:377:2)
[  485106ms] Uncaught TypeError: Cannot read properties of undefined (reading '_currentLOD')
    at e._prepareRenderingManager (https://cdn.babylonjs.com/babylon.js:0:1473870)
    at e.render (https://cdn.babylonjs.com/babylon.js:0:1470701)
    at t._renderToTarget (https://cdn.babylonjs.com/babylon.js:0:944126)
    at t._render (https://cdn.babylonjs.com/babylon.js:0:942773)
    at t.render (https://cdn.babylonjs.com/babylon.js:0:941741)
    at e._renderForCamera (https://cdn.babylonjs.com/babylon.js:0:2917619)
    at e._processSubCameras (https://cdn.babylonjs.com/babylon.js:0:2919674)
    at e.render (https://cdn.babylonjs.com/babylon.js:0:2927939)
    at renderScene (http://localhost:5500/js/graphics.js?v=78:1285:10)
    at animate (http://localhost:5500/js/main.js?v=78:377:2)
[  485123ms] Uncaught TypeError: Cannot read properties of undefined (reading '_currentLOD')
    at e._prepareRenderingManager (https://cdn.babylonjs.com/babylon.js:0:1473870)
    at e.render (https://cdn.babylonjs.com/babylon.js:0:1470701)
    at t._renderToTarget (https://cdn.babylonjs.com/babylon.js:0:944126)
    at t._render (https://cdn.babylonjs.com/babylon.js:0:942773)
    at t.render (https://cdn.babylonjs.com/babylon.js:0:941741)
    at e._renderForCamera (https://cdn.babylonjs.com/babylon.js:0:2917619)
    at e._processSubCameras (https://cdn.babylonjs.com/babylon.js:0:2919674)
    at e.render (https://cdn.babylonjs.com/babylon.js:0:2927939)
    at renderScene (http://localhost:5500/js/graphics.js?v=78:1285:10)
    at animate (http://localhost:5500/js/main.js?v=78:377:2)
[  485139ms] Uncaught TypeError: Cannot read properties of undefined (reading '_currentLOD')
    at e._prepareRenderingManager (https://cdn.babylonjs.com/babylon.js:0:1473870)
    at e.render (https://cdn.babylonjs.com/babylon.js:0:1470701)
    at t._renderToTarget (https://cdn.babylonjs.com/babylon.js:0:944126)
    at t._render (https://cdn.babylonjs.com/babylon.js:0:942773)
    at t.render (https://cdn.babylonjs.com/babylon.js:0:941741)
    at e._renderForCamera (https://cdn.babylonjs.com/babylon.js:0:2917619)
    at e._processSubCameras (https://cdn.babylonjs.com/babylon.js:0:2919674)
    at e.render (https://cdn.babylonjs.com/babylon.js:0:2927939)
    at renderScene (http://localhost:5500/js/graphics.js?v=78:1285:10)
    at animate (http://localhost:5500/js/main.js?v=78:377:2)
[  485156ms] Uncaught TypeError: Cannot read properties of undefined (reading '_currentLOD')
    at e._prepareRenderingManager (https://cdn.babylonjs.com/babylon.js:0:1473870)
    at e.render (https://cdn.babylonjs.com/babylon.js:0:1470701)
    at t._renderToTarget (https://cdn.babylonjs.com/babylon.js:0:944126)
    at t._render (https://cdn.babylonjs.com/babylon.js:0:942773)
    at t.render (https://cdn.babylonjs.com/babylon.js:0:941741)
    at e._renderForCamera (https://cdn.babylonjs.com/babylon.js:0:2917619)
    at e._processSubCameras (https://cdn.babylonjs.com/babylon.js:0:2919674)
    at e.render (https://cdn.babylonjs.com/babylon.js:0:2927939)
    at renderScene (http://localhost:5500/js/graphics.js?v=78:1285:10)
    at animate (http://localhost:5500/js/main.js?v=78:377:2)
[  485172ms] Uncaught TypeError: Cannot read properties of undefined (reading '_currentLOD')
    at e._prepareRenderingManager (https://cdn.babylonjs.com/babylon.js:0:1473870)
    at e.render (https://cdn.babylonjs.com/babylon.js:0:1470701)
    at t._renderToTarget (https://cdn.babylonjs.com/babylon.js:0:944126)
    at t._render (https://cdn.babylonjs.com/babylon.js:0:942773)
    at t.render (https://cdn.babylonjs.com/babylon.js:0:941741)
    at e._renderForCamera (https://cdn.babylonjs.com/babylon.js:0:2917619)
    at e._processSubCameras (https://cdn.babylonjs.com/babylon.js:0:2919674)
    at e.render (https://cdn.babylonjs.com/babylon.js:0:2927939)
    at renderScene (http://localhost:5500/js/graphics.js?v=78:1285:10)
    at animate (http://localhost:5500/js/main.js?v=78:377:2)
[  485188ms] Uncaught TypeError: Cannot read properties of undefined (reading '_currentLOD')
    at e._prepareRenderingManager (https://cdn.babylonjs.com/babylon.js:0:1473870)
    at e.render (https://cdn.babylonjs.com/babylon.js:0:1470701)
    at t._renderToTarget (https://cdn.babylonjs.com/babylon.js:0:944126)
    at t._render (https://cdn.babylonjs.com/babylon.js:0:942773)
    at t.render (https://cdn.babylonjs.com/babylon.js:0:941741)
    at e._renderForCamera (https://cdn.babylonjs.com/babylon.js:0:2917619)
    at e._processSubCameras (https://cdn.babylonjs.com/babylon.js:0:2919674)
    at e.render (https://cdn.babylonjs.com/babylon.js:0:2927939)
    at renderScene (http://localhost:5500/js/graphics.js?v=78:1285:10)
    at animate (http://localhost:5500/js/main.js?v=78:377:2)
[  485206ms] Uncaught TypeError: Cannot read properties of undefined (reading '_currentLOD')
    at e._prepareRenderingManager (https://cdn.babylonjs.com/babylon.js:0:1473870)
    at e.render (https://cdn.babylonjs.com/babylon.js:0:1470701)
    at t._renderToTarget (https://cdn.babylonjs.com/babylon.js:0:944126)
    at t._render (https://cdn.babylonjs.com/babylon.js:0:942773)
    at t.render (https://cdn.babylonjs.com/babylon.js:0:941741)
    at e._renderForCamera (https://cdn.babylonjs.com/babylon.js:0:2917619)
    at e._processSubCameras (https://cdn.babylonjs.com/babylon.js:0:2919674)
    at e.render (https://cdn.babylonjs.com/babylon.js:0:2927939)
    at renderScene (http://localhost:5500/js/graphics.js?v=78:1285:10)
    at animate (http://localhost:5500/js/main.js?v=78:377:2)
[  485224ms] Uncaught TypeError: Cannot read properties of undefined (reading '_currentLOD')
    at e._prepareRenderingManager (https://cdn.babylonjs.com/babylon.js:0:1473870)
    at e.render (https://cdn.babylonjs.com/babylon.js:0:1470701)
    at t._renderToTarget (https://cdn.babylonjs.com/babylon.js:0:944126)
    at t._render (https://cdn.babylonjs.com/babylon.js:0:942773)
    at t.render (https://cdn.babylonjs.com/babylon.js:0:941741)
    at e._renderForCamera (https://cdn.babylonjs.com/babylon.js:0:2917619)
    at e._processSubCameras (https://cdn.babylonjs.com/babylon.js:0:2919674)
    at e.render (https://cdn.babylonjs.com/babylon.js:0:2927939)
    at renderScene (http://localhost:5500/js/graphics.js?v=78:1285:10)
    at animate (http://localhost:5500/js/main.js?v=78:377:2)
[  485239ms] Uncaught TypeError: Cannot read properties of undefined (reading '_currentLOD')
    at e._prepareRenderingManager (https://cdn.babylonjs.com/babylon.js:0:1473870)
    at e.render (https://cdn.babylonjs.com/babylon.js:0:1470701)
    at t._renderToTarget (https://cdn.babylonjs.com/babylon.js:0:944126)
    at t._render (https://cdn.babylonjs.com/babylon.js:0:942773)
    at t.render (https://cdn.babylonjs.com/babylon.js:0:941741)
    at e._renderForCamera (https://cdn.babylonjs.com/babylon.js:0:2917619)
    at e._processSubCameras (https://cdn.babylonjs.com/babylon.js:0:2919674)
    at e.render (https://cdn.babylonjs.com/babylon.js:0:2927939)
    at renderScene (http://localhost:5500/js/graphics.js?v=78:1285:10)
    at animate (http://localhost:5500/js/main.js?v=78:377:2)
[  485255ms] Uncaught TypeError: Cannot read properties of undefined (reading '_currentLOD')
    at e._prepareRenderingManager (https://cdn.babylonjs.com/babylon.js:0:1473870)
    at e.render (https://cdn.babylonjs.com/babylon.js:0:1470701)
    at t._renderToTarget (https://cdn.babylonjs.com/babylon.js:0:944126)
    at t._render (https://cdn.babylonjs.com/babylon.js:0:942773)
    at t.render (https://cdn.babylonjs.com/babylon.js:0:941741)
    at e._renderForCamera (https://cdn.babylonjs.com/babylon.js:0:2917619)
    at e._processSubCameras (https://cdn.babylonjs.com/babylon.js:0:2919674)
    at e.render (https://cdn.babylonjs.com/babylon.js:0:2927939)
    at renderScene (http://localhost:5500/js/graphics.js?v=78:1285:10)
    at animate (http://localhost:5500/js/main.js?v=78:377:2)
[  485271ms] Uncaught TypeError: Cannot read properties of undefined (reading '_currentLOD')
    at e._prepareRenderingManager (https://cdn.babylonjs.com/babylon.js:0:1473870)
    at e.render (https://cdn.babylonjs.com/babylon.js:0:1470701)
    at t._renderToTarget (https://cdn.babylonjs.com/babylon.js:0:944126)
    at t._render (https://cdn.babylonjs.com/babylon.js:0:942773)
    at t.render (https://cdn.babylonjs.com/babylon.js:0:941741)
    at e._renderForCamera (https://cdn.babylonjs.com/babylon.js:0:2917619)
    at e._processSubCameras (https://cdn.babylonjs.com/babylon.js:0:2919674)
    at e.render (https://cdn.babylonjs.com/babylon.js:0:2927939)
    at renderScene (http://localhost:5500/js/graphics.js?v=78:1285:10)
    at animate (http://localhost:5500/js/main.js?v=78:377:2)
[  485288ms] Uncaught TypeError: Cannot read properties of undefined (reading '_currentLOD')
    at e._prepareRenderingManager (https://cdn.babylonjs.com/babylon.js:0:1473870)
    at e.render (https://cdn.babylonjs.com/babylon.js:0:1470701)
    at t._renderToTarget (https://cdn.babylonjs.com/babylon.js:0:944126)
    at t._render (https://cdn.babylonjs.com/babylon.js:0:942773)
    at t.render (https://cdn.babylonjs.com/babylon.js:0:941741)
    at e._renderForCamera (https://cdn.babylonjs.com/babylon.js:0:2917619)
    at e._processSubCameras (https://cdn.babylonjs.com/babylon.js:0:2919674)
    at e.render (https://cdn.babylonjs.com/babylon.js:0:2927939)
    at renderScene (http://localhost:5500/js/graphics.js?v=78:1285:10)
    at animate (http://localhost:5500/js/main.js?v=78:377:2)
[  485305ms] Uncaught TypeError: Cannot read properties of undefined (reading '_currentLOD')
    at e._prepareRenderingManager (https://cdn.babylonjs.com/babylon.js:0:1473870)
    at e.render (https://cdn.babylonjs.com/babylon.js:0:1470701)
    at t._renderToTarget (https://cdn.babylonjs.com/babylon.js:0:944126)
    at t._render (https://cdn.babylonjs.com/babylon.js:0:942773)
    at t.render (https://cdn.babylonjs.com/babylon.js:0:941741)
    at e._renderForCamera (https://cdn.babylonjs.com/babylon.js:0:2917619)
    at e._processSubCameras (https://cdn.babylonjs.com/babylon.js:0:2919674)
    at e.render (https://cdn.babylonjs.com/babylon.js:0:2927939)
    at renderScene (http://localhost:5500/js/graphics.js?v=78:1285:10)
    at animate (http://localhost:5500/js/main.js?v=78:377:2)
[  485321ms] Uncaught TypeError: Cannot read properties of undefined (reading '_currentLOD')
    at e._prepareRenderingManager (https://cdn.babylonjs.com/babylon.js:0:1473870)
    at e.render (https://cdn.babylonjs.com/babylon.js:0:1470701)
    at t._renderToTarget (https://cdn.babylonjs.com/babylon.js:0:944126)
    at t._render (https://cdn.babylonjs.com/babylon.js:0:942773)
    at t.render (https://cdn.babylonjs.com/babylon.js:0:941741)
    at e._renderForCamera (https://cdn.babylonjs.com/babylon.js:0:2917619)
    at e._processSubCameras (https://cdn.babylonjs.com/babylon.js:0:2919674)
    at e.render (https://cdn.babylonjs.com/babylon.js:0:2927939)
    at renderScene (http://localhost:5500/js/graphics.js?v=78:1285:10)
    at animate (http://localhost:5500/js/main.js?v=78:377:2)
[  485338ms] Uncaught TypeError: Cannot read properties of undefined (reading '_currentLOD')
    at e._prepareRenderingManager (https://cdn.babylonjs.com/babylon.js:0:1473870)
    at e.render (https://cdn.babylonjs.com/babylon.js:0:1470701)
    at t._renderToTarget (https://cdn.babylonjs.com/babylon.js:0:944126)
    at t._render (https://cdn.babylonjs.com/babylon.js:0:942773)
    at t.render (https://cdn.babylonjs.com/babylon.js:0:941741)
    at e._renderForCamera (https://cdn.babylonjs.com/babylon.js:0:2917619)
    at e._processSubCameras (https://cdn.babylonjs.com/babylon.js:0:2919674)
    at e.render (https://cdn.babylonjs.com/babylon.js:0:2927939)
    at renderScene (http://localhost:5500/js/graphics.js?v=78:1285:10)
    at animate (http://localhost:5500/js/main.js?v=78:377:2)
[  485355ms] Uncaught TypeError: Cannot read properties of undefined (reading '_currentLOD')
    at e._prepareRenderingManager (https://cdn.babylonjs.com/babylon.js:0:1473870)
    at e.render (https://cdn.babylonjs.com/babylon.js:0:1470701)
    at t._renderToTarget (https://cdn.babylonjs.com/babylon.js:0:944126)
    at t._render (https://cdn.babylonjs.com/babylon.js:0:942773)
    at t.render (https://cdn.babylonjs.com/babylon.js:0:941741)
    at e._renderForCamera (https://cdn.babylonjs.com/babylon.js:0:2917619)
    at e._processSubCameras (https://cdn.babylonjs.com/babylon.js:0:2919674)
    at e.render (https://cdn.babylonjs.com/babylon.js:0:2927939)
    at renderScene (http://localhost:5500/js/graphics.js?v=78:1285:10)
    at animate (http://localhost:5500/js/main.js?v=78:377:2)
[  485372ms] Uncaught TypeError: Cannot read properties of undefined (reading '_currentLOD')
    at e._prepareRenderingManager (https://cdn.babylonjs.com/babylon.js:0:1473870)
    at e.render (https://cdn.babylonjs.com/babylon.js:0:1470701)
    at t._renderToTarget (https://cdn.babylonjs.com/babylon.js:0:944126)
    at t._render (https://cdn.babylonjs.com/babylon.js:0:942773)
    at t.render (https://cdn.babylonjs.com/babylon.js:0:941741)
    at e._renderForCamera (https://cdn.babylonjs.com/babylon.js:0:2917619)
    at e._processSubCameras (https://cdn.babylonjs.com/babylon.js:0:2919674)
    at e.render (https://cdn.babylonjs.com/babylon.js:0:2927939)
    at renderScene (http://localhost:5500/js/graphics.js?v=78:1285:10)
    at animate (http://localhost:5500/js/main.js?v=78:377:2)
[  485388ms] Uncaught TypeError: Cannot read properties of undefined (reading '_currentLOD')
    at e._prepareRenderingManager (https://cdn.babylonjs.com/babylon.js:0:1473870)
    at e.render (https://cdn.babylonjs.com/babylon.js:0:1470701)
    at t._renderToTarget (https://cdn.babylonjs.com/babylon.js:0:944126)
    at t._render (https://cdn.babylonjs.com/babylon.js:0:942773)
    at t.render (https://cdn.babylonjs.com/babylon.js:0:941741)
    at e._renderForCamera (https://cdn.babylonjs.com/babylon.js:0:2917619)
    at e._processSubCameras (https://cdn.babylonjs.com/babylon.js:0:2919674)
    at e.render (https://cdn.babylonjs.com/babylon.js:0:2927939)
    at renderScene (http://localhost:5500/js/graphics.js?v=78:1285:10)
    at animate (http://localhost:5500/js/main.js?v=78:377:2)
[  485405ms] Uncaught TypeError: Cannot read properties of undefined (reading '_currentLOD')
    at e._prepareRenderingManager (https://cdn.babylonjs.com/babylon.js:0:1473870)
    at e.render (https://cdn.babylonjs.com/babylon.js:0:1470701)
    at t._renderToTarget (https://cdn.babylonjs.com/babylon.js:0:944126)
    at t._render (https://cdn.babylonjs.com/babylon.js:0:942773)
    at t.render (https://cdn.babylonjs.com/babylon.js:0:941741)
    at e._renderForCamera (https://cdn.babylonjs.com/babylon.js:0:2917619)
    at e._processSubCameras (https://cdn.babylonjs.com/babylon.js:0:2919674)
    at e.render (https://cdn.babylonjs.com/babylon.js:0:2927939)
    at renderScene (http://localhost:5500/js/graphics.js?v=78:1285:10)
    at animate (http://localhost:5500/js/main.js?v=78:377:2)
[  485422ms] Uncaught TypeError: Cannot read properties of undefined (reading '_currentLOD')
    at e._prepareRenderingManager (https://cdn.babylonjs.com/babylon.js:0:1473870)
    at e.render (https://cdn.babylonjs.com/babylon.js:0:1470701)
    at t._renderToTarget (https://cdn.babylonjs.com/babylon.js:0:944126)
    at t._render (https://cdn.babylonjs.com/babylon.js:0:942773)
    at t.render (https://cdn.babylonjs.com/babylon.js:0:941741)
    at e._renderForCamera (https://cdn.babylonjs.com/babylon.js:0:2917619)
    at e._processSubCameras (https://cdn.babylonjs.com/babylon.js:0:2919674)
    at e.render (https://cdn.babylonjs.com/babylon.js:0:2927939)
    at renderScene (http://localhost:5500/js/graphics.js?v=78:1285:10)
    at animate (http://localhost:5500/js/main.js?v=78:377:2)
[  485438ms] Uncaught TypeError: Cannot read properties of undefined (reading '_currentLOD')
    at e._prepareRenderingManager (https://cdn.babylonjs.com/babylon.js:0:1473870)
    at e.render (https://cdn.babylonjs.com/babylon.js:0:1470701)
    at t._renderToTarget (https://cdn.babylonjs.com/babylon.js:0:944126)
    at t._render (https://cdn.babylonjs.com/babylon.js:0:942773)
    at t.render (https://cdn.babylonjs.com/babylon.js:0:941741)
    at e._renderForCamera (https://cdn.babylonjs.com/babylon.js:0:2917619)
    at e._processSubCameras (https://cdn.babylonjs.com/babylon.js:0:2919674)
    at e.render (https://cdn.babylonjs.com/babylon.js:0:2927939)
    at renderScene (http://localhost:5500/js/graphics.js?v=78:1285:10)
    at animate (http://localhost:5500/js/main.js?v=78:377:2)
[  485455ms] Uncaught TypeError: Cannot read properties of undefined (reading '_currentLOD')
    at e._prepareRenderingManager (https://cdn.babylonjs.com/babylon.js:0:1473870)
    at e.render (https://cdn.babylonjs.com/babylon.js:0:1470701)
    at t._renderToTarget (https://cdn.babylonjs.com/babylon.js:0:944126)
    at t._render (https://cdn.babylonjs.com/babylon.js:0:942773)
    at t.render (https://cdn.babylonjs.com/babylon.js:0:941741)
    at e._renderForCamera (https://cdn.babylonjs.com/babylon.js:0:2917619)
    at e._processSubCameras (https://cdn.babylonjs.com/babylon.js:0:2919674)
    at e.render (https://cdn.babylonjs.com/babylon.js:0:2927939)
    at renderScene (http://localhost:5500/js/graphics.js?v=78:1285:10)
    at animate (http://localhost:5500/js/main.js?v=78:377:2)
[  485472ms] Uncaught TypeError: Cannot read properties of undefined (reading '_currentLOD')
    at e._prepareRenderingManager (https://cdn.babylonjs.com/babylon.js:0:1473870)
    at e.render (https://cdn.babylonjs.com/babylon.js:0:1470701)
    at t._renderToTarget (https://cdn.babylonjs.com/babylon.js:0:944126)
    at t._render (https://cdn.babylonjs.com/babylon.js:0:942773)
    at t.render (https://cdn.babylonjs.com/babylon.js:0:941741)
    at e._renderForCamera (https://cdn.babylonjs.com/babylon.js:0:2917619)
    at e._processSubCameras (https://cdn.babylonjs.com/babylon.js:0:2919674)
    at e.render (https://cdn.babylonjs.com/babylon.js:0:2927939)
    at renderScene (http://localhost:5500/js/graphics.js?v=78:1285:10)
    at animate (http://localhost:5500/js/main.js?v=78:377:2)
[  485489ms] Uncaught TypeError: Cannot read properties of undefined (reading '_currentLOD')
    at e._prepareRenderingManager (https://cdn.babylonjs.com/babylon.js:0:1473870)
    at e.render (https://cdn.babylonjs.com/babylon.js:0:1470701)
    at t._renderToTarget (https://cdn.babylonjs.com/babylon.js:0:944126)
    at t._render (https://cdn.babylonjs.com/babylon.js:0:942773)
    at t.render (https://cdn.babylonjs.com/babylon.js:0:941741)
    at e._renderForCamera (https://cdn.babylonjs.com/babylon.js:0:2917619)
    at e._processSubCameras (https://cdn.babylonjs.com/babylon.js:0:2919674)
    at e.render (https://cdn.babylonjs.com/babylon.js:0:2927939)
    at renderScene (http://localhost:5500/js/graphics.js?v=78:1285:10)
    at animate (http://localhost:5500/js/main.js?v=78:377:2)
[  485507ms] Uncaught TypeError: Cannot read properties of undefined (reading '_currentLOD')
    at e._prepareRenderingManager (https://cdn.babylonjs.com/babylon.js:0:1473870)
    at e.render (https://cdn.babylonjs.com/babylon.js:0:1470701)
    at t._renderToTarget (https://cdn.babylonjs.com/babylon.js:0:944126)
    at t._render (https://cdn.babylonjs.com/babylon.js:0:942773)
    at t.render (https://cdn.babylonjs.com/babylon.js:0:941741)
    at e._renderForCamera (https://cdn.babylonjs.com/babylon.js:0:2917619)
    at e._processSubCameras (https://cdn.babylonjs.com/babylon.js:0:2919674)
    at e.render (https://cdn.babylonjs.com/babylon.js:0:2927939)
    at renderScene (http://localhost:5500/js/graphics.js?v=78:1285:10)
    at animate (http://localhost:5500/js/main.js?v=78:377:2)
[  485523ms] Uncaught TypeError: Cannot read properties of undefined (reading '_currentLOD')
    at e._prepareRenderingManager (https://cdn.babylonjs.com/babylon.js:0:1473870)
    at e.render (https://cdn.babylonjs.com/babylon.js:0:1470701)
    at t._renderToTarget (https://cdn.babylonjs.com/babylon.js:0:944126)
    at t._render (https://cdn.babylonjs.com/babylon.js:0:942773)
    at t.render (https://cdn.babylonjs.com/babylon.js:0:941741)
    at e._renderForCamera (https://cdn.babylonjs.com/babylon.js:0:2917619)
    at e._processSubCameras (https://cdn.babylonjs.com/babylon.js:0:2919674)
    at e.render (https://cdn.babylonjs.com/babylon.js:0:2927939)
    at renderScene (http://localhost:5500/js/graphics.js?v=78:1285:10)
    at animate (http://localhost:5500/js/main.js?v=78:377:2)
[  485540ms] Uncaught TypeError: Cannot read properties of undefined (reading '_currentLOD')
    at e._prepareRenderingManager (https://cdn.babylonjs.com/babylon.js:0:1473870)
    at e.render (https://cdn.babylonjs.com/babylon.js:0:1470701)
    at t._renderToTarget (https://cdn.babylonjs.com/babylon.js:0:944126)
    at t._render (https://cdn.babylonjs.com/babylon.js:0:942773)
    at t.render (https://cdn.babylonjs.com/babylon.js:0:941741)
    at e._renderForCamera (https://cdn.babylonjs.com/babylon.js:0:2917619)
    at e._processSubCameras (https://cdn.babylonjs.com/babylon.js:0:2919674)
    at e.render (https://cdn.babylonjs.com/babylon.js:0:2927939)
    at renderScene (http://localhost:5500/js/graphics.js?v=78:1285:10)
    at animate (http://localhost:5500/js/main.js?v=78:377:2)
[  485556ms] Uncaught TypeError: Cannot read properties of undefined (reading '_currentLOD')
    at e._prepareRenderingManager (https://cdn.babylonjs.com/babylon.js:0:1473870)
    at e.render (https://cdn.babylonjs.com/babylon.js:0:1470701)
    at t._renderToTarget (https://cdn.babylonjs.com/babylon.js:0:944126)
    at t._render (https://cdn.babylonjs.com/babylon.js:0:942773)
    at t.render (https://cdn.babylonjs.com/babylon.js:0:941741)
    at e._renderForCamera (https://cdn.babylonjs.com/babylon.js:0:2917619)
    at e._processSubCameras (https://cdn.babylonjs.com/babylon.js:0:2919674)
    at e.render (https://cdn.babylonjs.com/babylon.js:0:2927939)
    at renderScene (http://localhost:5500/js/graphics.js?v=78:1285:10)
    at animate (http://localhost:5500/js/main.js?v=78:377:2)
[  485573ms] Uncaught TypeError: Cannot read properties of undefined (reading '_currentLOD')
    at e._prepareRenderingManager (https://cdn.babylonjs.com/babylon.js:0:1473870)
    at e.render (https://cdn.babylonjs.com/babylon.js:0:1470701)
    at t._renderToTarget (https://cdn.babylonjs.com/babylon.js:0:944126)
    at t._render (https://cdn.babylonjs.com/babylon.js:0:942773)
    at t.render (https://cdn.babylonjs.com/babylon.js:0:941741)
    at e._renderForCamera (https://cdn.babylonjs.com/babylon.js:0:2917619)
    at e._processSubCameras (https://cdn.babylonjs.com/babylon.js:0:2919674)
    at e.render (https://cdn.babylonjs.com/babylon.js:0:2927939)
    at renderScene (http://localhost:5500/js/graphics.js?v=78:1285:10)
    at animate (http://localhost:5500/js/main.js?v=78:377:2)
[  485590ms] Uncaught TypeError: Cannot read properties of undefined (reading '_currentLOD')
    at e._prepareRenderingManager (https://cdn.babylonjs.com/babylon.js:0:1473870)
    at e.render (https://cdn.babylonjs.com/babylon.js:0:1470701)
    at t._renderToTarget (https://cdn.babylonjs.com/babylon.js:0:944126)
    at t._render (https://cdn.babylonjs.com/babylon.js:0:942773)
    at t.render (https://cdn.babylonjs.com/babylon.js:0:941741)
    at e._renderForCamera (https://cdn.babylonjs.com/babylon.js:0:2917619)
    at e._processSubCameras (https://cdn.babylonjs.com/babylon.js:0:2919674)
    at e.render (https://cdn.babylonjs.com/babylon.js:0:2927939)
    at renderScene (http://localhost:5500/js/graphics.js?v=78:1285:10)
    at animate (http://localhost:5500/js/main.js?v=78:377:2)
[  485606ms] Uncaught TypeError: Cannot read properties of undefined (reading '_currentLOD')
    at e._prepareRenderingManager (https://cdn.babylonjs.com/babylon.js:0:1473870)
    at e.render (https://cdn.babylonjs.com/babylon.js:0:1470701)
    at t._renderToTarget (https://cdn.babylonjs.com/babylon.js:0:944126)
    at t._render (https://cdn.babylonjs.com/babylon.js:0:942773)
    at t.render (https://cdn.babylonjs.com/babylon.js:0:941741)
    at e._renderForCamera (https://cdn.babylonjs.com/babylon.js:0:2917619)
    at e._processSubCameras (https://cdn.babylonjs.com/babylon.js:0:2919674)
    at e.render (https://cdn.babylonjs.com/babylon.js:0:2927939)
    at renderScene (http://localhost:5500/js/graphics.js?v=78:1285:10)
    at animate (http://localhost:5500/js/main.js?v=78:377:2)
[  485622ms] Uncaught TypeError: Cannot read properties of undefined (reading '_currentLOD')
    at e._prepareRenderingManager (https://cdn.babylonjs.com/babylon.js:0:1473870)
    at e.render (https://cdn.babylonjs.com/babylon.js:0:1470701)
    at t._renderToTarget (https://cdn.babylonjs.com/babylon.js:0:944126)
    at t._render (https://cdn.babylonjs.com/babylon.js:0:942773)
    at t.render (https://cdn.babylonjs.com/babylon.js:0:941741)
    at e._renderForCamera (https://cdn.babylonjs.com/babylon.js:0:2917619)
    at e._processSubCameras (https://cdn.babylonjs.com/babylon.js:0:2919674)
    at e.render (https://cdn.babylonjs.com/babylon.js:0:2927939)
    at renderScene (http://localhost:5500/js/graphics.js?v=78:1285:10)
    at animate (http://localhost:5500/js/main.js?v=78:377:2)
[  485639ms] Uncaught TypeError: Cannot read properties of undefined (reading '_currentLOD')
    at e._prepareRenderingManager (https://cdn.babylonjs.com/babylon.js:0:1473870)
    at e.render (https://cdn.babylonjs.com/babylon.js:0:1470701)
    at t._renderToTarget (https://cdn.babylonjs.com/babylon.js:0:944126)
    at t._render (https://cdn.babylonjs.com/babylon.js:0:942773)
    at t.render (https://cdn.babylonjs.com/babylon.js:0:941741)
    at e._renderForCamera (https://cdn.babylonjs.com/babylon.js:0:2917619)
    at e._processSubCameras (https://cdn.babylonjs.com/babylon.js:0:2919674)
    at e.render (https://cdn.babylonjs.com/babylon.js:0:2927939)
    at renderScene (http://localhost:5500/js/graphics.js?v=78:1285:10)
    at animate (http://localhost:5500/js/main.js?v=78:377:2)
[  485657ms] Uncaught TypeError: Cannot read properties of undefined (reading '_currentLOD')
    at e._prepareRenderingManager (https://cdn.babylonjs.com/babylon.js:0:1473870)
    at e.render (https://cdn.babylonjs.com/babylon.js:0:1470701)
    at t._renderToTarget (https://cdn.babylonjs.com/babylon.js:0:944126)
    at t._render (https://cdn.babylonjs.com/babylon.js:0:942773)
    at t.render (https://cdn.babylonjs.com/babylon.js:0:941741)
    at e._renderForCamera (https://cdn.babylonjs.com/babylon.js:0:2917619)
    at e._processSubCameras (https://cdn.babylonjs.com/babylon.js:0:2919674)
    at e.render (https://cdn.babylonjs.com/babylon.js:0:2927939)
    at renderScene (http://localhost:5500/js/graphics.js?v=78:1285:10)
    at animate (http://localhost:5500/js/main.js?v=78:377:2)
[  485673ms] Uncaught TypeError: Cannot read properties of undefined (reading '_currentLOD')
    at e._prepareRenderingManager (https://cdn.babylonjs.com/babylon.js:0:1473870)
    at e.render (https://cdn.babylonjs.com/babylon.js:0:1470701)
    at t._renderToTarget (https://cdn.babylonjs.com/babylon.js:0:944126)
    at t._render (https://cdn.babylonjs.com/babylon.js:0:942773)
    at t.render (https://cdn.babylonjs.com/babylon.js:0:941741)
    at e._renderForCamera (https://cdn.babylonjs.com/babylon.js:0:2917619)
    at e._processSubCameras (https://cdn.babylonjs.com/babylon.js:0:2919674)
    at e.render (https://cdn.babylonjs.com/babylon.js:0:2927939)
    at renderScene (http://localhost:5500/js/graphics.js?v=78:1285:10)
    at animate (http://localhost:5500/js/main.js?v=78:377:2)
[  485690ms] Uncaught TypeError: Cannot read properties of undefined (reading '_currentLOD')
    at e._prepareRenderingManager (https://cdn.babylonjs.com/babylon.js:0:1473870)
    at e.render (https://cdn.babylonjs.com/babylon.js:0:1470701)
    at t._renderToTarget (https://cdn.babylonjs.com/babylon.js:0:944126)
    at t._render (https://cdn.babylonjs.com/babylon.js:0:942773)
    at t.render (https://cdn.babylonjs.com/babylon.js:0:941741)
    at e._renderForCamera (https://cdn.babylonjs.com/babylon.js:0:2917619)
    at e._processSubCameras (https://cdn.babylonjs.com/babylon.js:0:2919674)
    at e.render (https://cdn.babylonjs.com/babylon.js:0:2927939)
    at renderScene (http://localhost:5500/js/graphics.js?v=78:1285:10)
    at animate (http://localhost:5500/js/main.js?v=78:377:2)
[  485705ms] Uncaught TypeError: Cannot read properties of undefined (reading '_currentLOD')
    at e._prepareRenderingManager (https://cdn.babylonjs.com/babylon.js:0:1473870)
    at e.render (https://cdn.babylonjs.com/babylon.js:0:1470701)
    at t._renderToTarget (https://cdn.babylonjs.com/babylon.js:0:944126)
    at t._render (https://cdn.babylonjs.com/babylon.js:0:942773)
    at t.render (https://cdn.babylonjs.com/babylon.js:0:941741)
    at e._renderForCamera (https://cdn.babylonjs.com/babylon.js:0:2917619)
    at e._processSubCameras (https://cdn.babylonjs.com/babylon.js:0:2919674)
    at e.render (https://cdn.babylonjs.com/babylon.js:0:2927939)
    at renderScene (http://localhost:5500/js/graphics.js?v=78:1285:10)
    at animate (http://localhost:5500/js/main.js?v=78:377:2)
[  485722ms] Uncaught TypeError: Cannot read properties of undefined (reading '_currentLOD')
    at e._prepareRenderingManager (https://cdn.babylonjs.com/babylon.js:0:1473870)
    at e.render (https://cdn.babylonjs.com/babylon.js:0:1470701)
    at t._renderToTarget (https://cdn.babylonjs.com/babylon.js:0:944126)
    at t._render (https://cdn.babylonjs.com/babylon.js:0:942773)
    at t.render (https://cdn.babylonjs.com/babylon.js:0:941741)
    at e._renderForCamera (https://cdn.babylonjs.com/babylon.js:0:2917619)
    at e._processSubCameras (https://cdn.babylonjs.com/babylon.js:0:2919674)
    at e.render (https://cdn.babylonjs.com/babylon.js:0:2927939)
    at renderScene (http://localhost:5500/js/graphics.js?v=78:1285:10)
    at animate (http://localhost:5500/js/main.js?v=78:377:2)
[  485739ms] Uncaught TypeError: Cannot read properties of undefined (reading '_currentLOD')
    at e._prepareRenderingManager (https://cdn.babylonjs.com/babylon.js:0:1473870)
    at e.render (https://cdn.babylonjs.com/babylon.js:0:1470701)
    at t._renderToTarget (https://cdn.babylonjs.com/babylon.js:0:944126)
    at t._render (https://cdn.babylonjs.com/babylon.js:0:942773)
    at t.render (https://cdn.babylonjs.com/babylon.js:0:941741)
    at e._renderForCamera (https://cdn.babylonjs.com/babylon.js:0:2917619)
    at e._processSubCameras (https://cdn.babylonjs.com/babylon.js:0:2919674)
    at e.render (https://cdn.babylonjs.com/babylon.js:0:2927939)
    at renderScene (http://localhost:5500/js/graphics.js?v=78:1285:10)
    at animate (http://localhost:5500/js/main.js?v=78:377:2)
[  485756ms] Uncaught TypeError: Cannot read properties of undefined (reading '_currentLOD')
    at e._prepareRenderingManager (https://cdn.babylonjs.com/babylon.js:0:1473870)
    at e.render (https://cdn.babylonjs.com/babylon.js:0:1470701)
    at t._renderToTarget (https://cdn.babylonjs.com/babylon.js:0:944126)
    at t._render (https://cdn.babylonjs.com/babylon.js:0:942773)
    at t.render (https://cdn.babylonjs.com/babylon.js:0:941741)
    at e._renderForCamera (https://cdn.babylonjs.com/babylon.js:0:2917619)
    at e._processSubCameras (https://cdn.babylonjs.com/babylon.js:0:2919674)
    at e.render (https://cdn.babylonjs.com/babylon.js:0:2927939)
    at renderScene (http://localhost:5500/js/graphics.js?v=78:1285:10)
    at animate (http://localhost:5500/js/main.js?v=78:377:2)
[  485773ms] Uncaught TypeError: Cannot read properties of undefined (reading '_currentLOD')
    at e._prepareRenderingManager (https://cdn.babylonjs.com/babylon.js:0:1473870)
    at e.render (https://cdn.babylonjs.com/babylon.js:0:1470701)
    at t._renderToTarget (https://cdn.babylonjs.com/babylon.js:0:944126)
    at t._render (https://cdn.babylonjs.com/babylon.js:0:942773)
    at t.render (https://cdn.babylonjs.com/babylon.js:0:941741)
    at e._renderForCamera (https://cdn.babylonjs.com/babylon.js:0:2917619)
    at e._processSubCameras (https://cdn.babylonjs.com/babylon.js:0:2919674)
    at e.render (https://cdn.babylonjs.com/babylon.js:0:2927939)
    at renderScene (http://localhost:5500/js/graphics.js?v=78:1285:10)
    at animate (http://localhost:5500/js/main.js?v=78:377:2)
[  485790ms] Uncaught TypeError: Cannot read properties of undefined (reading '_currentLOD')
    at e._prepareRenderingManager (https://cdn.babylonjs.com/babylon.js:0:1473870)
    at e.render (https://cdn.babylonjs.com/babylon.js:0:1470701)
    at t._renderToTarget (https://cdn.babylonjs.com/babylon.js:0:944126)
    at t._render (https://cdn.babylonjs.com/babylon.js:0:942773)
    at t.render (https://cdn.babylonjs.com/babylon.js:0:941741)
    at e._renderForCamera (https://cdn.babylonjs.com/babylon.js:0:2917619)
    at e._processSubCameras (https://cdn.babylonjs.com/babylon.js:0:2919674)
    at e.render (https://cdn.babylonjs.com/babylon.js:0:2927939)
    at renderScene (http://localhost:5500/js/graphics.js?v=78:1285:10)
    at animate (http://localhost:5500/js/main.js?v=78:377:2)
[  485806ms] Uncaught TypeError: Cannot read properties of undefined (reading '_currentLOD')
    at e._prepareRenderingManager (https://cdn.babylonjs.com/babylon.js:0:1473870)
    at e.render (https://cdn.babylonjs.com/babylon.js:0:1470701)
    at t._renderToTarget (https://cdn.babylonjs.com/babylon.js:0:944126)
    at t._render (https://cdn.babylonjs.com/babylon.js:0:942773)
    at t.render (https://cdn.babylonjs.com/babylon.js:0:941741)
    at e._renderForCamera (https://cdn.babylonjs.com/babylon.js:0:2917619)
    at e._processSubCameras (https://cdn.babylonjs.com/babylon.js:0:2919674)
    at e.render (https://cdn.babylonjs.com/babylon.js:0:2927939)
    at renderScene (http://localhost:5500/js/graphics.js?v=78:1285:10)
    at animate (http://localhost:5500/js/main.js?v=78:377:2)
[  485823ms] Uncaught TypeError: Cannot read properties of undefined (reading '_currentLOD')
    at e._prepareRenderingManager (https://cdn.babylonjs.com/babylon.js:0:1473870)
    at e.render (https://cdn.babylonjs.com/babylon.js:0:1470701)
    at t._renderToTarget (https://cdn.babylonjs.com/babylon.js:0:944126)
    at t._render (https://cdn.babylonjs.com/babylon.js:0:942773)
    at t.render (https://cdn.babylonjs.com/babylon.js:0:941741)
    at e._renderForCamera (https://cdn.babylonjs.com/babylon.js:0:2917619)
    at e._processSubCameras (https://cdn.babylonjs.com/babylon.js:0:2919674)
    at e.render (https://cdn.babylonjs.com/babylon.js:0:2927939)
    at renderScene (http://localhost:5500/js/graphics.js?v=78:1285:10)
    at animate (http://localhost:5500/js/main.js?v=78:377:2)
[  485839ms] Uncaught TypeError: Cannot read properties of undefined (reading '_currentLOD')
    at e._prepareRenderingManager (https://cdn.babylonjs.com/babylon.js:0:1473870)
    at e.render (https://cdn.babylonjs.com/babylon.js:0:1470701)
    at t._renderToTarget (https://cdn.babylonjs.com/babylon.js:0:944126)
    at t._render (https://cdn.babylonjs.com/babylon.js:0:942773)
    at t.render (https://cdn.babylonjs.com/babylon.js:0:941741)
    at e._renderForCamera (https://cdn.babylonjs.com/babylon.js:0:2917619)
    at e._processSubCameras (https://cdn.babylonjs.com/babylon.js:0:2919674)
    at e.render (https://cdn.babylonjs.com/babylon.js:0:2927939)
    at renderScene (http://localhost:5500/js/graphics.js?v=78:1285:10)
    at animate (http://localhost:5500/js/main.js?v=78:377:2)
[  485857ms] Uncaught TypeError: Cannot read properties of undefined (reading '_currentLOD')
    at e._prepareRenderingManager (https://cdn.babylonjs.com/babylon.js:0:1473870)
    at e.render (https://cdn.babylonjs.com/babylon.js:0:1470701)
    at t._renderToTarget (https://cdn.babylonjs.com/babylon.js:0:944126)
    at t._render (https://cdn.babylonjs.com/babylon.js:0:942773)
    at t.render (https://cdn.babylonjs.com/babylon.js:0:941741)
    at e._renderForCamera (https://cdn.babylonjs.com/babylon.js:0:2917619)
    at e._processSubCameras (https://cdn.babylonjs.com/babylon.js:0:2919674)
    at e.render (https://cdn.babylonjs.com/babylon.js:0:2927939)
    at renderScene (http://localhost:5500/js/graphics.js?v=78:1285:10)
    at animate (http://localhost:5500/js/main.js?v=78:377:2)
[  485873ms] Uncaught TypeError: Cannot read properties of undefined (reading '_currentLOD')
    at e._prepareRenderingManager (https://cdn.babylonjs.com/babylon.js:0:1473870)
    at e.render (https://cdn.babylonjs.com/babylon.js:0:1470701)
    at t._renderToTarget (https://cdn.babylonjs.com/babylon.js:0:944126)
    at t._render (https://cdn.babylonjs.com/babylon.js:0:942773)
    at t.render (https://cdn.babylonjs.com/babylon.js:0:941741)
    at e._renderForCamera (https://cdn.babylonjs.com/babylon.js:0:2917619)
    at e._processSubCameras (https://cdn.babylonjs.com/babylon.js:0:2919674)
    at e.render (https://cdn.babylonjs.com/babylon.js:0:2927939)
    at renderScene (http://localhost:5500/js/graphics.js?v=78:1285:10)
    at animate (http://localhost:5500/js/main.js?v=78:377:2)
[  485890ms] Uncaught TypeError: Cannot read properties of undefined (reading '_currentLOD')
    at e._prepareRenderingManager (https://cdn.babylonjs.com/babylon.js:0:1473870)
    at e.render (https://cdn.babylonjs.com/babylon.js:0:1470701)
    at t._renderToTarget (https://cdn.babylonjs.com/babylon.js:0:944126)
    at t._render (https://cdn.babylonjs.com/babylon.js:0:942773)
    at t.render (https://cdn.babylonjs.com/babylon.js:0:941741)
    at e._renderForCamera (https://cdn.babylonjs.com/babylon.js:0:2917619)
    at e._processSubCameras (https://cdn.babylonjs.com/babylon.js:0:2919674)
    at e.render (https://cdn.babylonjs.com/babylon.js:0:2927939)
    at renderScene (http://localhost:5500/js/graphics.js?v=78:1285:10)
    at animate (http://localhost:5500/js/main.js?v=78:377:2)
[  485906ms] Uncaught TypeError: Cannot read properties of undefined (reading '_currentLOD')
    at e._prepareRenderingManager (https://cdn.babylonjs.com/babylon.js:0:1473870)
    at e.render (https://cdn.babylonjs.com/babylon.js:0:1470701)
    at t._renderToTarget (https://cdn.babylonjs.com/babylon.js:0:944126)
    at t._render (https://cdn.babylonjs.com/babylon.js:0:942773)
    at t.render (https://cdn.babylonjs.com/babylon.js:0:941741)
    at e._renderForCamera (https://cdn.babylonjs.com/babylon.js:0:2917619)
    at e._processSubCameras (https://cdn.babylonjs.com/babylon.js:0:2919674)
    at e.render (https://cdn.babylonjs.com/babylon.js:0:2927939)
    at renderScene (http://localhost:5500/js/graphics.js?v=78:1285:10)
    at animate (http://localhost:5500/js/main.js?v=78:377:2)
[  485923ms] Uncaught TypeError: Cannot read properties of undefined (reading '_currentLOD')
    at e._prepareRenderingManager (https://cdn.babylonjs.com/babylon.js:0:1473870)
    at e.render (https://cdn.babylonjs.com/babylon.js:0:1470701)
    at t._renderToTarget (https://cdn.babylonjs.com/babylon.js:0:944126)
    at t._render (https://cdn.babylonjs.com/babylon.js:0:942773)
    at t.render (https://cdn.babylonjs.com/babylon.js:0:941741)
    at e._renderForCamera (https://cdn.babylonjs.com/babylon.js:0:2917619)
    at e._processSubCameras (https://cdn.babylonjs.com/babylon.js:0:2919674)
    at e.render (https://cdn.babylonjs.com/babylon.js:0:2927939)
    at renderScene (http://localhost:5500/js/graphics.js?v=78:1285:10)
    at animate (http://localhost:5500/js/main.js?v=78:377:2)
[  485939ms] Uncaught TypeError: Cannot read properties of undefined (reading '_currentLOD')
    at e._prepareRenderingManager (https://cdn.babylonjs.com/babylon.js:0:1473870)
    at e.render (https://cdn.babylonjs.com/babylon.js:0:1470701)
    at t._renderToTarget (https://cdn.babylonjs.com/babylon.js:0:944126)
    at t._render (https://cdn.babylonjs.com/babylon.js:0:942773)
    at t.render (https://cdn.babylonjs.com/babylon.js:0:941741)
    at e._renderForCamera (https://cdn.babylonjs.com/babylon.js:0:2917619)
    at e._processSubCameras (https://cdn.babylonjs.com/babylon.js:0:2919674)
    at e.render (https://cdn.babylonjs.com/babylon.js:0:2927939)
    at renderScene (http://localhost:5500/js/graphics.js?v=78:1285:10)
    at animate (http://localhost:5500/js/main.js?v=78:377:2)
[  485956ms] Uncaught TypeError: Cannot read properties of undefined (reading '_currentLOD')
    at e._prepareRenderingManager (https://cdn.babylonjs.com/babylon.js:0:1473870)
    at e.render (https://cdn.babylonjs.com/babylon.js:0:1470701)
    at t._renderToTarget (https://cdn.babylonjs.com/babylon.js:0:944126)
    at t._render (https://cdn.babylonjs.com/babylon.js:0:942773)
    at t.render (https://cdn.babylonjs.com/babylon.js:0:941741)
    at e._renderForCamera (https://cdn.babylonjs.com/babylon.js:0:2917619)
    at e._processSubCameras (https://cdn.babylonjs.com/babylon.js:0:2919674)
    at e.render (https://cdn.babylonjs.com/babylon.js:0:2927939)
    at renderScene (http://localhost:5500/js/graphics.js?v=78:1285:10)
    at animate (http://localhost:5500/js/main.js?v=78:377:2)
[  485973ms] Uncaught TypeError: Cannot read properties of undefined (reading '_currentLOD')
    at e._prepareRenderingManager (https://cdn.babylonjs.com/babylon.js:0:1473870)
    at e.render (https://cdn.babylonjs.com/babylon.js:0:1470701)
    at t._renderToTarget (https://cdn.babylonjs.com/babylon.js:0:944126)
    at t._render (https://cdn.babylonjs.com/babylon.js:0:942773)
    at t.render (https://cdn.babylonjs.com/babylon.js:0:941741)
    at e._renderForCamera (https://cdn.babylonjs.com/babylon.js:0:2917619)
    at e._processSubCameras (https://cdn.babylonjs.com/babylon.js:0:2919674)
    at e.render (https://cdn.babylonjs.com/babylon.js:0:2927939)
    at renderScene (http://localhost:5500/js/graphics.js?v=78:1285:10)
    at animate (http://localhost:5500/js/main.js?v=78:377:2)
[  485990ms] Uncaught TypeError: Cannot read properties of undefined (reading '_currentLOD')
    at e._prepareRenderingManager (https://cdn.babylonjs.com/babylon.js:0:1473870)
    at e.render (https://cdn.babylonjs.com/babylon.js:0:1470701)
    at t._renderToTarget (https://cdn.babylonjs.com/babylon.js:0:944126)
    at t._render (https://cdn.babylonjs.com/babylon.js:0:942773)
    at t.render (https://cdn.babylonjs.com/babylon.js:0:941741)
    at e._renderForCamera (https://cdn.babylonjs.com/babylon.js:0:2917619)
    at e._processSubCameras (https://cdn.babylonjs.com/babylon.js:0:2919674)
    at e.render (https://cdn.babylonjs.com/babylon.js:0:2927939)
    at renderScene (http://localhost:5500/js/graphics.js?v=78:1285:10)
    at animate (http://localhost:5500/js/main.js?v=78:377:2)
[  486006ms] Uncaught TypeError: Cannot read properties of undefined (reading '_currentLOD')
    at e._prepareRenderingManager (https://cdn.babylonjs.com/babylon.js:0:1473870)
    at e.render (https://cdn.babylonjs.com/babylon.js:0:1470701)
    at t._renderToTarget (https://cdn.babylonjs.com/babylon.js:0:944126)
    at t._render (https://cdn.babylonjs.com/babylon.js:0:942773)
    at t.render (https://cdn.babylonjs.com/babylon.js:0:941741)
    at e._renderForCamera (https://cdn.babylonjs.com/babylon.js:0:2917619)
    at e._processSubCameras (https://cdn.babylonjs.com/babylon.js:0:2919674)
    at e.render (https://cdn.babylonjs.com/babylon.js:0:2927939)
    at renderScene (http://localhost:5500/js/graphics.js?v=78:1285:10)
    at animate (http://localhost:5500/js/main.js?v=78:377:2)
[  486023ms] Uncaught TypeError: Cannot read properties of undefined (reading '_currentLOD')
    at e._prepareRenderingManager (https://cdn.babylonjs.com/babylon.js:0:1473870)
    at e.render (https://cdn.babylonjs.com/babylon.js:0:1470701)
    at t._renderToTarget (https://cdn.babylonjs.com/babylon.js:0:944126)
    at t._render (https://cdn.babylonjs.com/babylon.js:0:942773)
    at t.render (https://cdn.babylonjs.com/babylon.js:0:941741)
    at e._renderForCamera (https://cdn.babylonjs.com/babylon.js:0:2917619)
    at e._processSubCameras (https://cdn.babylonjs.com/babylon.js:0:2919674)
    at e.render (https://cdn.babylonjs.com/babylon.js:0:2927939)
    at renderScene (http://localhost:5500/js/graphics.js?v=78:1285:10)
    at animate (http://localhost:5500/js/main.js?v=78:377:2)
[  486039ms] Uncaught TypeError: Cannot read properties of undefined (reading '_currentLOD')
    at e._prepareRenderingManager (https://cdn.babylonjs.com/babylon.js:0:1473870)
    at e.render (https://cdn.babylonjs.com/babylon.js:0:1470701)
    at t._renderToTarget (https://cdn.babylonjs.com/babylon.js:0:944126)
    at t._render (https://cdn.babylonjs.com/babylon.js:0:942773)
    at t.render (https://cdn.babylonjs.com/babylon.js:0:941741)
    at e._renderForCamera (https://cdn.babylonjs.com/babylon.js:0:2917619)
    at e._processSubCameras (https://cdn.babylonjs.com/babylon.js:0:2919674)
    at e.render (https://cdn.babylonjs.com/babylon.js:0:2927939)
    at renderScene (http://localhost:5500/js/graphics.js?v=78:1285:10)
    at animate (http://localhost:5500/js/main.js?v=78:377:2)
[  486056ms] Uncaught TypeError: Cannot read properties of undefined (reading '_currentLOD')
    at e._prepareRenderingManager (https://cdn.babylonjs.com/babylon.js:0:1473870)
    at e.render (https://cdn.babylonjs.com/babylon.js:0:1470701)
    at t._renderToTarget (https://cdn.babylonjs.com/babylon.js:0:944126)
    at t._render (https://cdn.babylonjs.com/babylon.js:0:942773)
    at t.render (https://cdn.babylonjs.com/babylon.js:0:941741)
    at e._renderForCamera (https://cdn.babylonjs.com/babylon.js:0:2917619)
    at e._processSubCameras (https://cdn.babylonjs.com/babylon.js:0:2919674)
    at e.render (https://cdn.babylonjs.com/babylon.js:0:2927939)
    at renderScene (http://localhost:5500/js/graphics.js?v=78:1285:10)
    at animate (http://localhost:5500/js/main.js?v=78:377:2)
[  486073ms] Uncaught TypeError: Cannot read properties of undefined (reading '_currentLOD')
    at e._prepareRenderingManager (https://cdn.babylonjs.com/babylon.js:0:1473870)
    at e.render (https://cdn.babylonjs.com/babylon.js:0:1470701)
    at t._renderToTarget (https://cdn.babylonjs.com/babylon.js:0:944126)
    at t._render (https://cdn.babylonjs.com/babylon.js:0:942773)
    at t.render (https://cdn.babylonjs.com/babylon.js:0:941741)
    at e._renderForCamera (https://cdn.babylonjs.com/babylon.js:0:2917619)
    at e._processSubCameras (https://cdn.babylonjs.com/babylon.js:0:2919674)
    at e.render (https://cdn.babylonjs.com/babylon.js:0:2927939)
    at renderScene (http://localhost:5500/js/graphics.js?v=78:1285:10)
    at animate (http://localhost:5500/js/main.js?v=78:377:2)
[  486090ms] Uncaught TypeError: Cannot read properties of undefined (reading '_currentLOD')
    at e._prepareRenderingManager (https://cdn.babylonjs.com/babylon.js:0:1473870)
    at e.render (https://cdn.babylonjs.com/babylon.js:0:1470701)
    at t._renderToTarget (https://cdn.babylonjs.com/babylon.js:0:944126)
    at t._render (https://cdn.babylonjs.com/babylon.js:0:942773)
    at t.render (https://cdn.babylonjs.com/babylon.js:0:941741)
    at e._renderForCamera (https://cdn.babylonjs.com/babylon.js:0:2917619)
    at e._processSubCameras (https://cdn.babylonjs.com/babylon.js:0:2919674)
    at e.render (https://cdn.babylonjs.com/babylon.js:0:2927939)
    at renderScene (http://localhost:5500/js/graphics.js?v=78:1285:10)
    at animate (http://localhost:5500/js/main.js?v=78:377:2)
[  486106ms] Uncaught TypeError: Cannot read properties of undefined (reading '_currentLOD')
    at e._prepareRenderingManager (https://cdn.babylonjs.com/babylon.js:0:1473870)
    at e.render (https://cdn.babylonjs.com/babylon.js:0:1470701)
    at t._renderToTarget (https://cdn.babylonjs.com/babylon.js:0:944126)
    at t._render (https://cdn.babylonjs.com/babylon.js:0:942773)
    at t.render (https://cdn.babylonjs.com/babylon.js:0:941741)
    at e._renderForCamera (https://cdn.babylonjs.com/babylon.js:0:2917619)
    at e._processSubCameras (https://cdn.babylonjs.com/babylon.js:0:2919674)
    at e.render (https://cdn.babylonjs.com/babylon.js:0:2927939)
    at renderScene (http://localhost:5500/js/graphics.js?v=78:1285:10)
    at animate (http://localhost:5500/js/main.js?v=78:377:2)
[  486123ms] Uncaught TypeError: Cannot read properties of undefined (reading '_currentLOD')
    at e._prepareRenderingManager (https://cdn.babylonjs.com/babylon.js:0:1473870)
    at e.render (https://cdn.babylonjs.com/babylon.js:0:1470701)
    at t._renderToTarget (https://cdn.babylonjs.com/babylon.js:0:944126)
    at t._render (https://cdn.babylonjs.com/babylon.js:0:942773)
    at t.render (https://cdn.babylonjs.com/babylon.js:0:941741)
    at e._renderForCamera (https://cdn.babylonjs.com/babylon.js:0:2917619)
    at e._processSubCameras (https://cdn.babylonjs.com/babylon.js:0:2919674)
    at e.render (https://cdn.babylonjs.com/babylon.js:0:2927939)
    at renderScene (http://localhost:5500/js/graphics.js?v=78:1285:10)
    at animate (http://localhost:5500/js/main.js?v=78:377:2)
[  486139ms] Uncaught TypeError: Cannot read properties of undefined (reading '_currentLOD')
    at e._prepareRenderingManager (https://cdn.babylonjs.com/babylon.js:0:1473870)
    at e.render (https://cdn.babylonjs.com/babylon.js:0:1470701)
    at t._renderToTarget (https://cdn.babylonjs.com/babylon.js:0:944126)
    at t._render (https://cdn.babylonjs.com/babylon.js:0:942773)
    at t.render (https://cdn.babylonjs.com/babylon.js:0:941741)
    at e._renderForCamera (https://cdn.babylonjs.com/babylon.js:0:2917619)
    at e._processSubCameras (https://cdn.babylonjs.com/babylon.js:0:2919674)
    at e.render (https://cdn.babylonjs.com/babylon.js:0:2927939)
    at renderScene (http://localhost:5500/js/graphics.js?v=78:1285:10)
    at animate (http://localhost:5500/js/main.js?v=78:377:2)
[  486156ms] Uncaught TypeError: Cannot read properties of undefined (reading '_currentLOD')
    at e._prepareRenderingManager (https://cdn.babylonjs.com/babylon.js:0:1473870)
    at e.render (https://cdn.babylonjs.com/babylon.js:0:1470701)
    at t._renderToTarget (https://cdn.babylonjs.com/babylon.js:0:944126)
    at t._render (https://cdn.babylonjs.com/babylon.js:0:942773)
    at t.render (https://cdn.babylonjs.com/babylon.js:0:941741)
    at e._renderForCamera (https://cdn.babylonjs.com/babylon.js:0:2917619)
    at e._processSubCameras (https://cdn.babylonjs.com/babylon.js:0:2919674)
    at e.render (https://cdn.babylonjs.com/babylon.js:0:2927939)
    at renderScene (http://localhost:5500/js/graphics.js?v=78:1285:10)
    at animate (http://localhost:5500/js/main.js?v=78:377:2)
[  486173ms] Uncaught TypeError: Cannot read properties of undefined (reading '_currentLOD')
    at e._prepareRenderingManager (https://cdn.babylonjs.com/babylon.js:0:1473870)
    at e.render (https://cdn.babylonjs.com/babylon.js:0:1470701)
    at t._renderToTarget (https://cdn.babylonjs.com/babylon.js:0:944126)
    at t._render (https://cdn.babylonjs.com/babylon.js:0:942773)
    at t.render (https://cdn.babylonjs.com/babylon.js:0:941741)
    at e._renderForCamera (https://cdn.babylonjs.com/babylon.js:0:2917619)
    at e._processSubCameras (https://cdn.babylonjs.com/babylon.js:0:2919674)
    at e.render (https://cdn.babylonjs.com/babylon.js:0:2927939)
    at renderScene (http://localhost:5500/js/graphics.js?v=78:1285:10)
    at animate (http://localhost:5500/js/main.js?v=78:377:2)
[  486190ms] Uncaught TypeError: Cannot read properties of undefined (reading '_currentLOD')
    at e._prepareRenderingManager (https://cdn.babylonjs.com/babylon.js:0:1473870)
    at e.render (https://cdn.babylonjs.com/babylon.js:0:1470701)
    at t._renderToTarget (https://cdn.babylonjs.com/babylon.js:0:944126)
    at t._render (https://cdn.babylonjs.com/babylon.js:0:942773)
    at t.render (https://cdn.babylonjs.com/babylon.js:0:941741)
    at e._renderForCamera (https://cdn.babylonjs.com/babylon.js:0:2917619)
    at e._processSubCameras (https://cdn.babylonjs.com/babylon.js:0:2919674)
    at e.render (https://cdn.babylonjs.com/babylon.js:0:2927939)
    at renderScene (http://localhost:5500/js/graphics.js?v=78:1285:10)
    at animate (http://localhost:5500/js/main.js?v=78:377:2)
[  486206ms] Uncaught TypeError: Cannot read properties of undefined (reading '_currentLOD')
    at e._prepareRenderingManager (https://cdn.babylonjs.com/babylon.js:0:1473870)
    at e.render (https://cdn.babylonjs.com/babylon.js:0:1470701)
    at t._renderToTarget (https://cdn.babylonjs.com/babylon.js:0:944126)
    at t._render (https://cdn.babylonjs.com/babylon.js:0:942773)
    at t.render (https://cdn.babylonjs.com/babylon.js:0:941741)
    at e._renderForCamera (https://cdn.babylonjs.com/babylon.js:0:2917619)
    at e._processSubCameras (https://cdn.babylonjs.com/babylon.js:0:2919674)
    at e.render (https://cdn.babylonjs.com/babylon.js:0:2927939)
    at renderScene (http://localhost:5500/js/graphics.js?v=78:1285:10)
    at animate (http://localhost:5500/js/main.js?v=78:377:2)
[  486223ms] Uncaught TypeError: Cannot read properties of undefined (reading '_currentLOD')
    at e._prepareRenderingManager (https://cdn.babylonjs.com/babylon.js:0:1473870)
    at e.render (https://cdn.babylonjs.com/babylon.js:0:1470701)
    at t._renderToTarget (https://cdn.babylonjs.com/babylon.js:0:944126)
    at t._render (https://cdn.babylonjs.com/babylon.js:0:942773)
    at t.render (https://cdn.babylonjs.com/babylon.js:0:941741)
    at e._renderForCamera (https://cdn.babylonjs.com/babylon.js:0:2917619)
    at e._processSubCameras (https://cdn.babylonjs.com/babylon.js:0:2919674)
    at e.render (https://cdn.babylonjs.com/babylon.js:0:2927939)
    at renderScene (http://localhost:5500/js/graphics.js?v=78:1285:10)
    at animate (http://localhost:5500/js/main.js?v=78:377:2)
[  486240ms] Uncaught TypeError: Cannot read properties of undefined (reading '_currentLOD')
    at e._prepareRenderingManager (https://cdn.babylonjs.com/babylon.js:0:1473870)
    at e.render (https://cdn.babylonjs.com/babylon.js:0:1470701)
    at t._renderToTarget (https://cdn.babylonjs.com/babylon.js:0:944126)
    at t._render (https://cdn.babylonjs.com/babylon.js:0:942773)
    at t.render (https://cdn.babylonjs.com/babylon.js:0:941741)
    at e._renderForCamera (https://cdn.babylonjs.com/babylon.js:0:2917619)
    at e._processSubCameras (https://cdn.babylonjs.com/babylon.js:0:2919674)
    at e.render (https://cdn.babylonjs.com/babylon.js:0:2927939)
    at renderScene (http://localhost:5500/js/graphics.js?v=78:1285:10)
    at animate (http://localhost:5500/js/main.js?v=78:377:2)
[  486256ms] Uncaught TypeError: Cannot read properties of undefined (reading '_currentLOD')
    at e._prepareRenderingManager (https://cdn.babylonjs.com/babylon.js:0:1473870)
    at e.render (https://cdn.babylonjs.com/babylon.js:0:1470701)
    at t._renderToTarget (https://cdn.babylonjs.com/babylon.js:0:944126)
    at t._render (https://cdn.babylonjs.com/babylon.js:0:942773)
    at t.render (https://cdn.babylonjs.com/babylon.js:0:941741)
    at e._renderForCamera (https://cdn.babylonjs.com/babylon.js:0:2917619)
    at e._processSubCameras (https://cdn.babylonjs.com/babylon.js:0:2919674)
    at e.render (https://cdn.babylonjs.com/babylon.js:0:2927939)
    at renderScene (http://localhost:5500/js/graphics.js?v=78:1285:10)
    at animate (http://localhost:5500/js/main.js?v=78:377:2)
[  486273ms] Uncaught TypeError: Cannot read properties of undefined (reading '_currentLOD')
    at e._prepareRenderingManager (https://cdn.babylonjs.com/babylon.js:0:1473870)
    at e.render (https://cdn.babylonjs.com/babylon.js:0:1470701)
    at t._renderToTarget (https://cdn.babylonjs.com/babylon.js:0:944126)
    at t._render (https://cdn.babylonjs.com/babylon.js:0:942773)
    at t.render (https://cdn.babylonjs.com/babylon.js:0:941741)
    at e._renderForCamera (https://cdn.babylonjs.com/babylon.js:0:2917619)
    at e._processSubCameras (https://cdn.babylonjs.com/babylon.js:0:2919674)
    at e.render (https://cdn.babylonjs.com/babylon.js:0:2927939)
    at renderScene (http://localhost:5500/js/graphics.js?v=78:1285:10)
    at animate (http://localhost:5500/js/main.js?v=78:377:2)
[  486289ms] Uncaught TypeError: Cannot read properties of undefined (reading '_currentLOD')
    at e._prepareRenderingManager (https://cdn.babylonjs.com/babylon.js:0:1473870)
    at e.render (https://cdn.babylonjs.com/babylon.js:0:1470701)
    at t._renderToTarget (https://cdn.babylonjs.com/babylon.js:0:944126)
    at t._render (https://cdn.babylonjs.com/babylon.js:0:942773)
    at t.render (https://cdn.babylonjs.com/babylon.js:0:941741)
    at e._renderForCamera (https://cdn.babylonjs.com/babylon.js:0:2917619)
    at e._processSubCameras (https://cdn.babylonjs.com/babylon.js:0:2919674)
    at e.render (https://cdn.babylonjs.com/babylon.js:0:2927939)
    at renderScene (http://localhost:5500/js/graphics.js?v=78:1285:10)
    at animate (http://localhost:5500/js/main.js?v=78:377:2)
[  486306ms] Uncaught TypeError: Cannot read properties of undefined (reading '_currentLOD')
    at e._prepareRenderingManager (https://cdn.babylonjs.com/babylon.js:0:1473870)
    at e.render (https://cdn.babylonjs.com/babylon.js:0:1470701)
    at t._renderToTarget (https://cdn.babylonjs.com/babylon.js:0:944126)
    at t._render (https://cdn.babylonjs.com/babylon.js:0:942773)
    at t.render (https://cdn.babylonjs.com/babylon.js:0:941741)
    at e._renderForCamera (https://cdn.babylonjs.com/babylon.js:0:2917619)
    at e._processSubCameras (https://cdn.babylonjs.com/babylon.js:0:2919674)
    at e.render (https://cdn.babylonjs.com/babylon.js:0:2927939)
    at renderScene (http://localhost:5500/js/graphics.js?v=78:1285:10)
    at animate (http://localhost:5500/js/main.js?v=78:377:2)
[  486322ms] Uncaught TypeError: Cannot read properties of undefined (reading '_currentLOD')
    at e._prepareRenderingManager (https://cdn.babylonjs.com/babylon.js:0:1473870)
    at e.render (https://cdn.babylonjs.com/babylon.js:0:1470701)
    at t._renderToTarget (https://cdn.babylonjs.com/babylon.js:0:944126)
    at t._render (https://cdn.babylonjs.com/babylon.js:0:942773)
    at t.render (https://cdn.babylonjs.com/babylon.js:0:941741)
    at e._renderForCamera (https://cdn.babylonjs.com/babylon.js:0:2917619)
    at e._processSubCameras (https://cdn.babylonjs.com/babylon.js:0:2919674)
    at e.render (https://cdn.babylonjs.com/babylon.js:0:2927939)
    at renderScene (http://localhost:5500/js/graphics.js?v=78:1285:10)
    at animate (http://localhost:5500/js/main.js?v=78:377:2)
[  486339ms] Uncaught TypeError: Cannot read properties of undefined (reading '_currentLOD')
    at e._prepareRenderingManager (https://cdn.babylonjs.com/babylon.js:0:1473870)
    at e.render (https://cdn.babylonjs.com/babylon.js:0:1470701)
    at t._renderToTarget (https://cdn.babylonjs.com/babylon.js:0:944126)
    at t._render (https://cdn.babylonjs.com/babylon.js:0:942773)
    at t.render (https://cdn.babylonjs.com/babylon.js:0:941741)
    at e._renderForCamera (https://cdn.babylonjs.com/babylon.js:0:2917619)
    at e._processSubCameras (https://cdn.babylonjs.com/babylon.js:0:2919674)
    at e.render (https://cdn.babylonjs.com/babylon.js:0:2927939)
    at renderScene (http://localhost:5500/js/graphics.js?v=78:1285:10)
    at animate (http://localhost:5500/js/main.js?v=78:377:2)
[  486356ms] Uncaught TypeError: Cannot read properties of undefined (reading '_currentLOD')
    at e._prepareRenderingManager (https://cdn.babylonjs.com/babylon.js:0:1473870)
    at e.render (https://cdn.babylonjs.com/babylon.js:0:1470701)
    at t._renderToTarget (https://cdn.babylonjs.com/babylon.js:0:944126)
    at t._render (https://cdn.babylonjs.com/babylon.js:0:942773)
    at t.render (https://cdn.babylonjs.com/babylon.js:0:941741)
    at e._renderForCamera (https://cdn.babylonjs.com/babylon.js:0:2917619)
    at e._processSubCameras (https://cdn.babylonjs.com/babylon.js:0:2919674)
    at e.render (https://cdn.babylonjs.com/babylon.js:0:2927939)
    at renderScene (http://localhost:5500/js/graphics.js?v=78:1285:10)
    at animate (http://localhost:5500/js/main.js?v=78:377:2)
[  486372ms] Uncaught TypeError: Cannot read properties of undefined (reading '_currentLOD')
    at e._prepareRenderingManager (https://cdn.babylonjs.com/babylon.js:0:1473870)
    at e.render (https://cdn.babylonjs.com/babylon.js:0:1470701)
    at t._renderToTarget (https://cdn.babylonjs.com/babylon.js:0:944126)
    at t._render (https://cdn.babylonjs.com/babylon.js:0:942773)
    at t.render (https://cdn.babylonjs.com/babylon.js:0:941741)
    at e._renderForCamera (https://cdn.babylonjs.com/babylon.js:0:2917619)
    at e._processSubCameras (https://cdn.babylonjs.com/babylon.js:0:2919674)
    at e.render (https://cdn.babylonjs.com/babylon.js:0:2927939)
    at renderScene (http://localhost:5500/js/graphics.js?v=78:1285:10)
    at animate (http://localhost:5500/js/main.js?v=78:377:2)
[  486389ms] Uncaught TypeError: Cannot read properties of undefined (reading '_currentLOD')
    at e._prepareRenderingManager (https://cdn.babylonjs.com/babylon.js:0:1473870)
    at e.render (https://cdn.babylonjs.com/babylon.js:0:1470701)
    at t._renderToTarget (https://cdn.babylonjs.com/babylon.js:0:944126)
    at t._render (https://cdn.babylonjs.com/babylon.js:0:942773)
    at t.render (https://cdn.babylonjs.com/babylon.js:0:941741)
    at e._renderForCamera (https://cdn.babylonjs.com/babylon.js:0:2917619)
    at e._processSubCameras (https://cdn.babylonjs.com/babylon.js:0:2919674)
    at e.render (https://cdn.babylonjs.com/babylon.js:0:2927939)
    at renderScene (http://localhost:5500/js/graphics.js?v=78:1285:10)
    at animate (http://localhost:5500/js/main.js?v=78:377:2)
[  486405ms] Uncaught TypeError: Cannot read properties of undefined (reading '_currentLOD')
    at e._prepareRenderingManager (https://cdn.babylonjs.com/babylon.js:0:1473870)
    at e.render (https://cdn.babylonjs.com/babylon.js:0:1470701)
    at t._renderToTarget (https://cdn.babylonjs.com/babylon.js:0:944126)
    at t._render (https://cdn.babylonjs.com/babylon.js:0:942773)
    at t.render (https://cdn.babylonjs.com/babylon.js:0:941741)
    at e._renderForCamera (https://cdn.babylonjs.com/babylon.js:0:2917619)
    at e._processSubCameras (https://cdn.babylonjs.com/babylon.js:0:2919674)
    at e.render (https://cdn.babylonjs.com/babylon.js:0:2927939)
    at renderScene (http://localhost:5500/js/graphics.js?v=78:1285:10)
    at animate (http://localhost:5500/js/main.js?v=78:377:2)
[  486422ms] Uncaught TypeError: Cannot read properties of undefined (reading '_currentLOD')
    at e._prepareRenderingManager (https://cdn.babylonjs.com/babylon.js:0:1473870)
    at e.render (https://cdn.babylonjs.com/babylon.js:0:1470701)
    at t._renderToTarget (https://cdn.babylonjs.com/babylon.js:0:944126)
    at t._render (https://cdn.babylonjs.com/babylon.js:0:942773)
    at t.render (https://cdn.babylonjs.com/babylon.js:0:941741)
    at e._renderForCamera (https://cdn.babylonjs.com/babylon.js:0:2917619)
    at e._processSubCameras (https://cdn.babylonjs.com/babylon.js:0:2919674)
    at e.render (https://cdn.babylonjs.com/babylon.js:0:2927939)
    at renderScene (http://localhost:5500/js/graphics.js?v=78:1285:10)
    at animate (http://localhost:5500/js/main.js?v=78:377:2)
[  486439ms] Uncaught TypeError: Cannot read properties of undefined (reading '_currentLOD')
    at e._prepareRenderingManager (https://cdn.babylonjs.com/babylon.js:0:1473870)
    at e.render (https://cdn.babylonjs.com/babylon.js:0:1470701)
    at t._renderToTarget (https://cdn.babylonjs.com/babylon.js:0:944126)
    at t._render (https://cdn.babylonjs.com/babylon.js:0:942773)
    at t.render (https://cdn.babylonjs.com/babylon.js:0:941741)
    at e._renderForCamera (https://cdn.babylonjs.com/babylon.js:0:2917619)
    at e._processSubCameras (https://cdn.babylonjs.com/babylon.js:0:2919674)
    at e.render (https://cdn.babylonjs.com/babylon.js:0:2927939)
    at renderScene (http://localhost:5500/js/graphics.js?v=78:1285:10)
    at animate (http://localhost:5500/js/main.js?v=78:377:2)
[  486458ms] Uncaught TypeError: Cannot read properties of undefined (reading '_currentLOD')
    at e._prepareRenderingManager (https://cdn.babylonjs.com/babylon.js:0:1473870)
    at e.render (https://cdn.babylonjs.com/babylon.js:0:1470701)
    at t._renderToTarget (https://cdn.babylonjs.com/babylon.js:0:944126)
    at t._render (https://cdn.babylonjs.com/babylon.js:0:942773)
    at t.render (https://cdn.babylonjs.com/babylon.js:0:941741)
    at e._renderForCamera (https://cdn.babylonjs.com/babylon.js:0:2917619)
    at e._processSubCameras (https://cdn.babylonjs.com/babylon.js:0:2919674)
    at e.render (https://cdn.babylonjs.com/babylon.js:0:2927939)
    at renderScene (http://localhost:5500/js/graphics.js?v=78:1285:10)
    at animate (http://localhost:5500/js/main.js?v=78:377:2)
[  486474ms] Uncaught TypeError: Cannot read properties of undefined (reading '_currentLOD')
    at e._prepareRenderingManager (https://cdn.babylonjs.com/babylon.js:0:1473870)
    at e.render (https://cdn.babylonjs.com/babylon.js:0:1470701)
    at t._renderToTarget (https://cdn.babylonjs.com/babylon.js:0:944126)
    at t._render (https://cdn.babylonjs.com/babylon.js:0:942773)
    at t.render (https://cdn.babylonjs.com/babylon.js:0:941741)
    at e._renderForCamera (https://cdn.babylonjs.com/babylon.js:0:2917619)
    at e._processSubCameras (https://cdn.babylonjs.com/babylon.js:0:2919674)
    at e.render (https://cdn.babylonjs.com/babylon.js:0:2927939)
    at renderScene (http://localhost:5500/js/graphics.js?v=78:1285:10)
    at animate (http://localhost:5500/js/main.js?v=78:377:2)
[  486489ms] Uncaught TypeError: Cannot read properties of undefined (reading '_currentLOD')
    at e._prepareRenderingManager (https://cdn.babylonjs.com/babylon.js:0:1473870)
    at e.render (https://cdn.babylonjs.com/babylon.js:0:1470701)
    at t._renderToTarget (https://cdn.babylonjs.com/babylon.js:0:944126)
    at t._render (https://cdn.babylonjs.com/babylon.js:0:942773)
    at t.render (https://cdn.babylonjs.com/babylon.js:0:941741)
    at e._renderForCamera (https://cdn.babylonjs.com/babylon.js:0:2917619)
    at e._processSubCameras (https://cdn.babylonjs.com/babylon.js:0:2919674)
    at e.render (https://cdn.babylonjs.com/babylon.js:0:2927939)
    at renderScene (http://localhost:5500/js/graphics.js?v=78:1285:10)
    at animate (http://localhost:5500/js/main.js?v=78:377:2)
[  486507ms] Uncaught TypeError: Cannot read properties of undefined (reading '_currentLOD')
    at e._prepareRenderingManager (https://cdn.babylonjs.com/babylon.js:0:1473870)
    at e.render (https://cdn.babylonjs.com/babylon.js:0:1470701)
    at t._renderToTarget (https://cdn.babylonjs.com/babylon.js:0:944126)
    at t._render (https://cdn.babylonjs.com/babylon.js:0:942773)
    at t.render (https://cdn.babylonjs.com/babylon.js:0:941741)
    at e._renderForCamera (https://cdn.babylonjs.com/babylon.js:0:2917619)
    at e._processSubCameras (https://cdn.babylonjs.com/babylon.js:0:2919674)
    at e.render (https://cdn.babylonjs.com/babylon.js:0:2927939)
    at renderScene (http://localhost:5500/js/graphics.js?v=78:1285:10)
    at animate (http://localhost:5500/js/main.js?v=78:377:2)
[  486525ms] Uncaught TypeError: Cannot read properties of undefined (reading '_currentLOD')
    at e._prepareRenderingManager (https://cdn.babylonjs.com/babylon.js:0:1473870)
    at e.render (https://cdn.babylonjs.com/babylon.js:0:1470701)
    at t._renderToTarget (https://cdn.babylonjs.com/babylon.js:0:944126)
    at t._render (https://cdn.babylonjs.com/babylon.js:0:942773)
    at t.render (https://cdn.babylonjs.com/babylon.js:0:941741)
    at e._renderForCamera (https://cdn.babylonjs.com/babylon.js:0:2917619)
    at e._processSubCameras (https://cdn.babylonjs.com/babylon.js:0:2919674)
    at e.render (https://cdn.babylonjs.com/babylon.js:0:2927939)
    at renderScene (http://localhost:5500/js/graphics.js?v=78:1285:10)
    at animate (http://localhost:5500/js/main.js?v=78:377:2)
[  486543ms] Uncaught TypeError: Cannot read properties of undefined (reading '_currentLOD')
    at e._prepareRenderingManager (https://cdn.babylonjs.com/babylon.js:0:1473870)
    at e.render (https://cdn.babylonjs.com/babylon.js:0:1470701)
    at t._renderToTarget (https://cdn.babylonjs.com/babylon.js:0:944126)
    at t._render (https://cdn.babylonjs.com/babylon.js:0:942773)
    at t.render (https://cdn.babylonjs.com/babylon.js:0:941741)
    at e._renderForCamera (https://cdn.babylonjs.com/babylon.js:0:2917619)
    at e._processSubCameras (https://cdn.babylonjs.com/babylon.js:0:2919674)
    at e.render (https://cdn.babylonjs.com/babylon.js:0:2927939)
    at renderScene (http://localhost:5500/js/graphics.js?v=78:1285:10)
    at animate (http://localhost:5500/js/main.js?v=78:377:2)
[  486559ms] Uncaught TypeError: Cannot read properties of undefined (reading '_currentLOD')
    at e._prepareRenderingManager (https://cdn.babylonjs.com/babylon.js:0:1473870)
    at e.render (https://cdn.babylonjs.com/babylon.js:0:1470701)
    at t._renderToTarget (https://cdn.babylonjs.com/babylon.js:0:944126)
    at t._render (https://cdn.babylonjs.com/babylon.js:0:942773)
    at t.render (https://cdn.babylonjs.com/babylon.js:0:941741)
    at e._renderForCamera (https://cdn.babylonjs.com/babylon.js:0:2917619)
    at e._processSubCameras (https://cdn.babylonjs.com/babylon.js:0:2919674)
    at e.render (https://cdn.babylonjs.com/babylon.js:0:2927939)
    at renderScene (http://localhost:5500/js/graphics.js?v=78:1285:10)
    at animate (http://localhost:5500/js/main.js?v=78:377:2)
[  486578ms] Uncaught TypeError: Cannot read properties of undefined (reading '_currentLOD')
    at e._prepareRenderingManager (https://cdn.babylonjs.com/babylon.js:0:1473870)
    at e.render (https://cdn.babylonjs.com/babylon.js:0:1470701)
    at t._renderToTarget (https://cdn.babylonjs.com/babylon.js:0:944126)
    at t._render (https://cdn.babylonjs.com/babylon.js:0:942773)
    at t.render (https://cdn.babylonjs.com/babylon.js:0:941741)
    at e._renderForCamera (https://cdn.babylonjs.com/babylon.js:0:2917619)
    at e._processSubCameras (https://cdn.babylonjs.com/babylon.js:0:2919674)
    at e.render (https://cdn.babylonjs.com/babylon.js:0:2927939)
    at renderScene (http://localhost:5500/js/graphics.js?v=78:1285:10)
    at animate (http://localhost:5500/js/main.js?v=78:377:2)
[  486593ms] Uncaught TypeError: Cannot read properties of undefined (reading '_currentLOD')
    at e._prepareRenderingManager (https://cdn.babylonjs.com/babylon.js:0:1473870)
    at e.render (https://cdn.babylonjs.com/babylon.js:0:1470701)
    at t._renderToTarget (https://cdn.babylonjs.com/babylon.js:0:944126)
    at t._render (https://cdn.babylonjs.com/babylon.js:0:942773)
    at t.render (https://cdn.babylonjs.com/babylon.js:0:941741)
    at e._renderForCamera (https://cdn.babylonjs.com/babylon.js:0:2917619)
    at e._processSubCameras (https://cdn.babylonjs.com/babylon.js:0:2919674)
    at e.render (https://cdn.babylonjs.com/babylon.js:0:2927939)
    at renderScene (http://localhost:5500/js/graphics.js?v=78:1285:10)
    at animate (http://localhost:5500/js/main.js?v=78:377:2)
[  486610ms] Uncaught TypeError: Cannot read properties of undefined (reading '_currentLOD')
    at e._prepareRenderingManager (https://cdn.babylonjs.com/babylon.js:0:1473870)
    at e.render (https://cdn.babylonjs.com/babylon.js:0:1470701)
    at t._renderToTarget (https://cdn.babylonjs.com/babylon.js:0:944126)
    at t._render (https://cdn.babylonjs.com/babylon.js:0:942773)
    at t.render (https://cdn.babylonjs.com/babylon.js:0:941741)
    at e._renderForCamera (https://cdn.babylonjs.com/babylon.js:0:2917619)
    at e._processSubCameras (https://cdn.babylonjs.com/babylon.js:0:2919674)
    at e.render (https://cdn.babylonjs.com/babylon.js:0:2927939)
    at renderScene (http://localhost:5500/js/graphics.js?v=78:1285:10)
    at animate (http://localhost:5500/js/main.js?v=78:377:2)
[  486626ms] Uncaught TypeError: Cannot read properties of undefined (reading '_currentLOD')
    at e._prepareRenderingManager (https://cdn.babylonjs.com/babylon.js:0:1473870)
    at e.render (https://cdn.babylonjs.com/babylon.js:0:1470701)
    at t._renderToTarget (https://cdn.babylonjs.com/babylon.js:0:944126)
    at t._render (https://cdn.babylonjs.com/babylon.js:0:942773)
    at t.render (https://cdn.babylonjs.com/babylon.js:0:941741)
    at e._renderForCamera (https://cdn.babylonjs.com/babylon.js:0:2917619)
    at e._processSubCameras (https://cdn.babylonjs.com/babylon.js:0:2919674)
    at e.render (https://cdn.babylonjs.com/babylon.js:0:2927939)
    at renderScene (http://localhost:5500/js/graphics.js?v=78:1285:10)
    at animate (http://localhost:5500/js/main.js?v=78:377:2)
[  486642ms] Uncaught TypeError: Cannot read properties of undefined (reading '_currentLOD')
    at e._prepareRenderingManager (https://cdn.babylonjs.com/babylon.js:0:1473870)
    at e.render (https://cdn.babylonjs.com/babylon.js:0:1470701)
    at t._renderToTarget (https://cdn.babylonjs.com/babylon.js:0:944126)
    at t._render (https://cdn.babylonjs.com/babylon.js:0:942773)
    at t.render (https://cdn.babylonjs.com/babylon.js:0:941741)
    at e._renderForCamera (https://cdn.babylonjs.com/babylon.js:0:2917619)
    at e._processSubCameras (https://cdn.babylonjs.com/babylon.js:0:2919674)
    at e.render (https://cdn.babylonjs.com/babylon.js:0:2927939)
    at renderScene (http://localhost:5500/js/graphics.js?v=78:1285:10)
    at animate (http://localhost:5500/js/main.js?v=78:377:2)
[  486659ms] Uncaught TypeError: Cannot read properties of undefined (reading '_currentLOD')
    at e._prepareRenderingManager (https://cdn.babylonjs.com/babylon.js:0:1473870)
    at e.render (https://cdn.babylonjs.com/babylon.js:0:1470701)
    at t._renderToTarget (https://cdn.babylonjs.com/babylon.js:0:944126)
    at t._render (https://cdn.babylonjs.com/babylon.js:0:942773)
    at t.render (https://cdn.babylonjs.com/babylon.js:0:941741)
    at e._renderForCamera (https://cdn.babylonjs.com/babylon.js:0:2917619)
    at e._processSubCameras (https://cdn.babylonjs.com/babylon.js:0:2919674)
    at e.render (https://cdn.babylonjs.com/babylon.js:0:2927939)
    at renderScene (http://localhost:5500/js/graphics.js?v=78:1285:10)
    at animate (http://localhost:5500/js/main.js?v=78:377:2)
[  486676ms] Uncaught TypeError: Cannot read properties of undefined (reading '_currentLOD')
    at e._prepareRenderingManager (https://cdn.babylonjs.com/babylon.js:0:1473870)
    at e.render (https://cdn.babylonjs.com/babylon.js:0:1470701)
    at t._renderToTarget (https://cdn.babylonjs.com/babylon.js:0:944126)
    at t._render (https://cdn.babylonjs.com/babylon.js:0:942773)
    at t.render (https://cdn.babylonjs.com/babylon.js:0:941741)
    at e._renderForCamera (https://cdn.babylonjs.com/babylon.js:0:2917619)
    at e._processSubCameras (https://cdn.babylonjs.com/babylon.js:0:2919674)
    at e.render (https://cdn.babylonjs.com/babylon.js:0:2927939)
    at renderScene (http://localhost:5500/js/graphics.js?v=78:1285:10)
    at animate (http://localhost:5500/js/main.js?v=78:377:2)
[  486693ms] Uncaught TypeError: Cannot read properties of undefined (reading '_currentLOD')
    at e._prepareRenderingManager (https://cdn.babylonjs.com/babylon.js:0:1473870)
    at e.render (https://cdn.babylonjs.com/babylon.js:0:1470701)
    at t._renderToTarget (https://cdn.babylonjs.com/babylon.js:0:944126)
    at t._render (https://cdn.babylonjs.com/babylon.js:0:942773)
    at t.render (https://cdn.babylonjs.com/babylon.js:0:941741)
    at e._renderForCamera (https://cdn.babylonjs.com/babylon.js:0:2917619)
    at e._processSubCameras (https://cdn.babylonjs.com/babylon.js:0:2919674)
    at e.render (https://cdn.babylonjs.com/babylon.js:0:2927939)
    at renderScene (http://localhost:5500/js/graphics.js?v=78:1285:10)
    at animate (http://localhost:5500/js/main.js?v=78:377:2)
[  486710ms] Uncaught TypeError: Cannot read properties of undefined (reading '_currentLOD')
    at e._prepareRenderingManager (https://cdn.babylonjs.com/babylon.js:0:1473870)
    at e.render (https://cdn.babylonjs.com/babylon.js:0:1470701)
    at t._renderToTarget (https://cdn.babylonjs.com/babylon.js:0:944126)
    at t._render (https://cdn.babylonjs.com/babylon.js:0:942773)
    at t.render (https://cdn.babylonjs.com/babylon.js:0:941741)
    at e._renderForCamera (https://cdn.babylonjs.com/babylon.js:0:2917619)
    at e._processSubCameras (https://cdn.babylonjs.com/babylon.js:0:2919674)
    at e.render (https://cdn.babylonjs.com/babylon.js:0:2927939)
    at renderScene (http://localhost:5500/js/graphics.js?v=78:1285:10)
    at animate (http://localhost:5500/js/main.js?v=78:377:2)
[  486729ms] Uncaught TypeError: Cannot read properties of undefined (reading '_currentLOD')
    at e._prepareRenderingManager (https://cdn.babylonjs.com/babylon.js:0:1473870)
    at e.render (https://cdn.babylonjs.com/babylon.js:0:1470701)
    at t._renderToTarget (https://cdn.babylonjs.com/babylon.js:0:944126)
    at t._render (https://cdn.babylonjs.com/babylon.js:0:942773)
    at t.render (https://cdn.babylonjs.com/babylon.js:0:941741)
    at e._renderForCamera (https://cdn.babylonjs.com/babylon.js:0:2917619)
    at e._processSubCameras (https://cdn.babylonjs.com/babylon.js:0:2919674)
    at e.render (https://cdn.babylonjs.com/babylon.js:0:2927939)
    at renderScene (http://localhost:5500/js/graphics.js?v=78:1285:10)
    at animate (http://localhost:5500/js/main.js?v=78:377:2)
[  486744ms] Uncaught TypeError: Cannot read properties of undefined (reading '_currentLOD')
    at e._prepareRenderingManager (https://cdn.babylonjs.com/babylon.js:0:1473870)
    at e.render (https://cdn.babylonjs.com/babylon.js:0:1470701)
    at t._renderToTarget (https://cdn.babylonjs.com/babylon.js:0:944126)
    at t._render (https://cdn.babylonjs.com/babylon.js:0:942773)
    at t.render (https://cdn.babylonjs.com/babylon.js:0:941741)
    at e._renderForCamera (https://cdn.babylonjs.com/babylon.js:0:2917619)
    at e._processSubCameras (https://cdn.babylonjs.com/babylon.js:0:2919674)
    at e.render (https://cdn.babylonjs.com/babylon.js:0:2927939)
    at renderScene (http://localhost:5500/js/graphics.js?v=78:1285:10)
    at animate (http://localhost:5500/js/main.js?v=78:377:2)
[  486762ms] Uncaught TypeError: Cannot read properties of undefined (reading '_currentLOD')
    at e._prepareRenderingManager (https://cdn.babylonjs.com/babylon.js:0:1473870)
    at e.render (https://cdn.babylonjs.com/babylon.js:0:1470701)
    at t._renderToTarget (https://cdn.babylonjs.com/babylon.js:0:944126)
    at t._render (https://cdn.babylonjs.com/babylon.js:0:942773)
    at t.render (https://cdn.babylonjs.com/babylon.js:0:941741)
    at e._renderForCamera (https://cdn.babylonjs.com/babylon.js:0:2917619)
    at e._processSubCameras (https://cdn.babylonjs.com/babylon.js:0:2919674)
    at e.render (https://cdn.babylonjs.com/babylon.js:0:2927939)
    at renderScene (http://localhost:5500/js/graphics.js?v=78:1285:10)
    at animate (http://localhost:5500/js/main.js?v=78:377:2)
[  486779ms] Uncaught TypeError: Cannot read properties of undefined (reading '_currentLOD')
    at e._prepareRenderingManager (https://cdn.babylonjs.com/babylon.js:0:1473870)
    at e.render (https://cdn.babylonjs.com/babylon.js:0:1470701)
    at t._renderToTarget (https://cdn.babylonjs.com/babylon.js:0:944126)
    at t._render (https://cdn.babylonjs.com/babylon.js:0:942773)
    at t.render (https://cdn.babylonjs.com/babylon.js:0:941741)
    at e._renderForCamera (https://cdn.babylonjs.com/babylon.js:0:2917619)
    at e._processSubCameras (https://cdn.babylonjs.com/babylon.js:0:2919674)
    at e.render (https://cdn.babylonjs.com/babylon.js:0:2927939)
    at renderScene (http://localhost:5500/js/graphics.js?v=78:1285:10)
    at animate (http://localhost:5500/js/main.js?v=78:377:2)
