[   26143ms] [WARNING] Failed to load env model crystal: Unable to load from models/env-crystal-v2.glb: Error in onSuccess callback: TypeError: Cannot read properties of undefined (reading '_currentLOD') @ http://localhost:5500/js/kart.js?v=79:298
[   26164ms] Uncaught TypeError: Cannot read properties of undefined (reading '_currentLOD')
    at e._prepareRenderingManager (https://cdn.babylonjs.com/babylon.js:0:1473870)
    at e.render (https://cdn.babylonjs.com/babylon.js:0:1470701)
    at t._renderToTarget (https://cdn.babylonjs.com/babylon.js:0:944126)
    at t._render (https://cdn.babylonjs.com/babylon.js:0:942773)
    at t.render (https://cdn.babylonjs.com/babylon.js:0:941741)
    at e._renderForCamera (https://cdn.babylonjs.com/babylon.js:0:2917619)
    at e._processSubCameras (https://cdn.babylonjs.com/babylon.js:0:2919674)
    at e.render (https://cdn.babylonjs.com/babylon.js:0:2927939)
    at renderScene (http://localhost:5500/js/graphics.js?v=79:1288:10)
    at animate (http://localhost:5500/js/main.js?v=79:377:2)
[   26400ms] Uncaught TypeError: Cannot read properties of undefined (reading '_currentLOD')
    at e._prepareRenderingManager (https://cdn.babylonjs.com/babylon.js:0:1473870)
    at e.render (https://cdn.babylonjs.com/babylon.js:0:1470701)
    at t._renderToTarget (https://cdn.babylonjs.com/babylon.js:0:944126)
    at t._render (https://cdn.babylonjs.com/babylon.js:0:942773)
    at t.render (https://cdn.babylonjs.com/babylon.js:0:941741)
    at e._renderForCamera (https://cdn.babylonjs.com/babylon.js:0:2917619)
    at e._processSubCameras (https://cdn.babylonjs.com/babylon.js:0:2919674)
    at e.render (https://cdn.babylonjs.com/babylon.js:0:2927939)
    at renderScene (http://localhost:5500/js/graphics.js?v=79:1288:10)
    at animate (http://localhost:5500/js/main.js?v=79:377:2)
[   26428ms] Uncaught TypeError: Cannot read properties of undefined (reading '_currentLOD')
    at e._prepareRenderingManager (https://cdn.babylonjs.com/babylon.js:0:1473870)
    at e.render (https://cdn.babylonjs.com/babylon.js:0:1470701)
    at t._renderToTarget (https://cdn.babylonjs.com/babylon.js:0:944126)
    at t._render (https://cdn.babylonjs.com/babylon.js:0:942773)
    at t.render (https://cdn.babylonjs.com/babylon.js:0:941741)
    at e._renderForCamera (https://cdn.babylonjs.com/babylon.js:0:2917619)
    at e._processSubCameras (https://cdn.babylonjs.com/babylon.js:0:2919674)
    at e.render (https://cdn.babylonjs.com/babylon.js:0:2927939)
    at renderScene (http://localhost:5500/js/graphics.js?v=79:1288:10)
    at animate (http://localhost:5500/js/main.js?v=79:377:2)
[   26459ms] Uncaught TypeError: Cannot read properties of undefined (reading '_currentLOD')
    at e._prepareRenderingManager (https://cdn.babylonjs.com/babylon.js:0:1473870)
    at e.render (https://cdn.babylonjs.com/babylon.js:0:1470701)
    at t._renderToTarget (https://cdn.babylonjs.com/babylon.js:0:944126)
    at t._render (https://cdn.babylonjs.com/babylon.js:0:942773)
    at t.render (https://cdn.babylonjs.com/babylon.js:0:941741)
    at e._renderForCamera (https://cdn.babylonjs.com/babylon.js:0:2917619)
    at e._processSubCameras (https://cdn.babylonjs.com/babylon.js:0:2919674)
    at e.render (https://cdn.babylonjs.com/babylon.js:0:2927939)
    at renderScene (http://localhost:5500/js/graphics.js?v=79:1288:10)
    at animate (http://localhost:5500/js/main.js?v=79:377:2)
[   26493ms] Uncaught TypeError: Cannot read properties of undefined (reading '_currentLOD')
    at e._prepareRenderingManager (https://cdn.babylonjs.com/babylon.js:0:1473870)
    at e.render (https://cdn.babylonjs.com/babylon.js:0:1470701)
    at t._renderToTarget (https://cdn.babylonjs.com/babylon.js:0:944126)
    at t._render (https://cdn.babylonjs.com/babylon.js:0:942773)
    at t.render (https://cdn.babylonjs.com/babylon.js:0:941741)
    at e._renderForCamera (https://cdn.babylonjs.com/babylon.js:0:2917619)
    at e._processSubCameras (https://cdn.babylonjs.com/babylon.js:0:2919674)
    at e.render (https://cdn.babylonjs.com/babylon.js:0:2927939)
    at renderScene (http://localhost:5500/js/graphics.js?v=79:1288:10)
    at animate (http://localhost:5500/js/main.js?v=79:377:2)
[   26527ms] Uncaught TypeError: Cannot read properties of undefined (reading '_currentLOD')
    at e._prepareRenderingManager (https://cdn.babylonjs.com/babylon.js:0:1473870)
    at e.render (https://cdn.babylonjs.com/babylon.js:0:1470701)
    at t._renderToTarget (https://cdn.babylonjs.com/babylon.js:0:944126)
    at t._render (https://cdn.babylonjs.com/babylon.js:0:942773)
    at t.render (https://cdn.babylonjs.com/babylon.js:0:941741)
    at e._renderForCamera (https://cdn.babylonjs.com/babylon.js:0:2917619)
    at e._processSubCameras (https://cdn.babylonjs.com/babylon.js:0:2919674)
    at e.render (https://cdn.babylonjs.com/babylon.js:0:2927939)
    at renderScene (http://localhost:5500/js/graphics.js?v=79:1288:10)
    at animate (http://localhost:5500/js/main.js?v=79:377:2)
[   26561ms] Uncaught TypeError: Cannot read properties of undefined (reading '_currentLOD')
    at e._prepareRenderingManager (https://cdn.babylonjs.com/babylon.js:0:1473870)
    at e.render (https://cdn.babylonjs.com/babylon.js:0:1470701)
    at t._renderToTarget (https://cdn.babylonjs.com/babylon.js:0:944126)
    at t._render (https://cdn.babylonjs.com/babylon.js:0:942773)
    at t.render (https://cdn.babylonjs.com/babylon.js:0:941741)
    at e._renderForCamera (https://cdn.babylonjs.com/babylon.js:0:2917619)
    at e._processSubCameras (https://cdn.babylonjs.com/babylon.js:0:2919674)
    at e.render (https://cdn.babylonjs.com/babylon.js:0:2927939)
    at renderScene (http://localhost:5500/js/graphics.js?v=79:1288:10)
    at animate (http://localhost:5500/js/main.js?v=79:377:2)
[   26592ms] Uncaught TypeError: Cannot read properties of undefined (reading '_currentLOD')
    at e._prepareRenderingManager (https://cdn.babylonjs.com/babylon.js:0:1473870)
    at e.render (https://cdn.babylonjs.com/babylon.js:0:1470701)
    at t._renderToTarget (https://cdn.babylonjs.com/babylon.js:0:944126)
    at t._render (https://cdn.babylonjs.com/babylon.js:0:942773)
    at t.render (https://cdn.babylonjs.com/babylon.js:0:941741)
    at e._renderForCamera (https://cdn.babylonjs.com/babylon.js:0:2917619)
    at e._processSubCameras (https://cdn.babylonjs.com/babylon.js:0:2919674)
    at e.render (https://cdn.babylonjs.com/babylon.js:0:2927939)
    at renderScene (http://localhost:5500/js/graphics.js?v=79:1288:10)
    at animate (http://localhost:5500/js/main.js?v=79:377:2)
[   27592ms] Uncaught TypeError: Cannot read properties of undefined (reading '_currentLOD')
    at e._prepareRenderingManager (https://cdn.babylonjs.com/babylon.js:0:1473870)
    at e.render (https://cdn.babylonjs.com/babylon.js:0:1470701)
    at t._renderToTarget (https://cdn.babylonjs.com/babylon.js:0:944126)
    at t._render (https://cdn.babylonjs.com/babylon.js:0:942773)
    at t.render (https://cdn.babylonjs.com/babylon.js:0:941741)
    at e._renderForCamera (https://cdn.babylonjs.com/babylon.js:0:2917619)
    at e._processSubCameras (https://cdn.babylonjs.com/babylon.js:0:2919674)
    at e.render (https://cdn.babylonjs.com/babylon.js:0:2927939)
    at renderScene (http://localhost:5500/js/graphics.js?v=79:1288:10)
    at animate (http://localhost:5500/js/main.js?v=79:377:2)
[   28607ms] Uncaught TypeError: Cannot read properties of undefined (reading '_currentLOD')
    at e._prepareRenderingManager (https://cdn.babylonjs.com/babylon.js:0:1473870)
    at e.render (https://cdn.babylonjs.com/babylon.js:0:1470701)
    at t._renderToTarget (https://cdn.babylonjs.com/babylon.js:0:944126)
    at t._render (https://cdn.babylonjs.com/babylon.js:0:942773)
    at t.render (https://cdn.babylonjs.com/babylon.js:0:941741)
    at e._renderForCamera (https://cdn.babylonjs.com/babylon.js:0:2917619)
    at e._processSubCameras (https://cdn.babylonjs.com/babylon.js:0:2919674)
    at e.render (https://cdn.babylonjs.com/babylon.js:0:2927939)
    at renderScene (http://localhost:5500/js/graphics.js?v=79:1288:10)
    at animate (http://localhost:5500/js/main.js?v=79:377:2)
[   29608ms] Uncaught TypeError: Cannot read properties of undefined (reading '_currentLOD')
    at e._prepareRenderingManager (https://cdn.babylonjs.com/babylon.js:0:1473870)
    at e.render (https://cdn.babylonjs.com/babylon.js:0:1470701)
    at t._renderToTarget (https://cdn.babylonjs.com/babylon.js:0:944126)
    at t._render (https://cdn.babylonjs.com/babylon.js:0:942773)
    at t.render (https://cdn.babylonjs.com/babylon.js:0:941741)
    at e._renderForCamera (https://cdn.babylonjs.com/babylon.js:0:2917619)
    at e._processSubCameras (https://cdn.babylonjs.com/babylon.js:0:2919674)
    at e.render (https://cdn.babylonjs.com/babylon.js:0:2927939)
    at renderScene (http://localhost:5500/js/graphics.js?v=79:1288:10)
    at animate (http://localhost:5500/js/main.js?v=79:377:2)
[   30609ms] Uncaught TypeError: Cannot read properties of undefined (reading '_currentLOD')
    at e._prepareRenderingManager (https://cdn.babylonjs.com/babylon.js:0:1473870)
    at e.render (https://cdn.babylonjs.com/babylon.js:0:1470701)
    at t._renderToTarget (https://cdn.babylonjs.com/babylon.js:0:944126)
    at t._render (https://cdn.babylonjs.com/babylon.js:0:942773)
    at t.render (https://cdn.babylonjs.com/babylon.js:0:941741)
    at e._renderForCamera (https://cdn.babylonjs.com/babylon.js:0:2917619)
    at e._processSubCameras (https://cdn.babylonjs.com/babylon.js:0:2919674)
    at e.render (https://cdn.babylonjs.com/babylon.js:0:2927939)
    at renderScene (http://localhost:5500/js/graphics.js?v=79:1288:10)
    at animate (http://localhost:5500/js/main.js?v=79:377:2)
[   31608ms] Uncaught TypeError: Cannot read properties of undefined (reading '_currentLOD')
    at e._prepareRenderingManager (https://cdn.babylonjs.com/babylon.js:0:1473870)
    at e.render (https://cdn.babylonjs.com/babylon.js:0:1470701)
    at t._renderToTarget (https://cdn.babylonjs.com/babylon.js:0:944126)
    at t._render (https://cdn.babylonjs.com/babylon.js:0:942773)
    at t.render (https://cdn.babylonjs.com/babylon.js:0:941741)
    at e._renderForCamera (https://cdn.babylonjs.com/babylon.js:0:2917619)
    at e._processSubCameras (https://cdn.babylonjs.com/babylon.js:0:2919674)
    at e.render (https://cdn.babylonjs.com/babylon.js:0:2927939)
    at renderScene (http://localhost:5500/js/graphics.js?v=79:1288:10)
    at animate (http://localhost:5500/js/main.js?v=79:377:2)
[   32040ms] Uncaught TypeError: Cannot read properties of undefined (reading '_currentLOD')
    at e._prepareRenderingManager (https://cdn.babylonjs.com/babylon.js:0:1473870)
    at e.render (https://cdn.babylonjs.com/babylon.js:0:1470701)
    at t._renderToTarget (https://cdn.babylonjs.com/babylon.js:0:944126)
    at t._render (https://cdn.babylonjs.com/babylon.js:0:942773)
    at t.render (https://cdn.babylonjs.com/babylon.js:0:941741)
    at e._renderForCamera (https://cdn.babylonjs.com/babylon.js:0:2917619)
    at e._processSubCameras (https://cdn.babylonjs.com/babylon.js:0:2919674)
    at e.render (https://cdn.babylonjs.com/babylon.js:0:2927939)
    at renderScene (http://localhost:5500/js/graphics.js?v=79:1288:10)
    at animate (http://localhost:5500/js/main.js?v=79:377:2)
[   32074ms] Uncaught TypeError: Cannot read properties of undefined (reading '_currentLOD')
    at e._prepareRenderingManager (https://cdn.babylonjs.com/babylon.js:0:1473870)
    at e.render (https://cdn.babylonjs.com/babylon.js:0:1470701)
    at t._renderToTarget (https://cdn.babylonjs.com/babylon.js:0:944126)
    at t._render (https://cdn.babylonjs.com/babylon.js:0:942773)
    at t.render (https://cdn.babylonjs.com/babylon.js:0:941741)
    at e._renderForCamera (https://cdn.babylonjs.com/babylon.js:0:2917619)
    at e._processSubCameras (https://cdn.babylonjs.com/babylon.js:0:2919674)
    at e.render (https://cdn.babylonjs.com/babylon.js:0:2927939)
    at renderScene (http://localhost:5500/js/graphics.js?v=79:1288:10)
    at animate (http://localhost:5500/js/main.js?v=79:377:2)
[   32107ms] Uncaught TypeError: Cannot read properties of undefined (reading '_currentLOD')
    at e._prepareRenderingManager (https://cdn.babylonjs.com/babylon.js:0:1473870)
    at e.render (https://cdn.babylonjs.com/babylon.js:0:1470701)
    at t._renderToTarget (https://cdn.babylonjs.com/babylon.js:0:944126)
    at t._render (https://cdn.babylonjs.com/babylon.js:0:942773)
    at t.render (https://cdn.babylonjs.com/babylon.js:0:941741)
    at e._renderForCamera (https://cdn.babylonjs.com/babylon.js:0:2917619)
    at e._processSubCameras (https://cdn.babylonjs.com/babylon.js:0:2919674)
    at e.render (https://cdn.babylonjs.com/babylon.js:0:2927939)
    at renderScene (http://localhost:5500/js/graphics.js?v=79:1288:10)
    at animate (http://localhost:5500/js/main.js?v=79:377:2)
[   32142ms] Uncaught TypeError: Cannot read properties of undefined (reading '_currentLOD')
    at e._prepareRenderingManager (https://cdn.babylonjs.com/babylon.js:0:1473870)
    at e.render (https://cdn.babylonjs.com/babylon.js:0:1470701)
    at t._renderToTarget (https://cdn.babylonjs.com/babylon.js:0:944126)
    at t._render (https://cdn.babylonjs.com/babylon.js:0:942773)
    at t.render (https://cdn.babylonjs.com/babylon.js:0:941741)
    at e._renderForCamera (https://cdn.babylonjs.com/babylon.js:0:2917619)
    at e._processSubCameras (https://cdn.babylonjs.com/babylon.js:0:2919674)
    at e.render (https://cdn.babylonjs.com/babylon.js:0:2927939)
    at renderScene (http://localhost:5500/js/graphics.js?v=79:1288:10)
    at animate (http://localhost:5500/js/main.js?v=79:377:2)
[   32174ms] Uncaught TypeError: Cannot read properties of undefined (reading '_currentLOD')
    at e._prepareRenderingManager (https://cdn.babylonjs.com/babylon.js:0:1473870)
    at e.render (https://cdn.babylonjs.com/babylon.js:0:1470701)
    at t._renderToTarget (https://cdn.babylonjs.com/babylon.js:0:944126)
    at t._render (https://cdn.babylonjs.com/babylon.js:0:942773)
    at t.render (https://cdn.babylonjs.com/babylon.js:0:941741)
    at e._renderForCamera (https://cdn.babylonjs.com/babylon.js:0:2917619)
    at e._processSubCameras (https://cdn.babylonjs.com/babylon.js:0:2919674)
    at e.render (https://cdn.babylonjs.com/babylon.js:0:2927939)
    at renderScene (http://localhost:5500/js/graphics.js?v=79:1288:10)
    at animate (http://localhost:5500/js/main.js?v=79:377:2)
[   32208ms] Uncaught TypeError: Cannot read properties of undefined (reading '_currentLOD')
    at e._prepareRenderingManager (https://cdn.babylonjs.com/babylon.js:0:1473870)
    at e.render (https://cdn.babylonjs.com/babylon.js:0:1470701)
    at t._renderToTarget (https://cdn.babylonjs.com/babylon.js:0:944126)
    at t._render (https://cdn.babylonjs.com/babylon.js:0:942773)
    at t.render (https://cdn.babylonjs.com/babylon.js:0:941741)
    at e._renderForCamera (https://cdn.babylonjs.com/babylon.js:0:2917619)
    at e._processSubCameras (https://cdn.babylonjs.com/babylon.js:0:2919674)
    at e.render (https://cdn.babylonjs.com/babylon.js:0:2927939)
    at renderScene (http://localhost:5500/js/graphics.js?v=79:1288:10)
    at animate (http://localhost:5500/js/main.js?v=79:377:2)
[   32240ms] Uncaught TypeError: Cannot read properties of undefined (reading '_currentLOD')
    at e._prepareRenderingManager (https://cdn.babylonjs.com/babylon.js:0:1473870)
    at e.render (https://cdn.babylonjs.com/babylon.js:0:1470701)
    at t._renderToTarget (https://cdn.babylonjs.com/babylon.js:0:944126)
    at t._render (https://cdn.babylonjs.com/babylon.js:0:942773)
    at t.render (https://cdn.babylonjs.com/babylon.js:0:941741)
    at e._renderForCamera (https://cdn.babylonjs.com/babylon.js:0:2917619)
    at e._processSubCameras (https://cdn.babylonjs.com/babylon.js:0:2919674)
    at e.render (https://cdn.babylonjs.com/babylon.js:0:2927939)
    at renderScene (http://localhost:5500/js/graphics.js?v=79:1288:10)
    at animate (http://localhost:5500/js/main.js?v=79:377:2)
[   32278ms] Uncaught TypeError: Cannot read properties of undefined (reading '_currentLOD')
    at e._prepareRenderingManager (https://cdn.babylonjs.com/babylon.js:0:1473870)
    at e.render (https://cdn.babylonjs.com/babylon.js:0:1470701)
    at t._renderToTarget (https://cdn.babylonjs.com/babylon.js:0:944126)
    at t._render (https://cdn.babylonjs.com/babylon.js:0:942773)
    at t.render (https://cdn.babylonjs.com/babylon.js:0:941741)
    at e._renderForCamera (https://cdn.babylonjs.com/babylon.js:0:2917619)
    at e._processSubCameras (https://cdn.babylonjs.com/babylon.js:0:2919674)
    at e.render (https://cdn.babylonjs.com/babylon.js:0:2927939)
    at renderScene (http://localhost:5500/js/graphics.js?v=79:1288:10)
    at animate (http://localhost:5500/js/main.js?v=79:377:2)
[   32308ms] Uncaught TypeError: Cannot read properties of undefined (reading '_currentLOD')
    at e._prepareRenderingManager (https://cdn.babylonjs.com/babylon.js:0:1473870)
    at e.render (https://cdn.babylonjs.com/babylon.js:0:1470701)
    at t._renderToTarget (https://cdn.babylonjs.com/babylon.js:0:944126)
    at t._render (https://cdn.babylonjs.com/babylon.js:0:942773)
    at t.render (https://cdn.babylonjs.com/babylon.js:0:941741)
    at e._renderForCamera (https://cdn.babylonjs.com/babylon.js:0:2917619)
    at e._processSubCameras (https://cdn.babylonjs.com/babylon.js:0:2919674)
    at e.render (https://cdn.babylonjs.com/babylon.js:0:2927939)
    at renderScene (http://localhost:5500/js/graphics.js?v=79:1288:10)
    at animate (http://localhost:5500/js/main.js?v=79:377:2)
[   32340ms] Uncaught TypeError: Cannot read properties of undefined (reading '_currentLOD')
    at e._prepareRenderingManager (https://cdn.babylonjs.com/babylon.js:0:1473870)
    at e.render (https://cdn.babylonjs.com/babylon.js:0:1470701)
    at t._renderToTarget (https://cdn.babylonjs.com/babylon.js:0:944126)
    at t._render (https://cdn.babylonjs.com/babylon.js:0:942773)
    at t.render (https://cdn.babylonjs.com/babylon.js:0:941741)
    at e._renderForCamera (https://cdn.babylonjs.com/babylon.js:0:2917619)
    at e._processSubCameras (https://cdn.babylonjs.com/babylon.js:0:2919674)
    at e.render (https://cdn.babylonjs.com/babylon.js:0:2927939)
    at renderScene (http://localhost:5500/js/graphics.js?v=79:1288:10)
    at animate (http://localhost:5500/js/main.js?v=79:377:2)
[   32374ms] Uncaught TypeError: Cannot read properties of undefined (reading '_currentLOD')
    at e._prepareRenderingManager (https://cdn.babylonjs.com/babylon.js:0:1473870)
    at e.render (https://cdn.babylonjs.com/babylon.js:0:1470701)
    at t._renderToTarget (https://cdn.babylonjs.com/babylon.js:0:944126)
    at t._render (https://cdn.babylonjs.com/babylon.js:0:942773)
    at t.render (https://cdn.babylonjs.com/babylon.js:0:941741)
    at e._renderForCamera (https://cdn.babylonjs.com/babylon.js:0:2917619)
    at e._processSubCameras (https://cdn.babylonjs.com/babylon.js:0:2919674)
    at e.render (https://cdn.babylonjs.com/babylon.js:0:2927939)
    at renderScene (http://localhost:5500/js/graphics.js?v=79:1288:10)
    at animate (http://localhost:5500/js/main.js?v=79:377:2)
[   32409ms] Uncaught TypeError: Cannot read properties of undefined (reading '_currentLOD')
    at e._prepareRenderingManager (https://cdn.babylonjs.com/babylon.js:0:1473870)
    at e.render (https://cdn.babylonjs.com/babylon.js:0:1470701)
    at t._renderToTarget (https://cdn.babylonjs.com/babylon.js:0:944126)
    at t._render (https://cdn.babylonjs.com/babylon.js:0:942773)
    at t.render (https://cdn.babylonjs.com/babylon.js:0:941741)
    at e._renderForCamera (https://cdn.babylonjs.com/babylon.js:0:2917619)
    at e._processSubCameras (https://cdn.babylonjs.com/babylon.js:0:2919674)
    at e.render (https://cdn.babylonjs.com/babylon.js:0:2927939)
    at renderScene (http://localhost:5500/js/graphics.js?v=79:1288:10)
    at animate (http://localhost:5500/js/main.js?v=79:377:2)
[   32440ms] Uncaught TypeError: Cannot read properties of undefined (reading '_currentLOD')
    at e._prepareRenderingManager (https://cdn.babylonjs.com/babylon.js:0:1473870)
    at e.render (https://cdn.babylonjs.com/babylon.js:0:1470701)
    at t._renderToTarget (https://cdn.babylonjs.com/babylon.js:0:944126)
    at t._render (https://cdn.babylonjs.com/babylon.js:0:942773)
    at t.render (https://cdn.babylonjs.com/babylon.js:0:941741)
    at e._renderForCamera (https://cdn.babylonjs.com/babylon.js:0:2917619)
    at e._processSubCameras (https://cdn.babylonjs.com/babylon.js:0:2919674)
    at e.render (https://cdn.babylonjs.com/babylon.js:0:2927939)
    at renderScene (http://localhost:5500/js/graphics.js?v=79:1288:10)
    at animate (http://localhost:5500/js/main.js?v=79:377:2)
[   32474ms] Uncaught TypeError: Cannot read properties of undefined (reading '_currentLOD')
    at e._prepareRenderingManager (https://cdn.babylonjs.com/babylon.js:0:1473870)
    at e.render (https://cdn.babylonjs.com/babylon.js:0:1470701)
    at t._renderToTarget (https://cdn.babylonjs.com/babylon.js:0:944126)
    at t._render (https://cdn.babylonjs.com/babylon.js:0:942773)
    at t.render (https://cdn.babylonjs.com/babylon.js:0:941741)
    at e._renderForCamera (https://cdn.babylonjs.com/babylon.js:0:2917619)
    at e._processSubCameras (https://cdn.babylonjs.com/babylon.js:0:2919674)
    at e.render (https://cdn.babylonjs.com/babylon.js:0:2927939)
    at renderScene (http://localhost:5500/js/graphics.js?v=79:1288:10)
    at animate (http://localhost:5500/js/main.js?v=79:377:2)
[   32510ms] Uncaught TypeError: Cannot read properties of undefined (reading '_currentLOD')
    at e._prepareRenderingManager (https://cdn.babylonjs.com/babylon.js:0:1473870)
    at e.render (https://cdn.babylonjs.com/babylon.js:0:1470701)
    at t._renderToTarget (https://cdn.babylonjs.com/babylon.js:0:944126)
    at t._render (https://cdn.babylonjs.com/babylon.js:0:942773)
    at t.render (https://cdn.babylonjs.com/babylon.js:0:941741)
    at e._renderForCamera (https://cdn.babylonjs.com/babylon.js:0:2917619)
    at e._processSubCameras (https://cdn.babylonjs.com/babylon.js:0:2919674)
    at e.render (https://cdn.babylonjs.com/babylon.js:0:2927939)
    at renderScene (http://localhost:5500/js/graphics.js?v=79:1288:10)
    at animate (http://localhost:5500/js/main.js?v=79:377:2)
[   32541ms] Uncaught TypeError: Cannot read properties of undefined (reading '_currentLOD')
    at e._prepareRenderingManager (https://cdn.babylonjs.com/babylon.js:0:1473870)
    at e.render (https://cdn.babylonjs.com/babylon.js:0:1470701)
    at t._renderToTarget (https://cdn.babylonjs.com/babylon.js:0:944126)
    at t._render (https://cdn.babylonjs.com/babylon.js:0:942773)
    at t.render (https://cdn.babylonjs.com/babylon.js:0:941741)
    at e._renderForCamera (https://cdn.babylonjs.com/babylon.js:0:2917619)
    at e._processSubCameras (https://cdn.babylonjs.com/babylon.js:0:2919674)
    at e.render (https://cdn.babylonjs.com/babylon.js:0:2927939)
    at renderScene (http://localhost:5500/js/graphics.js?v=79:1288:10)
    at animate (http://localhost:5500/js/main.js?v=79:377:2)
[   32574ms] Uncaught TypeError: Cannot read properties of undefined (reading '_currentLOD')
    at e._prepareRenderingManager (https://cdn.babylonjs.com/babylon.js:0:1473870)
    at e.render (https://cdn.babylonjs.com/babylon.js:0:1470701)
    at t._renderToTarget (https://cdn.babylonjs.com/babylon.js:0:944126)
    at t._render (https://cdn.babylonjs.com/babylon.js:0:942773)
    at t.render (https://cdn.babylonjs.com/babylon.js:0:941741)
    at e._renderForCamera (https://cdn.babylonjs.com/babylon.js:0:2917619)
    at e._processSubCameras (https://cdn.babylonjs.com/babylon.js:0:2919674)
    at e.render (https://cdn.babylonjs.com/babylon.js:0:2927939)
    at renderScene (http://localhost:5500/js/graphics.js?v=79:1288:10)
    at animate (http://localhost:5500/js/main.js?v=79:377:2)
[   32609ms] Uncaught TypeError: Cannot read properties of undefined (reading '_currentLOD')
    at e._prepareRenderingManager (https://cdn.babylonjs.com/babylon.js:0:1473870)
    at e.render (https://cdn.babylonjs.com/babylon.js:0:1470701)
    at t._renderToTarget (https://cdn.babylonjs.com/babylon.js:0:944126)
    at t._render (https://cdn.babylonjs.com/babylon.js:0:942773)
    at t.render (https://cdn.babylonjs.com/babylon.js:0:941741)
    at e._renderForCamera (https://cdn.babylonjs.com/babylon.js:0:2917619)
    at e._processSubCameras (https://cdn.babylonjs.com/babylon.js:0:2919674)
    at e.render (https://cdn.babylonjs.com/babylon.js:0:2927939)
    at renderScene (http://localhost:5500/js/graphics.js?v=79:1288:10)
    at animate (http://localhost:5500/js/main.js?v=79:377:2)
[   32641ms] Uncaught TypeError: Cannot read properties of undefined (reading '_currentLOD')
    at e._prepareRenderingManager (https://cdn.babylonjs.com/babylon.js:0:1473870)
    at e.render (https://cdn.babylonjs.com/babylon.js:0:1470701)
    at t._renderToTarget (https://cdn.babylonjs.com/babylon.js:0:944126)
    at t._render (https://cdn.babylonjs.com/babylon.js:0:942773)
    at t.render (https://cdn.babylonjs.com/babylon.js:0:941741)
    at e._renderForCamera (https://cdn.babylonjs.com/babylon.js:0:2917619)
    at e._processSubCameras (https://cdn.babylonjs.com/babylon.js:0:2919674)
    at e.render (https://cdn.babylonjs.com/babylon.js:0:2927939)
    at renderScene (http://localhost:5500/js/graphics.js?v=79:1288:10)
    at animate (http://localhost:5500/js/main.js?v=79:377:2)
[   32674ms] Uncaught TypeError: Cannot read properties of undefined (reading '_currentLOD')
    at e._prepareRenderingManager (https://cdn.babylonjs.com/babylon.js:0:1473870)
    at e.render (https://cdn.babylonjs.com/babylon.js:0:1470701)
    at t._renderToTarget (https://cdn.babylonjs.com/babylon.js:0:944126)
    at t._render (https://cdn.babylonjs.com/babylon.js:0:942773)
    at t.render (https://cdn.babylonjs.com/babylon.js:0:941741)
    at e._renderForCamera (https://cdn.babylonjs.com/babylon.js:0:2917619)
    at e._processSubCameras (https://cdn.babylonjs.com/babylon.js:0:2919674)
    at e.render (https://cdn.babylonjs.com/babylon.js:0:2927939)
    at renderScene (http://localhost:5500/js/graphics.js?v=79:1288:10)
    at animate (http://localhost:5500/js/main.js?v=79:377:2)
[   32707ms] Uncaught TypeError: Cannot read properties of undefined (reading '_currentLOD')
    at e._prepareRenderingManager (https://cdn.babylonjs.com/babylon.js:0:1473870)
    at e.render (https://cdn.babylonjs.com/babylon.js:0:1470701)
    at t._renderToTarget (https://cdn.babylonjs.com/babylon.js:0:944126)
    at t._render (https://cdn.babylonjs.com/babylon.js:0:942773)
    at t.render (https://cdn.babylonjs.com/babylon.js:0:941741)
    at e._renderForCamera (https://cdn.babylonjs.com/babylon.js:0:2917619)
    at e._processSubCameras (https://cdn.babylonjs.com/babylon.js:0:2919674)
    at e.render (https://cdn.babylonjs.com/babylon.js:0:2927939)
    at renderScene (http://localhost:5500/js/graphics.js?v=79:1288:10)
    at animate (http://localhost:5500/js/main.js?v=79:377:2)
[   32740ms] Uncaught TypeError: Cannot read properties of undefined (reading '_currentLOD')
    at e._prepareRenderingManager (https://cdn.babylonjs.com/babylon.js:0:1473870)
    at e.render (https://cdn.babylonjs.com/babylon.js:0:1470701)
    at t._renderToTarget (https://cdn.babylonjs.com/babylon.js:0:944126)
    at t._render (https://cdn.babylonjs.com/babylon.js:0:942773)
    at t.render (https://cdn.babylonjs.com/babylon.js:0:941741)
    at e._renderForCamera (https://cdn.babylonjs.com/babylon.js:0:2917619)
    at e._processSubCameras (https://cdn.babylonjs.com/babylon.js:0:2919674)
    at e.render (https://cdn.babylonjs.com/babylon.js:0:2927939)
    at renderScene (http://localhost:5500/js/graphics.js?v=79:1288:10)
    at animate (http://localhost:5500/js/main.js?v=79:377:2)
[   32774ms] Uncaught TypeError: Cannot read properties of undefined (reading '_currentLOD')
    at e._prepareRenderingManager (https://cdn.babylonjs.com/babylon.js:0:1473870)
    at e.render (https://cdn.babylonjs.com/babylon.js:0:1470701)
    at t._renderToTarget (https://cdn.babylonjs.com/babylon.js:0:944126)
    at t._render (https://cdn.babylonjs.com/babylon.js:0:942773)
    at t.render (https://cdn.babylonjs.com/babylon.js:0:941741)
    at e._renderForCamera (https://cdn.babylonjs.com/babylon.js:0:2917619)
    at e._processSubCameras (https://cdn.babylonjs.com/babylon.js:0:2919674)
    at e.render (https://cdn.babylonjs.com/babylon.js:0:2927939)
    at renderScene (http://localhost:5500/js/graphics.js?v=79:1288:10)
    at animate (http://localhost:5500/js/main.js?v=79:377:2)
[   32807ms] Uncaught TypeError: Cannot read properties of undefined (reading '_currentLOD')
    at e._prepareRenderingManager (https://cdn.babylonjs.com/babylon.js:0:1473870)
    at e.render (https://cdn.babylonjs.com/babylon.js:0:1470701)
    at t._renderToTarget (https://cdn.babylonjs.com/babylon.js:0:944126)
    at t._render (https://cdn.babylonjs.com/babylon.js:0:942773)
    at t.render (https://cdn.babylonjs.com/babylon.js:0:941741)
    at e._renderForCamera (https://cdn.babylonjs.com/babylon.js:0:2917619)
    at e._processSubCameras (https://cdn.babylonjs.com/babylon.js:0:2919674)
    at e.render (https://cdn.babylonjs.com/babylon.js:0:2927939)
    at renderScene (http://localhost:5500/js/graphics.js?v=79:1288:10)
    at animate (http://localhost:5500/js/main.js?v=79:377:2)
[   32841ms] Uncaught TypeError: Cannot read properties of undefined (reading '_currentLOD')
    at e._prepareRenderingManager (https://cdn.babylonjs.com/babylon.js:0:1473870)
    at e.render (https://cdn.babylonjs.com/babylon.js:0:1470701)
    at t._renderToTarget (https://cdn.babylonjs.com/babylon.js:0:944126)
    at t._render (https://cdn.babylonjs.com/babylon.js:0:942773)
    at t.render (https://cdn.babylonjs.com/babylon.js:0:941741)
    at e._renderForCamera (https://cdn.babylonjs.com/babylon.js:0:2917619)
    at e._processSubCameras (https://cdn.babylonjs.com/babylon.js:0:2919674)
    at e.render (https://cdn.babylonjs.com/babylon.js:0:2927939)
    at renderScene (http://localhost:5500/js/graphics.js?v=79:1288:10)
    at animate (http://localhost:5500/js/main.js?v=79:377:2)
[   32874ms] Uncaught TypeError: Cannot read properties of undefined (reading '_currentLOD')
    at e._prepareRenderingManager (https://cdn.babylonjs.com/babylon.js:0:1473870)
    at e.render (https://cdn.babylonjs.com/babylon.js:0:1470701)
    at t._renderToTarget (https://cdn.babylonjs.com/babylon.js:0:944126)
    at t._render (https://cdn.babylonjs.com/babylon.js:0:942773)
    at t.render (https://cdn.babylonjs.com/babylon.js:0:941741)
    at e._renderForCamera (https://cdn.babylonjs.com/babylon.js:0:2917619)
    at e._processSubCameras (https://cdn.babylonjs.com/babylon.js:0:2919674)
    at e.render (https://cdn.babylonjs.com/babylon.js:0:2927939)
    at renderScene (http://localhost:5500/js/graphics.js?v=79:1288:10)
    at animate (http://localhost:5500/js/main.js?v=79:377:2)
[   32907ms] Uncaught TypeError: Cannot read properties of undefined (reading '_currentLOD')
    at e._prepareRenderingManager (https://cdn.babylonjs.com/babylon.js:0:1473870)
    at e.render (https://cdn.babylonjs.com/babylon.js:0:1470701)
    at t._renderToTarget (https://cdn.babylonjs.com/babylon.js:0:944126)
    at t._render (https://cdn.babylonjs.com/babylon.js:0:942773)
    at t.render (https://cdn.babylonjs.com/babylon.js:0:941741)
    at e._renderForCamera (https://cdn.babylonjs.com/babylon.js:0:2917619)
    at e._processSubCameras (https://cdn.babylonjs.com/babylon.js:0:2919674)
    at e.render (https://cdn.babylonjs.com/babylon.js:0:2927939)
    at renderScene (http://localhost:5500/js/graphics.js?v=79:1288:10)
    at animate (http://localhost:5500/js/main.js?v=79:377:2)
[   32940ms] Uncaught TypeError: Cannot read properties of undefined (reading '_currentLOD')
    at e._prepareRenderingManager (https://cdn.babylonjs.com/babylon.js:0:1473870)
    at e.render (https://cdn.babylonjs.com/babylon.js:0:1470701)
    at t._renderToTarget (https://cdn.babylonjs.com/babylon.js:0:944126)
    at t._render (https://cdn.babylonjs.com/babylon.js:0:942773)
    at t.render (https://cdn.babylonjs.com/babylon.js:0:941741)
    at e._renderForCamera (https://cdn.babylonjs.com/babylon.js:0:2917619)
    at e._processSubCameras (https://cdn.babylonjs.com/babylon.js:0:2919674)
    at e.render (https://cdn.babylonjs.com/babylon.js:0:2927939)
    at renderScene (http://localhost:5500/js/graphics.js?v=79:1288:10)
    at animate (http://localhost:5500/js/main.js?v=79:377:2)
[   32973ms] Uncaught TypeError: Cannot read properties of undefined (reading '_currentLOD')
    at e._prepareRenderingManager (https://cdn.babylonjs.com/babylon.js:0:1473870)
    at e.render (https://cdn.babylonjs.com/babylon.js:0:1470701)
    at t._renderToTarget (https://cdn.babylonjs.com/babylon.js:0:944126)
    at t._render (https://cdn.babylonjs.com/babylon.js:0:942773)
    at t.render (https://cdn.babylonjs.com/babylon.js:0:941741)
    at e._renderForCamera (https://cdn.babylonjs.com/babylon.js:0:2917619)
    at e._processSubCameras (https://cdn.babylonjs.com/babylon.js:0:2919674)
    at e.render (https://cdn.babylonjs.com/babylon.js:0:2927939)
    at renderScene (http://localhost:5500/js/graphics.js?v=79:1288:10)
    at animate (http://localhost:5500/js/main.js?v=79:377:2)
[   33007ms] Uncaught TypeError: Cannot read properties of undefined (reading '_currentLOD')
    at e._prepareRenderingManager (https://cdn.babylonjs.com/babylon.js:0:1473870)
    at e.render (https://cdn.babylonjs.com/babylon.js:0:1470701)
    at t._renderToTarget (https://cdn.babylonjs.com/babylon.js:0:944126)
    at t._render (https://cdn.babylonjs.com/babylon.js:0:942773)
    at t.render (https://cdn.babylonjs.com/babylon.js:0:941741)
    at e._renderForCamera (https://cdn.babylonjs.com/babylon.js:0:2917619)
    at e._processSubCameras (https://cdn.babylonjs.com/babylon.js:0:2919674)
    at e.render (https://cdn.babylonjs.com/babylon.js:0:2927939)
    at renderScene (http://localhost:5500/js/graphics.js?v=79:1288:10)
    at animate (http://localhost:5500/js/main.js?v=79:377:2)
[   33040ms] Uncaught TypeError: Cannot read properties of undefined (reading '_currentLOD')
    at e._prepareRenderingManager (https://cdn.babylonjs.com/babylon.js:0:1473870)
    at e.render (https://cdn.babylonjs.com/babylon.js:0:1470701)
    at t._renderToTarget (https://cdn.babylonjs.com/babylon.js:0:944126)
    at t._render (https://cdn.babylonjs.com/babylon.js:0:942773)
    at t.render (https://cdn.babylonjs.com/babylon.js:0:941741)
    at e._renderForCamera (https://cdn.babylonjs.com/babylon.js:0:2917619)
    at e._processSubCameras (https://cdn.babylonjs.com/babylon.js:0:2919674)
    at e.render (https://cdn.babylonjs.com/babylon.js:0:2927939)
    at renderScene (http://localhost:5500/js/graphics.js?v=79:1288:10)
    at animate (http://localhost:5500/js/main.js?v=79:377:2)
[   34062ms] Uncaught TypeError: Cannot read properties of undefined (reading '_currentLOD')
    at e._prepareRenderingManager (https://cdn.babylonjs.com/babylon.js:0:1473870)
    at e.render (https://cdn.babylonjs.com/babylon.js:0:1470701)
    at t._renderToTarget (https://cdn.babylonjs.com/babylon.js:0:944126)
    at t._render (https://cdn.babylonjs.com/babylon.js:0:942773)
    at t.render (https://cdn.babylonjs.com/babylon.js:0:941741)
    at e._renderForCamera (https://cdn.babylonjs.com/babylon.js:0:2917619)
    at e._processSubCameras (https://cdn.babylonjs.com/babylon.js:0:2919674)
    at e.render (https://cdn.babylonjs.com/babylon.js:0:2927939)
    at renderScene (http://localhost:5500/js/graphics.js?v=79:1288:10)
    at animate (http://localhost:5500/js/main.js?v=79:377:2)
[   35064ms] Uncaught TypeError: Cannot read properties of undefined (reading '_currentLOD')
    at e._prepareRenderingManager (https://cdn.babylonjs.com/babylon.js:0:1473870)
    at e.render (https://cdn.babylonjs.com/babylon.js:0:1470701)
    at t._renderToTarget (https://cdn.babylonjs.com/babylon.js:0:944126)
    at t._render (https://cdn.babylonjs.com/babylon.js:0:942773)
    at t.render (https://cdn.babylonjs.com/babylon.js:0:941741)
    at e._renderForCamera (https://cdn.babylonjs.com/babylon.js:0:2917619)
    at e._processSubCameras (https://cdn.babylonjs.com/babylon.js:0:2919674)
    at e.render (https://cdn.babylonjs.com/babylon.js:0:2927939)
    at renderScene (http://localhost:5500/js/graphics.js?v=79:1288:10)
    at animate (http://localhost:5500/js/main.js?v=79:377:2)
[   36059ms] Uncaught TypeError: Cannot read properties of undefined (reading '_currentLOD')
    at e._prepareRenderingManager (https://cdn.babylonjs.com/babylon.js:0:1473870)
    at e.render (https://cdn.babylonjs.com/babylon.js:0:1470701)
    at t._renderToTarget (https://cdn.babylonjs.com/babylon.js:0:944126)
    at t._render (https://cdn.babylonjs.com/babylon.js:0:942773)
    at t.render (https://cdn.babylonjs.com/babylon.js:0:941741)
    at e._renderForCamera (https://cdn.babylonjs.com/babylon.js:0:2917619)
    at e._processSubCameras (https://cdn.babylonjs.com/babylon.js:0:2919674)
    at e.render (https://cdn.babylonjs.com/babylon.js:0:2927939)
    at renderScene (http://localhost:5500/js/graphics.js?v=79:1288:10)
    at animate (http://localhost:5500/js/main.js?v=79:377:2)
[   37061ms] Uncaught TypeError: Cannot read properties of undefined (reading '_currentLOD')
    at e._prepareRenderingManager (https://cdn.babylonjs.com/babylon.js:0:1473870)
    at e.render (https://cdn.babylonjs.com/babylon.js:0:1470701)
    at t._renderToTarget (https://cdn.babylonjs.com/babylon.js:0:944126)
    at t._render (https://cdn.babylonjs.com/babylon.js:0:942773)
    at t.render (https://cdn.babylonjs.com/babylon.js:0:941741)
    at e._renderForCamera (https://cdn.babylonjs.com/babylon.js:0:2917619)
    at e._processSubCameras (https://cdn.babylonjs.com/babylon.js:0:2919674)
    at e.render (https://cdn.babylonjs.com/babylon.js:0:2927939)
    at renderScene (http://localhost:5500/js/graphics.js?v=79:1288:10)
    at animate (http://localhost:5500/js/main.js?v=79:377:2)
[   38060ms] Uncaught TypeError: Cannot read properties of undefined (reading '_currentLOD')
    at e._prepareRenderingManager (https://cdn.babylonjs.com/babylon.js:0:1473870)
    at e.render (https://cdn.babylonjs.com/babylon.js:0:1470701)
    at t._renderToTarget (https://cdn.babylonjs.com/babylon.js:0:944126)
    at t._render (https://cdn.babylonjs.com/babylon.js:0:942773)
    at t.render (https://cdn.babylonjs.com/babylon.js:0:941741)
    at e._renderForCamera (https://cdn.babylonjs.com/babylon.js:0:2917619)
    at e._processSubCameras (https://cdn.babylonjs.com/babylon.js:0:2919674)
    at e.render (https://cdn.babylonjs.com/babylon.js:0:2927939)
    at renderScene (http://localhost:5500/js/graphics.js?v=79:1288:10)
    at animate (http://localhost:5500/js/main.js?v=79:377:2)
[   39080ms] Uncaught TypeError: Cannot read properties of undefined (reading '_currentLOD')
    at e._prepareRenderingManager (https://cdn.babylonjs.com/babylon.js:0:1473870)
    at e.render (https://cdn.babylonjs.com/babylon.js:0:1470701)
    at t._renderToTarget (https://cdn.babylonjs.com/babylon.js:0:944126)
    at t._render (https://cdn.babylonjs.com/babylon.js:0:942773)
    at t.render (https://cdn.babylonjs.com/babylon.js:0:941741)
    at e._renderForCamera (https://cdn.babylonjs.com/babylon.js:0:2917619)
    at e._processSubCameras (https://cdn.babylonjs.com/babylon.js:0:2919674)
    at e.render (https://cdn.babylonjs.com/babylon.js:0:2927939)
    at renderScene (http://localhost:5500/js/graphics.js?v=79:1288:10)
    at animate (http://localhost:5500/js/main.js?v=79:377:2)
[   40091ms] Uncaught TypeError: Cannot read properties of undefined (reading '_currentLOD')
    at e._prepareRenderingManager (https://cdn.babylonjs.com/babylon.js:0:1473870)
    at e.render (https://cdn.babylonjs.com/babylon.js:0:1470701)
    at t._renderToTarget (https://cdn.babylonjs.com/babylon.js:0:944126)
    at t._render (https://cdn.babylonjs.com/babylon.js:0:942773)
    at t.render (https://cdn.babylonjs.com/babylon.js:0:941741)
    at e._renderForCamera (https://cdn.babylonjs.com/babylon.js:0:2917619)
    at e._processSubCameras (https://cdn.babylonjs.com/babylon.js:0:2919674)
    at e.render (https://cdn.babylonjs.com/babylon.js:0:2927939)
    at renderScene (http://localhost:5500/js/graphics.js?v=79:1288:10)
    at animate (http://localhost:5500/js/main.js?v=79:377:2)
[   41091ms] Uncaught TypeError: Cannot read properties of undefined (reading '_currentLOD')
    at e._prepareRenderingManager (https://cdn.babylonjs.com/babylon.js:0:1473870)
    at e.render (https://cdn.babylonjs.com/babylon.js:0:1470701)
    at t._renderToTarget (https://cdn.babylonjs.com/babylon.js:0:944126)
    at t._render (https://cdn.babylonjs.com/babylon.js:0:942773)
    at t.render (https://cdn.babylonjs.com/babylon.js:0:941741)
    at e._renderForCamera (https://cdn.babylonjs.com/babylon.js:0:2917619)
    at e._processSubCameras (https://cdn.babylonjs.com/babylon.js:0:2919674)
    at e.render (https://cdn.babylonjs.com/babylon.js:0:2927939)
    at renderScene (http://localhost:5500/js/graphics.js?v=79:1288:10)
    at animate (http://localhost:5500/js/main.js?v=79:377:2)
[   42109ms] Uncaught TypeError: Cannot read properties of undefined (reading '_currentLOD')
    at e._prepareRenderingManager (https://cdn.babylonjs.com/babylon.js:0:1473870)
    at e.render (https://cdn.babylonjs.com/babylon.js:0:1470701)
    at t._renderToTarget (https://cdn.babylonjs.com/babylon.js:0:944126)
    at t._render (https://cdn.babylonjs.com/babylon.js:0:942773)
    at t.render (https://cdn.babylonjs.com/babylon.js:0:941741)
    at e._renderForCamera (https://cdn.babylonjs.com/babylon.js:0:2917619)
    at e._processSubCameras (https://cdn.babylonjs.com/babylon.js:0:2919674)
    at e.render (https://cdn.babylonjs.com/babylon.js:0:2927939)
    at renderScene (http://localhost:5500/js/graphics.js?v=79:1288:10)
    at animate (http://localhost:5500/js/main.js?v=79:377:2)
[   43130ms] Uncaught TypeError: Cannot read properties of undefined (reading '_currentLOD')
    at e._prepareRenderingManager (https://cdn.babylonjs.com/babylon.js:0:1473870)
    at e.render (https://cdn.babylonjs.com/babylon.js:0:1470701)
    at t._renderToTarget (https://cdn.babylonjs.com/babylon.js:0:944126)
    at t._render (https://cdn.babylonjs.com/babylon.js:0:942773)
    at t.render (https://cdn.babylonjs.com/babylon.js:0:941741)
    at e._renderForCamera (https://cdn.babylonjs.com/babylon.js:0:2917619)
    at e._processSubCameras (https://cdn.babylonjs.com/babylon.js:0:2919674)
    at e.render (https://cdn.babylonjs.com/babylon.js:0:2927939)
    at renderScene (http://localhost:5500/js/graphics.js?v=79:1288:10)
    at animate (http://localhost:5500/js/main.js?v=79:377:2)
[   44131ms] Uncaught TypeError: Cannot read properties of undefined (reading '_currentLOD')
    at e._prepareRenderingManager (https://cdn.babylonjs.com/babylon.js:0:1473870)
    at e.render (https://cdn.babylonjs.com/babylon.js:0:1470701)
    at t._renderToTarget (https://cdn.babylonjs.com/babylon.js:0:944126)
    at t._render (https://cdn.babylonjs.com/babylon.js:0:942773)
    at t.render (https://cdn.babylonjs.com/babylon.js:0:941741)
    at e._renderForCamera (https://cdn.babylonjs.com/babylon.js:0:2917619)
    at e._processSubCameras (https://cdn.babylonjs.com/babylon.js:0:2919674)
    at e.render (https://cdn.babylonjs.com/babylon.js:0:2927939)
    at renderScene (http://localhost:5500/js/graphics.js?v=79:1288:10)
    at animate (http://localhost:5500/js/main.js?v=79:377:2)
[   45135ms] Uncaught TypeError: Cannot read properties of undefined (reading '_currentLOD')
    at e._prepareRenderingManager (https://cdn.babylonjs.com/babylon.js:0:1473870)
    at e.render (https://cdn.babylonjs.com/babylon.js:0:1470701)
    at t._renderToTarget (https://cdn.babylonjs.com/babylon.js:0:944126)
    at t._render (https://cdn.babylonjs.com/babylon.js:0:942773)
    at t.render (https://cdn.babylonjs.com/babylon.js:0:941741)
    at e._renderForCamera (https://cdn.babylonjs.com/babylon.js:0:2917619)
    at e._processSubCameras (https://cdn.babylonjs.com/babylon.js:0:2919674)
    at e.render (https://cdn.babylonjs.com/babylon.js:0:2927939)
    at renderScene (http://localhost:5500/js/graphics.js?v=79:1288:10)
    at animate (http://localhost:5500/js/main.js?v=79:377:2)
[   46143ms] Uncaught TypeError: Cannot read properties of undefined (reading '_currentLOD')
    at e._prepareRenderingManager (https://cdn.babylonjs.com/babylon.js:0:1473870)
    at e.render (https://cdn.babylonjs.com/babylon.js:0:1470701)
    at t._renderToTarget (https://cdn.babylonjs.com/babylon.js:0:944126)
    at t._render (https://cdn.babylonjs.com/babylon.js:0:942773)
    at t.render (https://cdn.babylonjs.com/babylon.js:0:941741)
    at e._renderForCamera (https://cdn.babylonjs.com/babylon.js:0:2917619)
    at e._processSubCameras (https://cdn.babylonjs.com/babylon.js:0:2919674)
    at e.render (https://cdn.babylonjs.com/babylon.js:0:2927939)
    at renderScene (http://localhost:5500/js/graphics.js?v=79:1288:10)
    at animate (http://localhost:5500/js/main.js?v=79:377:2)
[   47147ms] Uncaught TypeError: Cannot read properties of undefined (reading '_currentLOD')
    at e._prepareRenderingManager (https://cdn.babylonjs.com/babylon.js:0:1473870)
    at e.render (https://cdn.babylonjs.com/babylon.js:0:1470701)
    at t._renderToTarget (https://cdn.babylonjs.com/babylon.js:0:944126)
    at t._render (https://cdn.babylonjs.com/babylon.js:0:942773)
    at t.render (https://cdn.babylonjs.com/babylon.js:0:941741)
    at e._renderForCamera (https://cdn.babylonjs.com/babylon.js:0:2917619)
    at e._processSubCameras (https://cdn.babylonjs.com/babylon.js:0:2919674)
    at e.render (https://cdn.babylonjs.com/babylon.js:0:2927939)
    at renderScene (http://localhost:5500/js/graphics.js?v=79:1288:10)
    at animate (http://localhost:5500/js/main.js?v=79:377:2)
[   47446ms] Uncaught TypeError: Cannot read properties of undefined (reading '_currentLOD')
    at e._prepareRenderingManager (https://cdn.babylonjs.com/babylon.js:0:1473870)
    at e.render (https://cdn.babylonjs.com/babylon.js:0:1470701)
    at t._renderToTarget (https://cdn.babylonjs.com/babylon.js:0:944126)
    at t._render (https://cdn.babylonjs.com/babylon.js:0:942773)
    at t.render (https://cdn.babylonjs.com/babylon.js:0:941741)
    at e._renderForCamera (https://cdn.babylonjs.com/babylon.js:0:2917619)
    at e._processSubCameras (https://cdn.babylonjs.com/babylon.js:0:2919674)
    at e.render (https://cdn.babylonjs.com/babylon.js:0:2927939)
    at renderScene (http://localhost:5500/js/graphics.js?v=79:1288:10)
    at animate (http://localhost:5500/js/main.js?v=79:377:2)
[   47482ms] Uncaught TypeError: Cannot read properties of undefined (reading '_currentLOD')
    at e._prepareRenderingManager (https://cdn.babylonjs.com/babylon.js:0:1473870)
    at e.render (https://cdn.babylonjs.com/babylon.js:0:1470701)
    at t._renderToTarget (https://cdn.babylonjs.com/babylon.js:0:944126)
    at t._render (https://cdn.babylonjs.com/babylon.js:0:942773)
    at t.render (https://cdn.babylonjs.com/babylon.js:0:941741)
    at e._renderForCamera (https://cdn.babylonjs.com/babylon.js:0:2917619)
    at e._processSubCameras (https://cdn.babylonjs.com/babylon.js:0:2919674)
    at e.render (https://cdn.babylonjs.com/babylon.js:0:2927939)
    at renderScene (http://localhost:5500/js/graphics.js?v=79:1288:10)
    at animate (http://localhost:5500/js/main.js?v=79:377:2)
[   47522ms] Uncaught TypeError: Cannot read properties of undefined (reading '_currentLOD')
    at e._prepareRenderingManager (https://cdn.babylonjs.com/babylon.js:0:1473870)
    at e.render (https://cdn.babylonjs.com/babylon.js:0:1470701)
    at t._renderToTarget (https://cdn.babylonjs.com/babylon.js:0:944126)
    at t._render (https://cdn.babylonjs.com/babylon.js:0:942773)
    at t.render (https://cdn.babylonjs.com/babylon.js:0:941741)
    at e._renderForCamera (https://cdn.babylonjs.com/babylon.js:0:2917619)
    at e._processSubCameras (https://cdn.babylonjs.com/babylon.js:0:2919674)
    at e.render (https://cdn.babylonjs.com/babylon.js:0:2927939)
    at renderScene (http://localhost:5500/js/graphics.js?v=79:1288:10)
    at animate (http://localhost:5500/js/main.js?v=79:377:2)
[   47549ms] Uncaught TypeError: Cannot read properties of undefined (reading '_currentLOD')
    at e._prepareRenderingManager (https://cdn.babylonjs.com/babylon.js:0:1473870)
    at e.render (https://cdn.babylonjs.com/babylon.js:0:1470701)
    at t._renderToTarget (https://cdn.babylonjs.com/babylon.js:0:944126)
    at t._render (https://cdn.babylonjs.com/babylon.js:0:942773)
    at t.render (https://cdn.babylonjs.com/babylon.js:0:941741)
    at e._renderForCamera (https://cdn.babylonjs.com/babylon.js:0:2917619)
    at e._processSubCameras (https://cdn.babylonjs.com/babylon.js:0:2919674)
    at e.render (https://cdn.babylonjs.com/babylon.js:0:2927939)
    at renderScene (http://localhost:5500/js/graphics.js?v=79:1288:10)
    at animate (http://localhost:5500/js/main.js?v=79:377:2)
[   47581ms] Uncaught TypeError: Cannot read properties of undefined (reading '_currentLOD')
    at e._prepareRenderingManager (https://cdn.babylonjs.com/babylon.js:0:1473870)
    at e.render (https://cdn.babylonjs.com/babylon.js:0:1470701)
    at t._renderToTarget (https://cdn.babylonjs.com/babylon.js:0:944126)
    at t._render (https://cdn.babylonjs.com/babylon.js:0:942773)
    at t.render (https://cdn.babylonjs.com/babylon.js:0:941741)
    at e._renderForCamera (https://cdn.babylonjs.com/babylon.js:0:2917619)
    at e._processSubCameras (https://cdn.babylonjs.com/babylon.js:0:2919674)
    at e.render (https://cdn.babylonjs.com/babylon.js:0:2927939)
    at renderScene (http://localhost:5500/js/graphics.js?v=79:1288:10)
    at animate (http://localhost:5500/js/main.js?v=79:377:2)
[   47615ms] Uncaught TypeError: Cannot read properties of undefined (reading '_currentLOD')
    at e._prepareRenderingManager (https://cdn.babylonjs.com/babylon.js:0:1473870)
    at e.render (https://cdn.babylonjs.com/babylon.js:0:1470701)
    at t._renderToTarget (https://cdn.babylonjs.com/babylon.js:0:944126)
    at t._render (https://cdn.babylonjs.com/babylon.js:0:942773)
    at t.render (https://cdn.babylonjs.com/babylon.js:0:941741)
    at e._renderForCamera (https://cdn.babylonjs.com/babylon.js:0:2917619)
    at e._processSubCameras (https://cdn.babylonjs.com/babylon.js:0:2919674)
    at e.render (https://cdn.babylonjs.com/babylon.js:0:2927939)
    at renderScene (http://localhost:5500/js/graphics.js?v=79:1288:10)
    at animate (http://localhost:5500/js/main.js?v=79:377:2)
[   47661ms] Uncaught TypeError: Cannot read properties of undefined (reading '_currentLOD')
    at e._prepareRenderingManager (https://cdn.babylonjs.com/babylon.js:0:1473870)
    at e.render (https://cdn.babylonjs.com/babylon.js:0:1470701)
    at t._renderToTarget (https://cdn.babylonjs.com/babylon.js:0:944126)
    at t._render (https://cdn.babylonjs.com/babylon.js:0:942773)
    at t.render (https://cdn.babylonjs.com/babylon.js:0:941741)
    at e._renderForCamera (https://cdn.babylonjs.com/babylon.js:0:2917619)
    at e._processSubCameras (https://cdn.babylonjs.com/babylon.js:0:2919674)
    at e.render (https://cdn.babylonjs.com/babylon.js:0:2927939)
    at renderScene (http://localhost:5500/js/graphics.js?v=79:1288:10)
    at animate (http://localhost:5500/js/main.js?v=79:377:2)
[   48661ms] Uncaught TypeError: Cannot read properties of undefined (reading '_currentLOD')
    at e._prepareRenderingManager (https://cdn.babylonjs.com/babylon.js:0:1473870)
    at e.render (https://cdn.babylonjs.com/babylon.js:0:1470701)
    at t._renderToTarget (https://cdn.babylonjs.com/babylon.js:0:944126)
    at t._render (https://cdn.babylonjs.com/babylon.js:0:942773)
    at t.render (https://cdn.babylonjs.com/babylon.js:0:941741)
    at e._renderForCamera (https://cdn.babylonjs.com/babylon.js:0:2917619)
    at e._processSubCameras (https://cdn.babylonjs.com/babylon.js:0:2919674)
    at e.render (https://cdn.babylonjs.com/babylon.js:0:2927939)
    at renderScene (http://localhost:5500/js/graphics.js?v=79:1288:10)
    at animate (http://localhost:5500/js/main.js?v=79:377:2)
[   49662ms] Uncaught TypeError: Cannot read properties of undefined (reading '_currentLOD')
    at e._prepareRenderingManager (https://cdn.babylonjs.com/babylon.js:0:1473870)
    at e.render (https://cdn.babylonjs.com/babylon.js:0:1470701)
    at t._renderToTarget (https://cdn.babylonjs.com/babylon.js:0:944126)
    at t._render (https://cdn.babylonjs.com/babylon.js:0:942773)
    at t.render (https://cdn.babylonjs.com/babylon.js:0:941741)
    at e._renderForCamera (https://cdn.babylonjs.com/babylon.js:0:2917619)
    at e._processSubCameras (https://cdn.babylonjs.com/babylon.js:0:2919674)
    at e.render (https://cdn.babylonjs.com/babylon.js:0:2927939)
    at renderScene (http://localhost:5500/js/graphics.js?v=79:1288:10)
    at animate (http://localhost:5500/js/main.js?v=79:377:2)
[   50080ms] Uncaught TypeError: Cannot read properties of undefined (reading '_currentLOD')
    at e._prepareRenderingManager (https://cdn.babylonjs.com/babylon.js:0:1473870)
    at e.render (https://cdn.babylonjs.com/babylon.js:0:1470701)
    at t._renderToTarget (https://cdn.babylonjs.com/babylon.js:0:944126)
    at t._render (https://cdn.babylonjs.com/babylon.js:0:942773)
    at t.render (https://cdn.babylonjs.com/babylon.js:0:941741)
    at e._renderForCamera (https://cdn.babylonjs.com/babylon.js:0:2917619)
    at e._processSubCameras (https://cdn.babylonjs.com/babylon.js:0:2919674)
    at e.render (https://cdn.babylonjs.com/babylon.js:0:2927939)
    at renderScene (http://localhost:5500/js/graphics.js?v=79:1288:10)
    at animate (http://localhost:5500/js/main.js?v=79:377:2)
[   50112ms] Uncaught TypeError: Cannot read properties of undefined (reading '_currentLOD')
    at e._prepareRenderingManager (https://cdn.babylonjs.com/babylon.js:0:1473870)
    at e.render (https://cdn.babylonjs.com/babylon.js:0:1470701)
    at t._renderToTarget (https://cdn.babylonjs.com/babylon.js:0:944126)
    at t._render (https://cdn.babylonjs.com/babylon.js:0:942773)
    at t.render (https://cdn.babylonjs.com/babylon.js:0:941741)
    at e._renderForCamera (https://cdn.babylonjs.com/babylon.js:0:2917619)
    at e._processSubCameras (https://cdn.babylonjs.com/babylon.js:0:2919674)
    at e.render (https://cdn.babylonjs.com/babylon.js:0:2927939)
    at renderScene (http://localhost:5500/js/graphics.js?v=79:1288:10)
    at animate (http://localhost:5500/js/main.js?v=79:377:2)
[   50145ms] Uncaught TypeError: Cannot read properties of undefined (reading '_currentLOD')
    at e._prepareRenderingManager (https://cdn.babylonjs.com/babylon.js:0:1473870)
    at e.render (https://cdn.babylonjs.com/babylon.js:0:1470701)
    at t._renderToTarget (https://cdn.babylonjs.com/babylon.js:0:944126)
    at t._render (https://cdn.babylonjs.com/babylon.js:0:942773)
    at t.render (https://cdn.babylonjs.com/babylon.js:0:941741)
    at e._renderForCamera (https://cdn.babylonjs.com/babylon.js:0:2917619)
    at e._processSubCameras (https://cdn.babylonjs.com/babylon.js:0:2919674)
    at e.render (https://cdn.babylonjs.com/babylon.js:0:2927939)
    at renderScene (http://localhost:5500/js/graphics.js?v=79:1288:10)
    at animate (http://localhost:5500/js/main.js?v=79:377:2)
[   50178ms] Uncaught TypeError: Cannot read properties of undefined (reading '_currentLOD')
    at e._prepareRenderingManager (https://cdn.babylonjs.com/babylon.js:0:1473870)
    at e.render (https://cdn.babylonjs.com/babylon.js:0:1470701)
    at t._renderToTarget (https://cdn.babylonjs.com/babylon.js:0:944126)
    at t._render (https://cdn.babylonjs.com/babylon.js:0:942773)
    at t.render (https://cdn.babylonjs.com/babylon.js:0:941741)
    at e._renderForCamera (https://cdn.babylonjs.com/babylon.js:0:2917619)
    at e._processSubCameras (https://cdn.babylonjs.com/babylon.js:0:2919674)
    at e.render (https://cdn.babylonjs.com/babylon.js:0:2927939)
    at renderScene (http://localhost:5500/js/graphics.js?v=79:1288:10)
    at animate (http://localhost:5500/js/main.js?v=79:377:2)
[   50215ms] Uncaught TypeError: Cannot read properties of undefined (reading '_currentLOD')
    at e._prepareRenderingManager (https://cdn.babylonjs.com/babylon.js:0:1473870)
    at e.render (https://cdn.babylonjs.com/babylon.js:0:1470701)
    at t._renderToTarget (https://cdn.babylonjs.com/babylon.js:0:944126)
    at t._render (https://cdn.babylonjs.com/babylon.js:0:942773)
    at t.render (https://cdn.babylonjs.com/babylon.js:0:941741)
    at e._renderForCamera (https://cdn.babylonjs.com/babylon.js:0:2917619)
    at e._processSubCameras (https://cdn.babylonjs.com/babylon.js:0:2919674)
    at e.render (https://cdn.babylonjs.com/babylon.js:0:2927939)
    at renderScene (http://localhost:5500/js/graphics.js?v=79:1288:10)
    at animate (http://localhost:5500/js/main.js?v=79:377:2)
[   50246ms] Uncaught TypeError: Cannot read properties of undefined (reading '_currentLOD')
    at e._prepareRenderingManager (https://cdn.babylonjs.com/babylon.js:0:1473870)
    at e.render (https://cdn.babylonjs.com/babylon.js:0:1470701)
    at t._renderToTarget (https://cdn.babylonjs.com/babylon.js:0:944126)
    at t._render (https://cdn.babylonjs.com/babylon.js:0:942773)
    at t.render (https://cdn.babylonjs.com/babylon.js:0:941741)
    at e._renderForCamera (https://cdn.babylonjs.com/babylon.js:0:2917619)
    at e._processSubCameras (https://cdn.babylonjs.com/babylon.js:0:2919674)
    at e.render (https://cdn.babylonjs.com/babylon.js:0:2927939)
    at renderScene (http://localhost:5500/js/graphics.js?v=79:1288:10)
    at animate (http://localhost:5500/js/main.js?v=79:377:2)
[   50278ms] Uncaught TypeError: Cannot read properties of undefined (reading '_currentLOD')
    at e._prepareRenderingManager (https://cdn.babylonjs.com/babylon.js:0:1473870)
    at e.render (https://cdn.babylonjs.com/babylon.js:0:1470701)
    at t._renderToTarget (https://cdn.babylonjs.com/babylon.js:0:944126)
    at t._render (https://cdn.babylonjs.com/babylon.js:0:942773)
    at t.render (https://cdn.babylonjs.com/babylon.js:0:941741)
    at e._renderForCamera (https://cdn.babylonjs.com/babylon.js:0:2917619)
    at e._processSubCameras (https://cdn.babylonjs.com/babylon.js:0:2919674)
    at e.render (https://cdn.babylonjs.com/babylon.js:0:2927939)
    at renderScene (http://localhost:5500/js/graphics.js?v=79:1288:10)
    at animate (http://localhost:5500/js/main.js?v=79:377:2)
[   50312ms] Uncaught TypeError: Cannot read properties of undefined (reading '_currentLOD')
    at e._prepareRenderingManager (https://cdn.babylonjs.com/babylon.js:0:1473870)
    at e.render (https://cdn.babylonjs.com/babylon.js:0:1470701)
    at t._renderToTarget (https://cdn.babylonjs.com/babylon.js:0:944126)
    at t._render (https://cdn.babylonjs.com/babylon.js:0:942773)
    at t.render (https://cdn.babylonjs.com/babylon.js:0:941741)
    at e._renderForCamera (https://cdn.babylonjs.com/babylon.js:0:2917619)
    at e._processSubCameras (https://cdn.babylonjs.com/babylon.js:0:2919674)
    at e.render (https://cdn.babylonjs.com/babylon.js:0:2927939)
    at renderScene (http://localhost:5500/js/graphics.js?v=79:1288:10)
    at animate (http://localhost:5500/js/main.js?v=79:377:2)
[   50345ms] Uncaught TypeError: Cannot read properties of undefined (reading '_currentLOD')
    at e._prepareRenderingManager (https://cdn.babylonjs.com/babylon.js:0:1473870)
    at e.render (https://cdn.babylonjs.com/babylon.js:0:1470701)
    at t._renderToTarget (https://cdn.babylonjs.com/babylon.js:0:944126)
    at t._render (https://cdn.babylonjs.com/babylon.js:0:942773)
    at t.render (https://cdn.babylonjs.com/babylon.js:0:941741)
    at e._renderForCamera (https://cdn.babylonjs.com/babylon.js:0:2917619)
    at e._processSubCameras (https://cdn.babylonjs.com/babylon.js:0:2919674)
    at e.render (https://cdn.babylonjs.com/babylon.js:0:2927939)
    at renderScene (http://localhost:5500/js/graphics.js?v=79:1288:10)
    at animate (http://localhost:5500/js/main.js?v=79:377:2)
[   50379ms] Uncaught TypeError: Cannot read properties of undefined (reading '_currentLOD')
    at e._prepareRenderingManager (https://cdn.babylonjs.com/babylon.js:0:1473870)
    at e.render (https://cdn.babylonjs.com/babylon.js:0:1470701)
    at t._renderToTarget (https://cdn.babylonjs.com/babylon.js:0:944126)
    at t._render (https://cdn.babylonjs.com/babylon.js:0:942773)
    at t.render (https://cdn.babylonjs.com/babylon.js:0:941741)
    at e._renderForCamera (https://cdn.babylonjs.com/babylon.js:0:2917619)
    at e._processSubCameras (https://cdn.babylonjs.com/babylon.js:0:2919674)
    at e.render (https://cdn.babylonjs.com/babylon.js:0:2927939)
    at renderScene (http://localhost:5500/js/graphics.js?v=79:1288:10)
    at animate (http://localhost:5500/js/main.js?v=79:377:2)
[   50412ms] Uncaught TypeError: Cannot read properties of undefined (reading '_currentLOD')
    at e._prepareRenderingManager (https://cdn.babylonjs.com/babylon.js:0:1473870)
    at e.render (https://cdn.babylonjs.com/babylon.js:0:1470701)
    at t._renderToTarget (https://cdn.babylonjs.com/babylon.js:0:944126)
    at t._render (https://cdn.babylonjs.com/babylon.js:0:942773)
    at t.render (https://cdn.babylonjs.com/babylon.js:0:941741)
    at e._renderForCamera (https://cdn.babylonjs.com/babylon.js:0:2917619)
    at e._processSubCameras (https://cdn.babylonjs.com/babylon.js:0:2919674)
    at e.render (https://cdn.babylonjs.com/babylon.js:0:2927939)
    at renderScene (http://localhost:5500/js/graphics.js?v=79:1288:10)
    at animate (http://localhost:5500/js/main.js?v=79:377:2)
[   50444ms] Uncaught TypeError: Cannot read properties of undefined (reading '_currentLOD')
    at e._prepareRenderingManager (https://cdn.babylonjs.com/babylon.js:0:1473870)
    at e.render (https://cdn.babylonjs.com/babylon.js:0:1470701)
    at t._renderToTarget (https://cdn.babylonjs.com/babylon.js:0:944126)
    at t._render (https://cdn.babylonjs.com/babylon.js:0:942773)
    at t.render (https://cdn.babylonjs.com/babylon.js:0:941741)
    at e._renderForCamera (https://cdn.babylonjs.com/babylon.js:0:2917619)
    at e._processSubCameras (https://cdn.babylonjs.com/babylon.js:0:2919674)
    at e.render (https://cdn.babylonjs.com/babylon.js:0:2927939)
    at renderScene (http://localhost:5500/js/graphics.js?v=79:1288:10)
    at animate (http://localhost:5500/js/main.js?v=79:377:2)
[   50479ms] Uncaught TypeError: Cannot read properties of undefined (reading '_currentLOD')
    at e._prepareRenderingManager (https://cdn.babylonjs.com/babylon.js:0:1473870)
    at e.render (https://cdn.babylonjs.com/babylon.js:0:1470701)
    at t._renderToTarget (https://cdn.babylonjs.com/babylon.js:0:944126)
    at t._render (https://cdn.babylonjs.com/babylon.js:0:942773)
    at t.render (https://cdn.babylonjs.com/babylon.js:0:941741)
    at e._renderForCamera (https://cdn.babylonjs.com/babylon.js:0:2917619)
    at e._processSubCameras (https://cdn.babylonjs.com/babylon.js:0:2919674)
    at e.render (https://cdn.babylonjs.com/babylon.js:0:2927939)
    at renderScene (http://localhost:5500/js/graphics.js?v=79:1288:10)
    at animate (http://localhost:5500/js/main.js?v=79:377:2)
[   50511ms] Uncaught TypeError: Cannot read properties of undefined (reading '_currentLOD')
    at e._prepareRenderingManager (https://cdn.babylonjs.com/babylon.js:0:1473870)
    at e.render (https://cdn.babylonjs.com/babylon.js:0:1470701)
    at t._renderToTarget (https://cdn.babylonjs.com/babylon.js:0:944126)
    at t._render (https://cdn.babylonjs.com/babylon.js:0:942773)
    at t.render (https://cdn.babylonjs.com/babylon.js:0:941741)
    at e._renderForCamera (https://cdn.babylonjs.com/babylon.js:0:2917619)
    at e._processSubCameras (https://cdn.babylonjs.com/babylon.js:0:2919674)
    at e.render (https://cdn.babylonjs.com/babylon.js:0:2927939)
    at renderScene (http://localhost:5500/js/graphics.js?v=79:1288:10)
    at animate (http://localhost:5500/js/main.js?v=79:377:2)
[   50545ms] Uncaught TypeError: Cannot read properties of undefined (reading '_currentLOD')
    at e._prepareRenderingManager (https://cdn.babylonjs.com/babylon.js:0:1473870)
    at e.render (https://cdn.babylonjs.com/babylon.js:0:1470701)
    at t._renderToTarget (https://cdn.babylonjs.com/babylon.js:0:944126)
    at t._render (https://cdn.babylonjs.com/babylon.js:0:942773)
    at t.render (https://cdn.babylonjs.com/babylon.js:0:941741)
    at e._renderForCamera (https://cdn.babylonjs.com/babylon.js:0:2917619)
    at e._processSubCameras (https://cdn.babylonjs.com/babylon.js:0:2919674)
    at e.render (https://cdn.babylonjs.com/babylon.js:0:2927939)
    at renderScene (http://localhost:5500/js/graphics.js?v=79:1288:10)
    at animate (http://localhost:5500/js/main.js?v=79:377:2)
[   50578ms] Uncaught TypeError: Cannot read properties of undefined (reading '_currentLOD')
    at e._prepareRenderingManager (https://cdn.babylonjs.com/babylon.js:0:1473870)
    at e.render (https://cdn.babylonjs.com/babylon.js:0:1470701)
    at t._renderToTarget (https://cdn.babylonjs.com/babylon.js:0:944126)
    at t._render (https://cdn.babylonjs.com/babylon.js:0:942773)
    at t.render (https://cdn.babylonjs.com/babylon.js:0:941741)
    at e._renderForCamera (https://cdn.babylonjs.com/babylon.js:0:2917619)
    at e._processSubCameras (https://cdn.babylonjs.com/babylon.js:0:2919674)
    at e.render (https://cdn.babylonjs.com/babylon.js:0:2927939)
    at renderScene (http://localhost:5500/js/graphics.js?v=79:1288:10)
    at animate (http://localhost:5500/js/main.js?v=79:377:2)
[   50614ms] Uncaught TypeError: Cannot read properties of undefined (reading '_currentLOD')
    at e._prepareRenderingManager (https://cdn.babylonjs.com/babylon.js:0:1473870)
    at e.render (https://cdn.babylonjs.com/babylon.js:0:1470701)
    at t._renderToTarget (https://cdn.babylonjs.com/babylon.js:0:944126)
    at t._render (https://cdn.babylonjs.com/babylon.js:0:942773)
    at t.render (https://cdn.babylonjs.com/babylon.js:0:941741)
    at e._renderForCamera (https://cdn.babylonjs.com/babylon.js:0:2917619)
    at e._processSubCameras (https://cdn.babylonjs.com/babylon.js:0:2919674)
    at e.render (https://cdn.babylonjs.com/babylon.js:0:2927939)
    at renderScene (http://localhost:5500/js/graphics.js?v=79:1288:10)
    at animate (http://localhost:5500/js/main.js?v=79:377:2)
[   50644ms] Uncaught TypeError: Cannot read properties of undefined (reading '_currentLOD')
    at e._prepareRenderingManager (https://cdn.babylonjs.com/babylon.js:0:1473870)
    at e.render (https://cdn.babylonjs.com/babylon.js:0:1470701)
    at t._renderToTarget (https://cdn.babylonjs.com/babylon.js:0:944126)
    at t._render (https://cdn.babylonjs.com/babylon.js:0:942773)
    at t.render (https://cdn.babylonjs.com/babylon.js:0:941741)
    at e._renderForCamera (https://cdn.babylonjs.com/babylon.js:0:2917619)
    at e._processSubCameras (https://cdn.babylonjs.com/babylon.js:0:2919674)
    at e.render (https://cdn.babylonjs.com/babylon.js:0:2927939)
    at renderScene (http://localhost:5500/js/graphics.js?v=79:1288:10)
    at animate (http://localhost:5500/js/main.js?v=79:377:2)
[   50677ms] Uncaught TypeError: Cannot read properties of undefined (reading '_currentLOD')
    at e._prepareRenderingManager (https://cdn.babylonjs.com/babylon.js:0:1473870)
    at e.render (https://cdn.babylonjs.com/babylon.js:0:1470701)
    at t._renderToTarget (https://cdn.babylonjs.com/babylon.js:0:944126)
    at t._render (https://cdn.babylonjs.com/babylon.js:0:942773)
    at t.render (https://cdn.babylonjs.com/babylon.js:0:941741)
    at e._renderForCamera (https://cdn.babylonjs.com/babylon.js:0:2917619)
    at e._processSubCameras (https://cdn.babylonjs.com/babylon.js:0:2919674)
    at e.render (https://cdn.babylonjs.com/babylon.js:0:2927939)
    at renderScene (http://localhost:5500/js/graphics.js?v=79:1288:10)
    at animate (http://localhost:5500/js/main.js?v=79:377:2)
[   50711ms] Uncaught TypeError: Cannot read properties of undefined (reading '_currentLOD')
    at e._prepareRenderingManager (https://cdn.babylonjs.com/babylon.js:0:1473870)
    at e.render (https://cdn.babylonjs.com/babylon.js:0:1470701)
    at t._renderToTarget (https://cdn.babylonjs.com/babylon.js:0:944126)
    at t._render (https://cdn.babylonjs.com/babylon.js:0:942773)
    at t.render (https://cdn.babylonjs.com/babylon.js:0:941741)
    at e._renderForCamera (https://cdn.babylonjs.com/babylon.js:0:2917619)
    at e._processSubCameras (https://cdn.babylonjs.com/babylon.js:0:2919674)
    at e.render (https://cdn.babylonjs.com/babylon.js:0:2927939)
    at renderScene (http://localhost:5500/js/graphics.js?v=79:1288:10)
    at animate (http://localhost:5500/js/main.js?v=79:377:2)
[   50744ms] Uncaught TypeError: Cannot read properties of undefined (reading '_currentLOD')
    at e._prepareRenderingManager (https://cdn.babylonjs.com/babylon.js:0:1473870)
    at e.render (https://cdn.babylonjs.com/babylon.js:0:1470701)
    at t._renderToTarget (https://cdn.babylonjs.com/babylon.js:0:944126)
    at t._render (https://cdn.babylonjs.com/babylon.js:0:942773)
    at t.render (https://cdn.babylonjs.com/babylon.js:0:941741)
    at e._renderForCamera (https://cdn.babylonjs.com/babylon.js:0:2917619)
    at e._processSubCameras (https://cdn.babylonjs.com/babylon.js:0:2919674)
    at e.render (https://cdn.babylonjs.com/babylon.js:0:2927939)
    at renderScene (http://localhost:5500/js/graphics.js?v=79:1288:10)
    at animate (http://localhost:5500/js/main.js?v=79:377:2)
[   50778ms] Uncaught TypeError: Cannot read properties of undefined (reading '_currentLOD')
    at e._prepareRenderingManager (https://cdn.babylonjs.com/babylon.js:0:1473870)
    at e.render (https://cdn.babylonjs.com/babylon.js:0:1470701)
    at t._renderToTarget (https://cdn.babylonjs.com/babylon.js:0:944126)
    at t._render (https://cdn.babylonjs.com/babylon.js:0:942773)
    at t.render (https://cdn.babylonjs.com/babylon.js:0:941741)
    at e._renderForCamera (https://cdn.babylonjs.com/babylon.js:0:2917619)
    at e._processSubCameras (https://cdn.babylonjs.com/babylon.js:0:2919674)
    at e.render (https://cdn.babylonjs.com/babylon.js:0:2927939)
    at renderScene (http://localhost:5500/js/graphics.js?v=79:1288:10)
    at animate (http://localhost:5500/js/main.js?v=79:377:2)
[   50812ms] Uncaught TypeError: Cannot read properties of undefined (reading '_currentLOD')
    at e._prepareRenderingManager (https://cdn.babylonjs.com/babylon.js:0:1473870)
    at e.render (https://cdn.babylonjs.com/babylon.js:0:1470701)
    at t._renderToTarget (https://cdn.babylonjs.com/babylon.js:0:944126)
    at t._render (https://cdn.babylonjs.com/babylon.js:0:942773)
    at t.render (https://cdn.babylonjs.com/babylon.js:0:941741)
    at e._renderForCamera (https://cdn.babylonjs.com/babylon.js:0:2917619)
    at e._processSubCameras (https://cdn.babylonjs.com/babylon.js:0:2919674)
    at e.render (https://cdn.babylonjs.com/babylon.js:0:2927939)
    at renderScene (http://localhost:5500/js/graphics.js?v=79:1288:10)
    at animate (http://localhost:5500/js/main.js?v=79:377:2)
[   50845ms] Uncaught TypeError: Cannot read properties of undefined (reading '_currentLOD')
    at e._prepareRenderingManager (https://cdn.babylonjs.com/babylon.js:0:1473870)
    at e.render (https://cdn.babylonjs.com/babylon.js:0:1470701)
    at t._renderToTarget (https://cdn.babylonjs.com/babylon.js:0:944126)
    at t._render (https://cdn.babylonjs.com/babylon.js:0:942773)
    at t.render (https://cdn.babylonjs.com/babylon.js:0:941741)
    at e._renderForCamera (https://cdn.babylonjs.com/babylon.js:0:2917619)
    at e._processSubCameras (https://cdn.babylonjs.com/babylon.js:0:2919674)
    at e.render (https://cdn.babylonjs.com/babylon.js:0:2927939)
    at renderScene (http://localhost:5500/js/graphics.js?v=79:1288:10)
    at animate (http://localhost:5500/js/main.js?v=79:377:2)
[   50879ms] Uncaught TypeError: Cannot read properties of undefined (reading '_currentLOD')
    at e._prepareRenderingManager (https://cdn.babylonjs.com/babylon.js:0:1473870)
    at e.render (https://cdn.babylonjs.com/babylon.js:0:1470701)
    at t._renderToTarget (https://cdn.babylonjs.com/babylon.js:0:944126)
    at t._render (https://cdn.babylonjs.com/babylon.js:0:942773)
    at t.render (https://cdn.babylonjs.com/babylon.js:0:941741)
    at e._renderForCamera (https://cdn.babylonjs.com/babylon.js:0:2917619)
    at e._processSubCameras (https://cdn.babylonjs.com/babylon.js:0:2919674)
    at e.render (https://cdn.babylonjs.com/babylon.js:0:2927939)
    at renderScene (http://localhost:5500/js/graphics.js?v=79:1288:10)
    at animate (http://localhost:5500/js/main.js?v=79:377:2)
[   50911ms] Uncaught TypeError: Cannot read properties of undefined (reading '_currentLOD')
    at e._prepareRenderingManager (https://cdn.babylonjs.com/babylon.js:0:1473870)
    at e.render (https://cdn.babylonjs.com/babylon.js:0:1470701)
    at t._renderToTarget (https://cdn.babylonjs.com/babylon.js:0:944126)
    at t._render (https://cdn.babylonjs.com/babylon.js:0:942773)
    at t.render (https://cdn.babylonjs.com/babylon.js:0:941741)
    at e._renderForCamera (https://cdn.babylonjs.com/babylon.js:0:2917619)
    at e._processSubCameras (https://cdn.babylonjs.com/babylon.js:0:2919674)
    at e.render (https://cdn.babylonjs.com/babylon.js:0:2927939)
    at renderScene (http://localhost:5500/js/graphics.js?v=79:1288:10)
    at animate (http://localhost:5500/js/main.js?v=79:377:2)
[   50944ms] Uncaught TypeError: Cannot read properties of undefined (reading '_currentLOD')
    at e._prepareRenderingManager (https://cdn.babylonjs.com/babylon.js:0:1473870)
    at e.render (https://cdn.babylonjs.com/babylon.js:0:1470701)
    at t._renderToTarget (https://cdn.babylonjs.com/babylon.js:0:944126)
    at t._render (https://cdn.babylonjs.com/babylon.js:0:942773)
    at t.render (https://cdn.babylonjs.com/babylon.js:0:941741)
    at e._renderForCamera (https://cdn.babylonjs.com/babylon.js:0:2917619)
    at e._processSubCameras (https://cdn.babylonjs.com/babylon.js:0:2919674)
    at e.render (https://cdn.babylonjs.com/babylon.js:0:2927939)
    at renderScene (http://localhost:5500/js/graphics.js?v=79:1288:10)
    at animate (http://localhost:5500/js/main.js?v=79:377:2)
[   50980ms] Uncaught TypeError: Cannot read properties of undefined (reading '_currentLOD')
    at e._prepareRenderingManager (https://cdn.babylonjs.com/babylon.js:0:1473870)
    at e.render (https://cdn.babylonjs.com/babylon.js:0:1470701)
    at t._renderToTarget (https://cdn.babylonjs.com/babylon.js:0:944126)
    at t._render (https://cdn.babylonjs.com/babylon.js:0:942773)
    at t.render (https://cdn.babylonjs.com/babylon.js:0:941741)
    at e._renderForCamera (https://cdn.babylonjs.com/babylon.js:0:2917619)
    at e._processSubCameras (https://cdn.babylonjs.com/babylon.js:0:2919674)
    at e.render (https://cdn.babylonjs.com/babylon.js:0:2927939)
    at renderScene (http://localhost:5500/js/graphics.js?v=79:1288:10)
    at animate (http://localhost:5500/js/main.js?v=79:377:2)
[   51014ms] Uncaught TypeError: Cannot read properties of undefined (reading '_currentLOD')
    at e._prepareRenderingManager (https://cdn.babylonjs.com/babylon.js:0:1473870)
    at e.render (https://cdn.babylonjs.com/babylon.js:0:1470701)
    at t._renderToTarget (https://cdn.babylonjs.com/babylon.js:0:944126)
    at t._render (https://cdn.babylonjs.com/babylon.js:0:942773)
    at t.render (https://cdn.babylonjs.com/babylon.js:0:941741)
    at e._renderForCamera (https://cdn.babylonjs.com/babylon.js:0:2917619)
    at e._processSubCameras (https://cdn.babylonjs.com/babylon.js:0:2919674)
    at e.render (https://cdn.babylonjs.com/babylon.js:0:2927939)
    at renderScene (http://localhost:5500/js/graphics.js?v=79:1288:10)
    at animate (http://localhost:5500/js/main.js?v=79:377:2)
[   51049ms] Uncaught TypeError: Cannot read properties of undefined (reading '_currentLOD')
    at e._prepareRenderingManager (https://cdn.babylonjs.com/babylon.js:0:1473870)
    at e.render (https://cdn.babylonjs.com/babylon.js:0:1470701)
    at t._renderToTarget (https://cdn.babylonjs.com/babylon.js:0:944126)
    at t._render (https://cdn.babylonjs.com/babylon.js:0:942773)
    at t.render (https://cdn.babylonjs.com/babylon.js:0:941741)
    at e._renderForCamera (https://cdn.babylonjs.com/babylon.js:0:2917619)
    at e._processSubCameras (https://cdn.babylonjs.com/babylon.js:0:2919674)
    at e.render (https://cdn.babylonjs.com/babylon.js:0:2927939)
    at renderScene (http://localhost:5500/js/graphics.js?v=79:1288:10)
    at animate (http://localhost:5500/js/main.js?v=79:377:2)
[   51081ms] Uncaught TypeError: Cannot read properties of undefined (reading '_currentLOD')
    at e._prepareRenderingManager (https://cdn.babylonjs.com/babylon.js:0:1473870)
    at e.render (https://cdn.babylonjs.com/babylon.js:0:1470701)
    at t._renderToTarget (https://cdn.babylonjs.com/babylon.js:0:944126)
    at t._render (https://cdn.babylonjs.com/babylon.js:0:942773)
    at t.render (https://cdn.babylonjs.com/babylon.js:0:941741)
    at e._renderForCamera (https://cdn.babylonjs.com/babylon.js:0:2917619)
    at e._processSubCameras (https://cdn.babylonjs.com/babylon.js:0:2919674)
    at e.render (https://cdn.babylonjs.com/babylon.js:0:2927939)
    at renderScene (http://localhost:5500/js/graphics.js?v=79:1288:10)
    at animate (http://localhost:5500/js/main.js?v=79:377:2)
[   51249ms] Uncaught TypeError: Cannot read properties of undefined (reading '_currentLOD')
    at e._prepareRenderingManager (https://cdn.babylonjs.com/babylon.js:0:1473870)
    at e.render (https://cdn.babylonjs.com/babylon.js:0:1470701)
    at t._renderToTarget (https://cdn.babylonjs.com/babylon.js:0:944126)
    at t._render (https://cdn.babylonjs.com/babylon.js:0:942773)
    at t.render (https://cdn.babylonjs.com/babylon.js:0:941741)
    at e._renderForCamera (https://cdn.babylonjs.com/babylon.js:0:2917619)
    at e._processSubCameras (https://cdn.babylonjs.com/babylon.js:0:2919674)
    at e.render (https://cdn.babylonjs.com/babylon.js:0:2927939)
    at renderScene (http://localhost:5500/js/graphics.js?v=79:1288:10)
    at animate (http://localhost:5500/js/main.js?v=79:377:2)
[   51284ms] Uncaught TypeError: Cannot read properties of undefined (reading '_currentLOD')
    at e._prepareRenderingManager (https://cdn.babylonjs.com/babylon.js:0:1473870)
    at e.render (https://cdn.babylonjs.com/babylon.js:0:1470701)
    at t._renderToTarget (https://cdn.babylonjs.com/babylon.js:0:944126)
    at t._render (https://cdn.babylonjs.com/babylon.js:0:942773)
    at t.render (https://cdn.babylonjs.com/babylon.js:0:941741)
    at e._renderForCamera (https://cdn.babylonjs.com/babylon.js:0:2917619)
    at e._processSubCameras (https://cdn.babylonjs.com/babylon.js:0:2919674)
    at e.render (https://cdn.babylonjs.com/babylon.js:0:2927939)
    at renderScene (http://localhost:5500/js/graphics.js?v=79:1288:10)
    at animate (http://localhost:5500/js/main.js?v=79:377:2)
[   51316ms] Uncaught TypeError: Cannot read properties of undefined (reading '_currentLOD')
    at e._prepareRenderingManager (https://cdn.babylonjs.com/babylon.js:0:1473870)
    at e.render (https://cdn.babylonjs.com/babylon.js:0:1470701)
    at t._renderToTarget (https://cdn.babylonjs.com/babylon.js:0:944126)
    at t._render (https://cdn.babylonjs.com/babylon.js:0:942773)
    at t.render (https://cdn.babylonjs.com/babylon.js:0:941741)
    at e._renderForCamera (https://cdn.babylonjs.com/babylon.js:0:2917619)
    at e._processSubCameras (https://cdn.babylonjs.com/babylon.js:0:2919674)
    at e.render (https://cdn.babylonjs.com/babylon.js:0:2927939)
    at renderScene (http://localhost:5500/js/graphics.js?v=79:1288:10)
    at animate (http://localhost:5500/js/main.js?v=79:377:2)
[   51352ms] Uncaught TypeError: Cannot read properties of undefined (reading '_currentLOD')
    at e._prepareRenderingManager (https://cdn.babylonjs.com/babylon.js:0:1473870)
    at e.render (https://cdn.babylonjs.com/babylon.js:0:1470701)
    at t._renderToTarget (https://cdn.babylonjs.com/babylon.js:0:944126)
    at t._render (https://cdn.babylonjs.com/babylon.js:0:942773)
    at t.render (https://cdn.babylonjs.com/babylon.js:0:941741)
    at e._renderForCamera (https://cdn.babylonjs.com/babylon.js:0:2917619)
    at e._processSubCameras (https://cdn.babylonjs.com/babylon.js:0:2919674)
    at e.render (https://cdn.babylonjs.com/babylon.js:0:2927939)
    at renderScene (http://localhost:5500/js/graphics.js?v=79:1288:10)
    at animate (http://localhost:5500/js/main.js?v=79:377:2)
[   51383ms] Uncaught TypeError: Cannot read properties of undefined (reading '_currentLOD')
    at e._prepareRenderingManager (https://cdn.babylonjs.com/babylon.js:0:1473870)
    at e.render (https://cdn.babylonjs.com/babylon.js:0:1470701)
    at t._renderToTarget (https://cdn.babylonjs.com/babylon.js:0:944126)
    at t._render (https://cdn.babylonjs.com/babylon.js:0:942773)
    at t.render (https://cdn.babylonjs.com/babylon.js:0:941741)
    at e._renderForCamera (https://cdn.babylonjs.com/babylon.js:0:2917619)
    at e._processSubCameras (https://cdn.babylonjs.com/babylon.js:0:2919674)
    at e.render (https://cdn.babylonjs.com/babylon.js:0:2927939)
    at renderScene (http://localhost:5500/js/graphics.js?v=79:1288:10)
    at animate (http://localhost:5500/js/main.js?v=79:377:2)
[   51416ms] Uncaught TypeError: Cannot read properties of undefined (reading '_currentLOD')
    at e._prepareRenderingManager (https://cdn.babylonjs.com/babylon.js:0:1473870)
    at e.render (https://cdn.babylonjs.com/babylon.js:0:1470701)
    at t._renderToTarget (https://cdn.babylonjs.com/babylon.js:0:944126)
    at t._render (https://cdn.babylonjs.com/babylon.js:0:942773)
    at t.render (https://cdn.babylonjs.com/babylon.js:0:941741)
    at e._renderForCamera (https://cdn.babylonjs.com/babylon.js:0:2917619)
    at e._processSubCameras (https://cdn.babylonjs.com/babylon.js:0:2919674)
    at e.render (https://cdn.babylonjs.com/babylon.js:0:2927939)
    at renderScene (http://localhost:5500/js/graphics.js?v=79:1288:10)
    at animate (http://localhost:5500/js/main.js?v=79:377:2)
[   51447ms] Uncaught TypeError: Cannot read properties of undefined (reading '_currentLOD')
    at e._prepareRenderingManager (https://cdn.babylonjs.com/babylon.js:0:1473870)
    at e.render (https://cdn.babylonjs.com/babylon.js:0:1470701)
    at t._renderToTarget (https://cdn.babylonjs.com/babylon.js:0:944126)
    at t._render (https://cdn.babylonjs.com/babylon.js:0:942773)
    at t.render (https://cdn.babylonjs.com/babylon.js:0:941741)
    at e._renderForCamera (https://cdn.babylonjs.com/babylon.js:0:2917619)
    at e._processSubCameras (https://cdn.babylonjs.com/babylon.js:0:2919674)
    at e.render (https://cdn.babylonjs.com/babylon.js:0:2927939)
    at renderScene (http://localhost:5500/js/graphics.js?v=79:1288:10)
    at animate (http://localhost:5500/js/main.js?v=79:377:2)
[   52451ms] Uncaught TypeError: Cannot read properties of undefined (reading '_currentLOD')
    at e._prepareRenderingManager (https://cdn.babylonjs.com/babylon.js:0:1473870)
    at e.render (https://cdn.babylonjs.com/babylon.js:0:1470701)
    at t._renderToTarget (https://cdn.babylonjs.com/babylon.js:0:944126)
    at t._render (https://cdn.babylonjs.com/babylon.js:0:942773)
    at t.render (https://cdn.babylonjs.com/babylon.js:0:941741)
    at e._renderForCamera (https://cdn.babylonjs.com/babylon.js:0:2917619)
    at e._processSubCameras (https://cdn.babylonjs.com/babylon.js:0:2919674)
    at e.render (https://cdn.babylonjs.com/babylon.js:0:2927939)
    at renderScene (http://localhost:5500/js/graphics.js?v=79:1288:10)
    at animate (http://localhost:5500/js/main.js?v=79:377:2)
[   53467ms] Uncaught TypeError: Cannot read properties of undefined (reading '_currentLOD')
    at e._prepareRenderingManager (https://cdn.babylonjs.com/babylon.js:0:1473870)
    at e.render (https://cdn.babylonjs.com/babylon.js:0:1470701)
    at t._renderToTarget (https://cdn.babylonjs.com/babylon.js:0:944126)
    at t._render (https://cdn.babylonjs.com/babylon.js:0:942773)
    at t.render (https://cdn.babylonjs.com/babylon.js:0:941741)
    at e._renderForCamera (https://cdn.babylonjs.com/babylon.js:0:2917619)
    at e._processSubCameras (https://cdn.babylonjs.com/babylon.js:0:2919674)
    at e.render (https://cdn.babylonjs.com/babylon.js:0:2927939)
    at renderScene (http://localhost:5500/js/graphics.js?v=79:1288:10)
    at animate (http://localhost:5500/js/main.js?v=79:377:2)
[   54267ms] Uncaught TypeError: Cannot read properties of undefined (reading '_currentLOD')
    at e._prepareRenderingManager (https://cdn.babylonjs.com/babylon.js:0:1473870)
    at e.render (https://cdn.babylonjs.com/babylon.js:0:1470701)
    at t._renderToTarget (https://cdn.babylonjs.com/babylon.js:0:944126)
    at t._render (https://cdn.babylonjs.com/babylon.js:0:942773)
    at t.render (https://cdn.babylonjs.com/babylon.js:0:941741)
    at e._renderForCamera (https://cdn.babylonjs.com/babylon.js:0:2917619)
    at e._processSubCameras (https://cdn.babylonjs.com/babylon.js:0:2919674)
    at e.render (https://cdn.babylonjs.com/babylon.js:0:2927939)
    at renderScene (http://localhost:5500/js/graphics.js?v=79:1288:10)
    at animate (http://localhost:5500/js/main.js?v=79:377:2)
[   54299ms] Uncaught TypeError: Cannot read properties of undefined (reading '_currentLOD')
    at e._prepareRenderingManager (https://cdn.babylonjs.com/babylon.js:0:1473870)
    at e.render (https://cdn.babylonjs.com/babylon.js:0:1470701)
    at t._renderToTarget (https://cdn.babylonjs.com/babylon.js:0:944126)
    at t._render (https://cdn.babylonjs.com/babylon.js:0:942773)
    at t.render (https://cdn.babylonjs.com/babylon.js:0:941741)
    at e._renderForCamera (https://cdn.babylonjs.com/babylon.js:0:2917619)
    at e._processSubCameras (https://cdn.babylonjs.com/babylon.js:0:2919674)
    at e.render (https://cdn.babylonjs.com/babylon.js:0:2927939)
    at renderScene (http://localhost:5500/js/graphics.js?v=79:1288:10)
    at animate (http://localhost:5500/js/main.js?v=79:377:2)
[   54333ms] Uncaught TypeError: Cannot read properties of undefined (reading '_currentLOD')
    at e._prepareRenderingManager (https://cdn.babylonjs.com/babylon.js:0:1473870)
    at e.render (https://cdn.babylonjs.com/babylon.js:0:1470701)
    at t._renderToTarget (https://cdn.babylonjs.com/babylon.js:0:944126)
    at t._render (https://cdn.babylonjs.com/babylon.js:0:942773)
    at t.render (https://cdn.babylonjs.com/babylon.js:0:941741)
    at e._renderForCamera (https://cdn.babylonjs.com/babylon.js:0:2917619)
    at e._processSubCameras (https://cdn.babylonjs.com/babylon.js:0:2919674)
    at e.render (https://cdn.babylonjs.com/babylon.js:0:2927939)
    at renderScene (http://localhost:5500/js/graphics.js?v=79:1288:10)
    at animate (http://localhost:5500/js/main.js?v=79:377:2)
[   54390ms] Uncaught TypeError: Cannot read properties of undefined (reading '_currentLOD')
    at e._prepareRenderingManager (https://cdn.babylonjs.com/babylon.js:0:1473870)
    at e.render (https://cdn.babylonjs.com/babylon.js:0:1470701)
    at t._renderToTarget (https://cdn.babylonjs.com/babylon.js:0:944126)
    at t._render (https://cdn.babylonjs.com/babylon.js:0:942773)
    at t.render (https://cdn.babylonjs.com/babylon.js:0:941741)
    at e._renderForCamera (https://cdn.babylonjs.com/babylon.js:0:2917619)
    at e._processSubCameras (https://cdn.babylonjs.com/babylon.js:0:2919674)
    at e.render (https://cdn.babylonjs.com/babylon.js:0:2927939)
    at renderScene (http://localhost:5500/js/graphics.js?v=79:1288:10)
    at animate (http://localhost:5500/js/main.js?v=79:377:2)
[   54421ms] Uncaught TypeError: Cannot read properties of undefined (reading '_currentLOD')
    at e._prepareRenderingManager (https://cdn.babylonjs.com/babylon.js:0:1473870)
    at e.render (https://cdn.babylonjs.com/babylon.js:0:1470701)
    at t._renderToTarget (https://cdn.babylonjs.com/babylon.js:0:944126)
    at t._render (https://cdn.babylonjs.com/babylon.js:0:942773)
    at t.render (https://cdn.babylonjs.com/babylon.js:0:941741)
    at e._renderForCamera (https://cdn.babylonjs.com/babylon.js:0:2917619)
    at e._processSubCameras (https://cdn.babylonjs.com/babylon.js:0:2919674)
    at e.render (https://cdn.babylonjs.com/babylon.js:0:2927939)
    at renderScene (http://localhost:5500/js/graphics.js?v=79:1288:10)
    at animate (http://localhost:5500/js/main.js?v=79:377:2)
[   54459ms] Uncaught TypeError: Cannot read properties of undefined (reading '_currentLOD')
    at e._prepareRenderingManager (https://cdn.babylonjs.com/babylon.js:0:1473870)
    at e.render (https://cdn.babylonjs.com/babylon.js:0:1470701)
    at t._renderToTarget (https://cdn.babylonjs.com/babylon.js:0:944126)
    at t._render (https://cdn.babylonjs.com/babylon.js:0:942773)
    at t.render (https://cdn.babylonjs.com/babylon.js:0:941741)
    at e._renderForCamera (https://cdn.babylonjs.com/babylon.js:0:2917619)
    at e._processSubCameras (https://cdn.babylonjs.com/babylon.js:0:2919674)
    at e.render (https://cdn.babylonjs.com/babylon.js:0:2927939)
    at renderScene (http://localhost:5500/js/graphics.js?v=79:1288:10)
    at animate (http://localhost:5500/js/main.js?v=79:377:2)
[   54482ms] Uncaught TypeError: Cannot read properties of undefined (reading '_currentLOD')
    at e._prepareRenderingManager (https://cdn.babylonjs.com/babylon.js:0:1473870)
    at e.render (https://cdn.babylonjs.com/babylon.js:0:1470701)
    at t._renderToTarget (https://cdn.babylonjs.com/babylon.js:0:944126)
    at t._render (https://cdn.babylonjs.com/babylon.js:0:942773)
    at t.render (https://cdn.babylonjs.com/babylon.js:0:941741)
    at e._renderForCamera (https://cdn.babylonjs.com/babylon.js:0:2917619)
    at e._processSubCameras (https://cdn.babylonjs.com/babylon.js:0:2919674)
    at e.render (https://cdn.babylonjs.com/babylon.js:0:2927939)
    at renderScene (http://localhost:5500/js/graphics.js?v=79:1288:10)
    at animate (http://localhost:5500/js/main.js?v=79:377:2)
[   54519ms] Uncaught TypeError: Cannot read properties of undefined (reading '_currentLOD')
    at e._prepareRenderingManager (https://cdn.babylonjs.com/babylon.js:0:1473870)
    at e.render (https://cdn.babylonjs.com/babylon.js:0:1470701)
    at t._renderToTarget (https://cdn.babylonjs.com/babylon.js:0:944126)
    at t._render (https://cdn.babylonjs.com/babylon.js:0:942773)
    at t.render (https://cdn.babylonjs.com/babylon.js:0:941741)
    at e._renderForCamera (https://cdn.babylonjs.com/babylon.js:0:2917619)
    at e._processSubCameras (https://cdn.babylonjs.com/babylon.js:0:2919674)
    at e.render (https://cdn.babylonjs.com/babylon.js:0:2927939)
    at renderScene (http://localhost:5500/js/graphics.js?v=79:1288:10)
    at animate (http://localhost:5500/js/main.js?v=79:377:2)
[   54548ms] Uncaught TypeError: Cannot read properties of undefined (reading '_currentLOD')
    at e._prepareRenderingManager (https://cdn.babylonjs.com/babylon.js:0:1473870)
    at e.render (https://cdn.babylonjs.com/babylon.js:0:1470701)
    at t._renderToTarget (https://cdn.babylonjs.com/babylon.js:0:944126)
    at t._render (https://cdn.babylonjs.com/babylon.js:0:942773)
    at t.render (https://cdn.babylonjs.com/babylon.js:0:941741)
    at e._renderForCamera (https://cdn.babylonjs.com/babylon.js:0:2917619)
    at e._processSubCameras (https://cdn.babylonjs.com/babylon.js:0:2919674)
    at e.render (https://cdn.babylonjs.com/babylon.js:0:2927939)
    at renderScene (http://localhost:5500/js/graphics.js?v=79:1288:10)
    at animate (http://localhost:5500/js/main.js?v=79:377:2)
[   54585ms] Uncaught TypeError: Cannot read properties of undefined (reading '_currentLOD')
    at e._prepareRenderingManager (https://cdn.babylonjs.com/babylon.js:0:1473870)
    at e.render (https://cdn.babylonjs.com/babylon.js:0:1470701)
    at t._renderToTarget (https://cdn.babylonjs.com/babylon.js:0:944126)
    at t._render (https://cdn.babylonjs.com/babylon.js:0:942773)
    at t.render (https://cdn.babylonjs.com/babylon.js:0:941741)
    at e._renderForCamera (https://cdn.babylonjs.com/babylon.js:0:2917619)
    at e._processSubCameras (https://cdn.babylonjs.com/babylon.js:0:2919674)
    at e.render (https://cdn.babylonjs.com/babylon.js:0:2927939)
    at renderScene (http://localhost:5500/js/graphics.js?v=79:1288:10)
    at animate (http://localhost:5500/js/main.js?v=79:377:2)
[   54615ms] Uncaught TypeError: Cannot read properties of undefined (reading '_currentLOD')
    at e._prepareRenderingManager (https://cdn.babylonjs.com/babylon.js:0:1473870)
    at e.render (https://cdn.babylonjs.com/babylon.js:0:1470701)
    at t._renderToTarget (https://cdn.babylonjs.com/babylon.js:0:944126)
    at t._render (https://cdn.babylonjs.com/babylon.js:0:942773)
    at t.render (https://cdn.babylonjs.com/babylon.js:0:941741)
    at e._renderForCamera (https://cdn.babylonjs.com/babylon.js:0:2917619)
    at e._processSubCameras (https://cdn.babylonjs.com/babylon.js:0:2919674)
    at e.render (https://cdn.babylonjs.com/babylon.js:0:2927939)
    at renderScene (http://localhost:5500/js/graphics.js?v=79:1288:10)
    at animate (http://localhost:5500/js/main.js?v=79:377:2)
[   54649ms] Uncaught TypeError: Cannot read properties of undefined (reading '_currentLOD')
    at e._prepareRenderingManager (https://cdn.babylonjs.com/babylon.js:0:1473870)
    at e.render (https://cdn.babylonjs.com/babylon.js:0:1470701)
    at t._renderToTarget (https://cdn.babylonjs.com/babylon.js:0:944126)
    at t._render (https://cdn.babylonjs.com/babylon.js:0:942773)
    at t.render (https://cdn.babylonjs.com/babylon.js:0:941741)
    at e._renderForCamera (https://cdn.babylonjs.com/babylon.js:0:2917619)
    at e._processSubCameras (https://cdn.babylonjs.com/babylon.js:0:2919674)
    at e.render (https://cdn.babylonjs.com/babylon.js:0:2927939)
    at renderScene (http://localhost:5500/js/graphics.js?v=79:1288:10)
    at animate (http://localhost:5500/js/main.js?v=79:377:2)
[   54683ms] Uncaught TypeError: Cannot read properties of undefined (reading '_currentLOD')
    at e._prepareRenderingManager (https://cdn.babylonjs.com/babylon.js:0:1473870)
    at e.render (https://cdn.babylonjs.com/babylon.js:0:1470701)
    at t._renderToTarget (https://cdn.babylonjs.com/babylon.js:0:944126)
    at t._render (https://cdn.babylonjs.com/babylon.js:0:942773)
    at t.render (https://cdn.babylonjs.com/babylon.js:0:941741)
    at e._renderForCamera (https://cdn.babylonjs.com/babylon.js:0:2917619)
    at e._processSubCameras (https://cdn.babylonjs.com/babylon.js:0:2919674)
    at e.render (https://cdn.babylonjs.com/babylon.js:0:2927939)
    at renderScene (http://localhost:5500/js/graphics.js?v=79:1288:10)
    at animate (http://localhost:5500/js/main.js?v=79:377:2)
[   54717ms] Uncaught TypeError: Cannot read properties of undefined (reading '_currentLOD')
    at e._prepareRenderingManager (https://cdn.babylonjs.com/babylon.js:0:1473870)
    at e.render (https://cdn.babylonjs.com/babylon.js:0:1470701)
    at t._renderToTarget (https://cdn.babylonjs.com/babylon.js:0:944126)
    at t._render (https://cdn.babylonjs.com/babylon.js:0:942773)
    at t.render (https://cdn.babylonjs.com/babylon.js:0:941741)
    at e._renderForCamera (https://cdn.babylonjs.com/babylon.js:0:2917619)
    at e._processSubCameras (https://cdn.babylonjs.com/babylon.js:0:2919674)
    at e.render (https://cdn.babylonjs.com/babylon.js:0:2927939)
    at renderScene (http://localhost:5500/js/graphics.js?v=79:1288:10)
    at animate (http://localhost:5500/js/main.js?v=79:377:2)
[   54750ms] Uncaught TypeError: Cannot read properties of undefined (reading '_currentLOD')
    at e._prepareRenderingManager (https://cdn.babylonjs.com/babylon.js:0:1473870)
    at e.render (https://cdn.babylonjs.com/babylon.js:0:1470701)
    at t._renderToTarget (https://cdn.babylonjs.com/babylon.js:0:944126)
    at t._render (https://cdn.babylonjs.com/babylon.js:0:942773)
    at t.render (https://cdn.babylonjs.com/babylon.js:0:941741)
    at e._renderForCamera (https://cdn.babylonjs.com/babylon.js:0:2917619)
    at e._processSubCameras (https://cdn.babylonjs.com/babylon.js:0:2919674)
    at e.render (https://cdn.babylonjs.com/babylon.js:0:2927939)
    at renderScene (http://localhost:5500/js/graphics.js?v=79:1288:10)
    at animate (http://localhost:5500/js/main.js?v=79:377:2)
[   54784ms] Uncaught TypeError: Cannot read properties of undefined (reading '_currentLOD')
    at e._prepareRenderingManager (https://cdn.babylonjs.com/babylon.js:0:1473870)
    at e.render (https://cdn.babylonjs.com/babylon.js:0:1470701)
    at t._renderToTarget (https://cdn.babylonjs.com/babylon.js:0:944126)
    at t._render (https://cdn.babylonjs.com/babylon.js:0:942773)
    at t.render (https://cdn.babylonjs.com/babylon.js:0:941741)
    at e._renderForCamera (https://cdn.babylonjs.com/babylon.js:0:2917619)
    at e._processSubCameras (https://cdn.babylonjs.com/babylon.js:0:2919674)
    at e.render (https://cdn.babylonjs.com/babylon.js:0:2927939)
    at renderScene (http://localhost:5500/js/graphics.js?v=79:1288:10)
    at animate (http://localhost:5500/js/main.js?v=79:377:2)
[   54817ms] Uncaught TypeError: Cannot read properties of undefined (reading '_currentLOD')
    at e._prepareRenderingManager (https://cdn.babylonjs.com/babylon.js:0:1473870)
    at e.render (https://cdn.babylonjs.com/babylon.js:0:1470701)
    at t._renderToTarget (https://cdn.babylonjs.com/babylon.js:0:944126)
    at t._render (https://cdn.babylonjs.com/babylon.js:0:942773)
    at t.render (https://cdn.babylonjs.com/babylon.js:0:941741)
    at e._renderForCamera (https://cdn.babylonjs.com/babylon.js:0:2917619)
    at e._processSubCameras (https://cdn.babylonjs.com/babylon.js:0:2919674)
    at e.render (https://cdn.babylonjs.com/babylon.js:0:2927939)
    at renderScene (http://localhost:5500/js/graphics.js?v=79:1288:10)
    at animate (http://localhost:5500/js/main.js?v=79:377:2)
[   54848ms] Uncaught TypeError: Cannot read properties of undefined (reading '_currentLOD')
    at e._prepareRenderingManager (https://cdn.babylonjs.com/babylon.js:0:1473870)
    at e.render (https://cdn.babylonjs.com/babylon.js:0:1470701)
    at t._renderToTarget (https://cdn.babylonjs.com/babylon.js:0:944126)
    at t._render (https://cdn.babylonjs.com/babylon.js:0:942773)
    at t.render (https://cdn.babylonjs.com/babylon.js:0:941741)
    at e._renderForCamera (https://cdn.babylonjs.com/babylon.js:0:2917619)
    at e._processSubCameras (https://cdn.babylonjs.com/babylon.js:0:2919674)
    at e.render (https://cdn.babylonjs.com/babylon.js:0:2927939)
    at renderScene (http://localhost:5500/js/graphics.js?v=79:1288:10)
    at animate (http://localhost:5500/js/main.js?v=79:377:2)
[   54882ms] Uncaught TypeError: Cannot read properties of undefined (reading '_currentLOD')
    at e._prepareRenderingManager (https://cdn.babylonjs.com/babylon.js:0:1473870)
    at e.render (https://cdn.babylonjs.com/babylon.js:0:1470701)
    at t._renderToTarget (https://cdn.babylonjs.com/babylon.js:0:944126)
    at t._render (https://cdn.babylonjs.com/babylon.js:0:942773)
    at t.render (https://cdn.babylonjs.com/babylon.js:0:941741)
    at e._renderForCamera (https://cdn.babylonjs.com/babylon.js:0:2917619)
    at e._processSubCameras (https://cdn.babylonjs.com/babylon.js:0:2919674)
    at e.render (https://cdn.babylonjs.com/babylon.js:0:2927939)
    at renderScene (http://localhost:5500/js/graphics.js?v=79:1288:10)
    at animate (http://localhost:5500/js/main.js?v=79:377:2)
[   54917ms] Uncaught TypeError: Cannot read properties of undefined (reading '_currentLOD')
    at e._prepareRenderingManager (https://cdn.babylonjs.com/babylon.js:0:1473870)
    at e.render (https://cdn.babylonjs.com/babylon.js:0:1470701)
    at t._renderToTarget (https://cdn.babylonjs.com/babylon.js:0:944126)
    at t._render (https://cdn.babylonjs.com/babylon.js:0:942773)
    at t.render (https://cdn.babylonjs.com/babylon.js:0:941741)
    at e._renderForCamera (https://cdn.babylonjs.com/babylon.js:0:2917619)
    at e._processSubCameras (https://cdn.babylonjs.com/babylon.js:0:2919674)
    at e.render (https://cdn.babylonjs.com/babylon.js:0:2927939)
    at renderScene (http://localhost:5500/js/graphics.js?v=79:1288:10)
    at animate (http://localhost:5500/js/main.js?v=79:377:2)
[   54950ms] Uncaught TypeError: Cannot read properties of undefined (reading '_currentLOD')
    at e._prepareRenderingManager (https://cdn.babylonjs.com/babylon.js:0:1473870)
    at e.render (https://cdn.babylonjs.com/babylon.js:0:1470701)
    at t._renderToTarget (https://cdn.babylonjs.com/babylon.js:0:944126)
    at t._render (https://cdn.babylonjs.com/babylon.js:0:942773)
    at t.render (https://cdn.babylonjs.com/babylon.js:0:941741)
    at e._renderForCamera (https://cdn.babylonjs.com/babylon.js:0:2917619)
    at e._processSubCameras (https://cdn.babylonjs.com/babylon.js:0:2919674)
    at e.render (https://cdn.babylonjs.com/babylon.js:0:2927939)
    at renderScene (http://localhost:5500/js/graphics.js?v=79:1288:10)
    at animate (http://localhost:5500/js/main.js?v=79:377:2)
[   54985ms] Uncaught TypeError: Cannot read properties of undefined (reading '_currentLOD')
    at e._prepareRenderingManager (https://cdn.babylonjs.com/babylon.js:0:1473870)
    at e.render (https://cdn.babylonjs.com/babylon.js:0:1470701)
    at t._renderToTarget (https://cdn.babylonjs.com/babylon.js:0:944126)
    at t._render (https://cdn.babylonjs.com/babylon.js:0:942773)
    at t.render (https://cdn.babylonjs.com/babylon.js:0:941741)
    at e._renderForCamera (https://cdn.babylonjs.com/babylon.js:0:2917619)
    at e._processSubCameras (https://cdn.babylonjs.com/babylon.js:0:2919674)
    at e.render (https://cdn.babylonjs.com/babylon.js:0:2927939)
    at renderScene (http://localhost:5500/js/graphics.js?v=79:1288:10)
    at animate (http://localhost:5500/js/main.js?v=79:377:2)
[   55016ms] Uncaught TypeError: Cannot read properties of undefined (reading '_currentLOD')
    at e._prepareRenderingManager (https://cdn.babylonjs.com/babylon.js:0:1473870)
    at e.render (https://cdn.babylonjs.com/babylon.js:0:1470701)
    at t._renderToTarget (https://cdn.babylonjs.com/babylon.js:0:944126)
    at t._render (https://cdn.babylonjs.com/babylon.js:0:942773)
    at t.render (https://cdn.babylonjs.com/babylon.js:0:941741)
    at e._renderForCamera (https://cdn.babylonjs.com/babylon.js:0:2917619)
    at e._processSubCameras (https://cdn.babylonjs.com/babylon.js:0:2919674)
    at e.render (https://cdn.babylonjs.com/babylon.js:0:2927939)
    at renderScene (http://localhost:5500/js/graphics.js?v=79:1288:10)
    at animate (http://localhost:5500/js/main.js?v=79:377:2)
[   55049ms] Uncaught TypeError: Cannot read properties of undefined (reading '_currentLOD')
    at e._prepareRenderingManager (https://cdn.babylonjs.com/babylon.js:0:1473870)
    at e.render (https://cdn.babylonjs.com/babylon.js:0:1470701)
    at t._renderToTarget (https://cdn.babylonjs.com/babylon.js:0:944126)
    at t._render (https://cdn.babylonjs.com/babylon.js:0:942773)
    at t.render (https://cdn.babylonjs.com/babylon.js:0:941741)
    at e._renderForCamera (https://cdn.babylonjs.com/babylon.js:0:2917619)
    at e._processSubCameras (https://cdn.babylonjs.com/babylon.js:0:2919674)
    at e.render (https://cdn.babylonjs.com/babylon.js:0:2927939)
    at renderScene (http://localhost:5500/js/graphics.js?v=79:1288:10)
    at animate (http://localhost:5500/js/main.js?v=79:377:2)
[   55081ms] Uncaught TypeError: Cannot read properties of undefined (reading '_currentLOD')
    at e._prepareRenderingManager (https://cdn.babylonjs.com/babylon.js:0:1473870)
    at e.render (https://cdn.babylonjs.com/babylon.js:0:1470701)
    at t._renderToTarget (https://cdn.babylonjs.com/babylon.js:0:944126)
    at t._render (https://cdn.babylonjs.com/babylon.js:0:942773)
    at t.render (https://cdn.babylonjs.com/babylon.js:0:941741)
    at e._renderForCamera (https://cdn.babylonjs.com/babylon.js:0:2917619)
    at e._processSubCameras (https://cdn.babylonjs.com/babylon.js:0:2919674)
    at e.render (https://cdn.babylonjs.com/babylon.js:0:2927939)
    at renderScene (http://localhost:5500/js/graphics.js?v=79:1288:10)
    at animate (http://localhost:5500/js/main.js?v=79:377:2)
[   55115ms] Uncaught TypeError: Cannot read properties of undefined (reading '_currentLOD')
    at e._prepareRenderingManager (https://cdn.babylonjs.com/babylon.js:0:1473870)
    at e.render (https://cdn.babylonjs.com/babylon.js:0:1470701)
    at t._renderToTarget (https://cdn.babylonjs.com/babylon.js:0:944126)
    at t._render (https://cdn.babylonjs.com/babylon.js:0:942773)
    at t.render (https://cdn.babylonjs.com/babylon.js:0:941741)
    at e._renderForCamera (https://cdn.babylonjs.com/babylon.js:0:2917619)
    at e._processSubCameras (https://cdn.babylonjs.com/babylon.js:0:2919674)
    at e.render (https://cdn.babylonjs.com/babylon.js:0:2927939)
    at renderScene (http://localhost:5500/js/graphics.js?v=79:1288:10)
    at animate (http://localhost:5500/js/main.js?v=79:377:2)
[   55149ms] Uncaught TypeError: Cannot read properties of undefined (reading '_currentLOD')
    at e._prepareRenderingManager (https://cdn.babylonjs.com/babylon.js:0:1473870)
    at e.render (https://cdn.babylonjs.com/babylon.js:0:1470701)
    at t._renderToTarget (https://cdn.babylonjs.com/babylon.js:0:944126)
    at t._render (https://cdn.babylonjs.com/babylon.js:0:942773)
    at t.render (https://cdn.babylonjs.com/babylon.js:0:941741)
    at e._renderForCamera (https://cdn.babylonjs.com/babylon.js:0:2917619)
    at e._processSubCameras (https://cdn.babylonjs.com/babylon.js:0:2919674)
    at e.render (https://cdn.babylonjs.com/babylon.js:0:2927939)
    at renderScene (http://localhost:5500/js/graphics.js?v=79:1288:10)
    at animate (http://localhost:5500/js/main.js?v=79:377:2)
[   55182ms] Uncaught TypeError: Cannot read properties of undefined (reading '_currentLOD')
    at e._prepareRenderingManager (https://cdn.babylonjs.com/babylon.js:0:1473870)
    at e.render (https://cdn.babylonjs.com/babylon.js:0:1470701)
    at t._renderToTarget (https://cdn.babylonjs.com/babylon.js:0:944126)
    at t._render (https://cdn.babylonjs.com/babylon.js:0:942773)
    at t.render (https://cdn.babylonjs.com/babylon.js:0:941741)
    at e._renderForCamera (https://cdn.babylonjs.com/babylon.js:0:2917619)
    at e._processSubCameras (https://cdn.babylonjs.com/babylon.js:0:2919674)
    at e.render (https://cdn.babylonjs.com/babylon.js:0:2927939)
    at renderScene (http://localhost:5500/js/graphics.js?v=79:1288:10)
    at animate (http://localhost:5500/js/main.js?v=79:377:2)
[   55216ms] Uncaught TypeError: Cannot read properties of undefined (reading '_currentLOD')
    at e._prepareRenderingManager (https://cdn.babylonjs.com/babylon.js:0:1473870)
    at e.render (https://cdn.babylonjs.com/babylon.js:0:1470701)
    at t._renderToTarget (https://cdn.babylonjs.com/babylon.js:0:944126)
    at t._render (https://cdn.babylonjs.com/babylon.js:0:942773)
    at t.render (https://cdn.babylonjs.com/babylon.js:0:941741)
    at e._renderForCamera (https://cdn.babylonjs.com/babylon.js:0:2917619)
    at e._processSubCameras (https://cdn.babylonjs.com/babylon.js:0:2919674)
    at e.render (https://cdn.babylonjs.com/babylon.js:0:2927939)
    at renderScene (http://localhost:5500/js/graphics.js?v=79:1288:10)
    at animate (http://localhost:5500/js/main.js?v=79:377:2)
[   55248ms] Uncaught TypeError: Cannot read properties of undefined (reading '_currentLOD')
    at e._prepareRenderingManager (https://cdn.babylonjs.com/babylon.js:0:1473870)
    at e.render (https://cdn.babylonjs.com/babylon.js:0:1470701)
    at t._renderToTarget (https://cdn.babylonjs.com/babylon.js:0:944126)
    at t._render (https://cdn.babylonjs.com/babylon.js:0:942773)
    at t.render (https://cdn.babylonjs.com/babylon.js:0:941741)
    at e._renderForCamera (https://cdn.babylonjs.com/babylon.js:0:2917619)
    at e._processSubCameras (https://cdn.babylonjs.com/babylon.js:0:2919674)
    at e.render (https://cdn.babylonjs.com/babylon.js:0:2927939)
    at renderScene (http://localhost:5500/js/graphics.js?v=79:1288:10)
    at animate (http://localhost:5500/js/main.js?v=79:377:2)
[   55293ms] Uncaught TypeError: Cannot read properties of undefined (reading '_currentLOD')
    at e._prepareRenderingManager (https://cdn.babylonjs.com/babylon.js:0:1473870)
    at e.render (https://cdn.babylonjs.com/babylon.js:0:1470701)
    at t._renderToTarget (https://cdn.babylonjs.com/babylon.js:0:944126)
    at t._render (https://cdn.babylonjs.com/babylon.js:0:942773)
    at t.render (https://cdn.babylonjs.com/babylon.js:0:941741)
    at e._renderForCamera (https://cdn.babylonjs.com/babylon.js:0:2917619)
    at e._processSubCameras (https://cdn.babylonjs.com/babylon.js:0:2919674)
    at e.render (https://cdn.babylonjs.com/babylon.js:0:2927939)
    at renderScene (http://localhost:5500/js/graphics.js?v=79:1288:10)
    at animate (http://localhost:5500/js/main.js?v=79:377:2)
[   56297ms] Uncaught TypeError: Cannot read properties of undefined (reading '_currentLOD')
    at e._prepareRenderingManager (https://cdn.babylonjs.com/babylon.js:0:1473870)
    at e.render (https://cdn.babylonjs.com/babylon.js:0:1470701)
    at t._renderToTarget (https://cdn.babylonjs.com/babylon.js:0:944126)
    at t._render (https://cdn.babylonjs.com/babylon.js:0:942773)
    at t.render (https://cdn.babylonjs.com/babylon.js:0:941741)
    at e._renderForCamera (https://cdn.babylonjs.com/babylon.js:0:2917619)
    at e._processSubCameras (https://cdn.babylonjs.com/babylon.js:0:2919674)
    at e.render (https://cdn.babylonjs.com/babylon.js:0:2927939)
    at renderScene (http://localhost:5500/js/graphics.js?v=79:1288:10)
    at animate (http://localhost:5500/js/main.js?v=79:377:2)
[   57300ms] Uncaught TypeError: Cannot read properties of undefined (reading '_currentLOD')
    at e._prepareRenderingManager (https://cdn.babylonjs.com/babylon.js:0:1473870)
    at e.render (https://cdn.babylonjs.com/babylon.js:0:1470701)
    at t._renderToTarget (https://cdn.babylonjs.com/babylon.js:0:944126)
    at t._render (https://cdn.babylonjs.com/babylon.js:0:942773)
    at t.render (https://cdn.babylonjs.com/babylon.js:0:941741)
    at e._renderForCamera (https://cdn.babylonjs.com/babylon.js:0:2917619)
    at e._processSubCameras (https://cdn.babylonjs.com/babylon.js:0:2919674)
    at e.render (https://cdn.babylonjs.com/babylon.js:0:2927939)
    at renderScene (http://localhost:5500/js/graphics.js?v=79:1288:10)
    at animate (http://localhost:5500/js/main.js?v=79:377:2)
[   58316ms] Uncaught TypeError: Cannot read properties of undefined (reading '_currentLOD')
    at e._prepareRenderingManager (https://cdn.babylonjs.com/babylon.js:0:1473870)
    at e.render (https://cdn.babylonjs.com/babylon.js:0:1470701)
    at t._renderToTarget (https://cdn.babylonjs.com/babylon.js:0:944126)
    at t._render (https://cdn.babylonjs.com/babylon.js:0:942773)
    at t.render (https://cdn.babylonjs.com/babylon.js:0:941741)
    at e._renderForCamera (https://cdn.babylonjs.com/babylon.js:0:2917619)
    at e._processSubCameras (https://cdn.babylonjs.com/babylon.js:0:2919674)
    at e.render (https://cdn.babylonjs.com/babylon.js:0:2927939)
    at renderScene (http://localhost:5500/js/graphics.js?v=79:1288:10)
    at animate (http://localhost:5500/js/main.js?v=79:377:2)
[   59313ms] Uncaught TypeError: Cannot read properties of undefined (reading '_currentLOD')
    at e._prepareRenderingManager (https://cdn.babylonjs.com/babylon.js:0:1473870)
    at e.render (https://cdn.babylonjs.com/babylon.js:0:1470701)
    at t._renderToTarget (https://cdn.babylonjs.com/babylon.js:0:944126)
    at t._render (https://cdn.babylonjs.com/babylon.js:0:942773)
    at t.render (https://cdn.babylonjs.com/babylon.js:0:941741)
    at e._renderForCamera (https://cdn.babylonjs.com/babylon.js:0:2917619)
    at e._processSubCameras (https://cdn.babylonjs.com/babylon.js:0:2919674)
    at e.render (https://cdn.babylonjs.com/babylon.js:0:2927939)
    at renderScene (http://localhost:5500/js/graphics.js?v=79:1288:10)
    at animate (http://localhost:5500/js/main.js?v=79:377:2)
[   60327ms] Uncaught TypeError: Cannot read properties of undefined (reading '_currentLOD')
    at e._prepareRenderingManager (https://cdn.babylonjs.com/babylon.js:0:1473870)
    at e.render (https://cdn.babylonjs.com/babylon.js:0:1470701)
    at t._renderToTarget (https://cdn.babylonjs.com/babylon.js:0:944126)
    at t._render (https://cdn.babylonjs.com/babylon.js:0:942773)
    at t.render (https://cdn.babylonjs.com/babylon.js:0:941741)
    at e._renderForCamera (https://cdn.babylonjs.com/babylon.js:0:2917619)
    at e._processSubCameras (https://cdn.babylonjs.com/babylon.js:0:2919674)
    at e.render (https://cdn.babylonjs.com/babylon.js:0:2927939)
    at renderScene (http://localhost:5500/js/graphics.js?v=79:1288:10)
    at animate (http://localhost:5500/js/main.js?v=79:377:2)
[   61346ms] Uncaught TypeError: Cannot read properties of undefined (reading '_currentLOD')
    at e._prepareRenderingManager (https://cdn.babylonjs.com/babylon.js:0:1473870)
    at e.render (https://cdn.babylonjs.com/babylon.js:0:1470701)
    at t._renderToTarget (https://cdn.babylonjs.com/babylon.js:0:944126)
    at t._render (https://cdn.babylonjs.com/babylon.js:0:942773)
    at t.render (https://cdn.babylonjs.com/babylon.js:0:941741)
    at e._renderForCamera (https://cdn.babylonjs.com/babylon.js:0:2917619)
    at e._processSubCameras (https://cdn.babylonjs.com/babylon.js:0:2919674)
    at e.render (https://cdn.babylonjs.com/babylon.js:0:2927939)
    at renderScene (http://localhost:5500/js/graphics.js?v=79:1288:10)
    at animate (http://localhost:5500/js/main.js?v=79:377:2)
[   62361ms] Uncaught TypeError: Cannot read properties of undefined (reading '_currentLOD')
    at e._prepareRenderingManager (https://cdn.babylonjs.com/babylon.js:0:1473870)
    at e.render (https://cdn.babylonjs.com/babylon.js:0:1470701)
    at t._renderToTarget (https://cdn.babylonjs.com/babylon.js:0:944126)
    at t._render (https://cdn.babylonjs.com/babylon.js:0:942773)
    at t.render (https://cdn.babylonjs.com/babylon.js:0:941741)
    at e._renderForCamera (https://cdn.babylonjs.com/babylon.js:0:2917619)
    at e._processSubCameras (https://cdn.babylonjs.com/babylon.js:0:2919674)
    at e.render (https://cdn.babylonjs.com/babylon.js:0:2927939)
    at renderScene (http://localhost:5500/js/graphics.js?v=79:1288:10)
    at animate (http://localhost:5500/js/main.js?v=79:377:2)
[   63361ms] Uncaught TypeError: Cannot read properties of undefined (reading '_currentLOD')
    at e._prepareRenderingManager (https://cdn.babylonjs.com/babylon.js:0:1473870)
    at e.render (https://cdn.babylonjs.com/babylon.js:0:1470701)
    at t._renderToTarget (https://cdn.babylonjs.com/babylon.js:0:944126)
    at t._render (https://cdn.babylonjs.com/babylon.js:0:942773)
    at t.render (https://cdn.babylonjs.com/babylon.js:0:941741)
    at e._renderForCamera (https://cdn.babylonjs.com/babylon.js:0:2917619)
    at e._processSubCameras (https://cdn.babylonjs.com/babylon.js:0:2919674)
    at e.render (https://cdn.babylonjs.com/babylon.js:0:2927939)
    at renderScene (http://localhost:5500/js/graphics.js?v=79:1288:10)
    at animate (http://localhost:5500/js/main.js?v=79:377:2)
[   64363ms] Uncaught TypeError: Cannot read properties of undefined (reading '_currentLOD')
    at e._prepareRenderingManager (https://cdn.babylonjs.com/babylon.js:0:1473870)
    at e.render (https://cdn.babylonjs.com/babylon.js:0:1470701)
    at t._renderToTarget (https://cdn.babylonjs.com/babylon.js:0:944126)
    at t._render (https://cdn.babylonjs.com/babylon.js:0:942773)
    at t.render (https://cdn.babylonjs.com/babylon.js:0:941741)
    at e._renderForCamera (https://cdn.babylonjs.com/babylon.js:0:2917619)
    at e._processSubCameras (https://cdn.babylonjs.com/babylon.js:0:2919674)
    at e.render (https://cdn.babylonjs.com/babylon.js:0:2927939)
    at renderScene (http://localhost:5500/js/graphics.js?v=79:1288:10)
    at animate (http://localhost:5500/js/main.js?v=79:377:2)
[   65382ms] Uncaught TypeError: Cannot read properties of undefined (reading '_currentLOD')
    at e._prepareRenderingManager (https://cdn.babylonjs.com/babylon.js:0:1473870)
    at e.render (https://cdn.babylonjs.com/babylon.js:0:1470701)
    at t._renderToTarget (https://cdn.babylonjs.com/babylon.js:0:944126)
    at t._render (https://cdn.babylonjs.com/babylon.js:0:942773)
    at t.render (https://cdn.babylonjs.com/babylon.js:0:941741)
    at e._renderForCamera (https://cdn.babylonjs.com/babylon.js:0:2917619)
    at e._processSubCameras (https://cdn.babylonjs.com/babylon.js:0:2919674)
    at e.render (https://cdn.babylonjs.com/babylon.js:0:2927939)
    at renderScene (http://localhost:5500/js/graphics.js?v=79:1288:10)
    at animate (http://localhost:5500/js/main.js?v=79:377:2)
[   66377ms] Uncaught TypeError: Cannot read properties of undefined (reading '_currentLOD')
    at e._prepareRenderingManager (https://cdn.babylonjs.com/babylon.js:0:1473870)
    at e.render (https://cdn.babylonjs.com/babylon.js:0:1470701)
    at t._renderToTarget (https://cdn.babylonjs.com/babylon.js:0:944126)
    at t._render (https://cdn.babylonjs.com/babylon.js:0:942773)
    at t.render (https://cdn.babylonjs.com/babylon.js:0:941741)
    at e._renderForCamera (https://cdn.babylonjs.com/babylon.js:0:2917619)
    at e._processSubCameras (https://cdn.babylonjs.com/babylon.js:0:2919674)
    at e.render (https://cdn.babylonjs.com/babylon.js:0:2927939)
    at renderScene (http://localhost:5500/js/graphics.js?v=79:1288:10)
    at animate (http://localhost:5500/js/main.js?v=79:377:2)
[   67395ms] Uncaught TypeError: Cannot read properties of undefined (reading '_currentLOD')
    at e._prepareRenderingManager (https://cdn.babylonjs.com/babylon.js:0:1473870)
    at e.render (https://cdn.babylonjs.com/babylon.js:0:1470701)
    at t._renderToTarget (https://cdn.babylonjs.com/babylon.js:0:944126)
    at t._render (https://cdn.babylonjs.com/babylon.js:0:942773)
    at t.render (https://cdn.babylonjs.com/babylon.js:0:941741)
    at e._renderForCamera (https://cdn.babylonjs.com/babylon.js:0:2917619)
    at e._processSubCameras (https://cdn.babylonjs.com/babylon.js:0:2919674)
    at e.render (https://cdn.babylonjs.com/babylon.js:0:2927939)
    at renderScene (http://localhost:5500/js/graphics.js?v=79:1288:10)
    at animate (http://localhost:5500/js/main.js?v=79:377:2)
[   68393ms] Uncaught TypeError: Cannot read properties of undefined (reading '_currentLOD')
    at e._prepareRenderingManager (https://cdn.babylonjs.com/babylon.js:0:1473870)
    at e.render (https://cdn.babylonjs.com/babylon.js:0:1470701)
    at t._renderToTarget (https://cdn.babylonjs.com/babylon.js:0:944126)
    at t._render (https://cdn.babylonjs.com/babylon.js:0:942773)
    at t.render (https://cdn.babylonjs.com/babylon.js:0:941741)
    at e._renderForCamera (https://cdn.babylonjs.com/babylon.js:0:2917619)
    at e._processSubCameras (https://cdn.babylonjs.com/babylon.js:0:2919674)
    at e.render (https://cdn.babylonjs.com/babylon.js:0:2927939)
    at renderScene (http://localhost:5500/js/graphics.js?v=79:1288:10)
    at animate (http://localhost:5500/js/main.js?v=79:377:2)
[   69411ms] Uncaught TypeError: Cannot read properties of undefined (reading '_currentLOD')
    at e._prepareRenderingManager (https://cdn.babylonjs.com/babylon.js:0:1473870)
    at e.render (https://cdn.babylonjs.com/babylon.js:0:1470701)
    at t._renderToTarget (https://cdn.babylonjs.com/babylon.js:0:944126)
    at t._render (https://cdn.babylonjs.com/babylon.js:0:942773)
    at t.render (https://cdn.babylonjs.com/babylon.js:0:941741)
    at e._renderForCamera (https://cdn.babylonjs.com/babylon.js:0:2917619)
    at e._processSubCameras (https://cdn.babylonjs.com/babylon.js:0:2919674)
    at e.render (https://cdn.babylonjs.com/babylon.js:0:2927939)
    at renderScene (http://localhost:5500/js/graphics.js?v=79:1288:10)
    at animate (http://localhost:5500/js/main.js?v=79:377:2)
[   70429ms] Uncaught TypeError: Cannot read properties of undefined (reading '_currentLOD')
    at e._prepareRenderingManager (https://cdn.babylonjs.com/babylon.js:0:1473870)
    at e.render (https://cdn.babylonjs.com/babylon.js:0:1470701)
    at t._renderToTarget (https://cdn.babylonjs.com/babylon.js:0:944126)
    at t._render (https://cdn.babylonjs.com/babylon.js:0:942773)
    at t.render (https://cdn.babylonjs.com/babylon.js:0:941741)
    at e._renderForCamera (https://cdn.babylonjs.com/babylon.js:0:2917619)
    at e._processSubCameras (https://cdn.babylonjs.com/babylon.js:0:2919674)
    at e.render (https://cdn.babylonjs.com/babylon.js:0:2927939)
    at renderScene (http://localhost:5500/js/graphics.js?v=79:1288:10)
    at animate (http://localhost:5500/js/main.js?v=79:377:2)
[   71442ms] Uncaught TypeError: Cannot read properties of undefined (reading '_currentLOD')
    at e._prepareRenderingManager (https://cdn.babylonjs.com/babylon.js:0:1473870)
    at e.render (https://cdn.babylonjs.com/babylon.js:0:1470701)
    at t._renderToTarget (https://cdn.babylonjs.com/babylon.js:0:944126)
    at t._render (https://cdn.babylonjs.com/babylon.js:0:942773)
    at t.render (https://cdn.babylonjs.com/babylon.js:0:941741)
    at e._renderForCamera (https://cdn.babylonjs.com/babylon.js:0:2917619)
    at e._processSubCameras (https://cdn.babylonjs.com/babylon.js:0:2919674)
    at e.render (https://cdn.babylonjs.com/babylon.js:0:2927939)
    at renderScene (http://localhost:5500/js/graphics.js?v=79:1288:10)
    at animate (http://localhost:5500/js/main.js?v=79:377:2)
[   72457ms] Uncaught TypeError: Cannot read properties of undefined (reading '_currentLOD')
    at e._prepareRenderingManager (https://cdn.babylonjs.com/babylon.js:0:1473870)
    at e.render (https://cdn.babylonjs.com/babylon.js:0:1470701)
    at t._renderToTarget (https://cdn.babylonjs.com/babylon.js:0:944126)
    at t._render (https://cdn.babylonjs.com/babylon.js:0:942773)
    at t.render (https://cdn.babylonjs.com/babylon.js:0:941741)
    at e._renderForCamera (https://cdn.babylonjs.com/babylon.js:0:2917619)
    at e._processSubCameras (https://cdn.babylonjs.com/babylon.js:0:2919674)
    at e.render (https://cdn.babylonjs.com/babylon.js:0:2927939)
    at renderScene (http://localhost:5500/js/graphics.js?v=79:1288:10)
    at animate (http://localhost:5500/js/main.js?v=79:377:2)
[   73458ms] Uncaught TypeError: Cannot read properties of undefined (reading '_currentLOD')
    at e._prepareRenderingManager (https://cdn.babylonjs.com/babylon.js:0:1473870)
    at e.render (https://cdn.babylonjs.com/babylon.js:0:1470701)
    at t._renderToTarget (https://cdn.babylonjs.com/babylon.js:0:944126)
    at t._render (https://cdn.babylonjs.com/babylon.js:0:942773)
    at t.render (https://cdn.babylonjs.com/babylon.js:0:941741)
    at e._renderForCamera (https://cdn.babylonjs.com/babylon.js:0:2917619)
    at e._processSubCameras (https://cdn.babylonjs.com/babylon.js:0:2919674)
    at e.render (https://cdn.babylonjs.com/babylon.js:0:2927939)
    at renderScene (http://localhost:5500/js/graphics.js?v=79:1288:10)
    at animate (http://localhost:5500/js/main.js?v=79:377:2)
[   74458ms] Uncaught TypeError: Cannot read properties of undefined (reading '_currentLOD')
    at e._prepareRenderingManager (https://cdn.babylonjs.com/babylon.js:0:1473870)
    at e.render (https://cdn.babylonjs.com/babylon.js:0:1470701)
    at t._renderToTarget (https://cdn.babylonjs.com/babylon.js:0:944126)
    at t._render (https://cdn.babylonjs.com/babylon.js:0:942773)
    at t.render (https://cdn.babylonjs.com/babylon.js:0:941741)
    at e._renderForCamera (https://cdn.babylonjs.com/babylon.js:0:2917619)
    at e._processSubCameras (https://cdn.babylonjs.com/babylon.js:0:2919674)
    at e.render (https://cdn.babylonjs.com/babylon.js:0:2927939)
    at renderScene (http://localhost:5500/js/graphics.js?v=79:1288:10)
    at animate (http://localhost:5500/js/main.js?v=79:377:2)
[   75457ms] Uncaught TypeError: Cannot read properties of undefined (reading '_currentLOD')
    at e._prepareRenderingManager (https://cdn.babylonjs.com/babylon.js:0:1473870)
    at e.render (https://cdn.babylonjs.com/babylon.js:0:1470701)
    at t._renderToTarget (https://cdn.babylonjs.com/babylon.js:0:944126)
    at t._render (https://cdn.babylonjs.com/babylon.js:0:942773)
    at t.render (https://cdn.babylonjs.com/babylon.js:0:941741)
    at e._renderForCamera (https://cdn.babylonjs.com/babylon.js:0:2917619)
    at e._processSubCameras (https://cdn.babylonjs.com/babylon.js:0:2919674)
    at e.render (https://cdn.babylonjs.com/babylon.js:0:2927939)
    at renderScene (http://localhost:5500/js/graphics.js?v=79:1288:10)
    at animate (http://localhost:5500/js/main.js?v=79:377:2)
[   76476ms] Uncaught TypeError: Cannot read properties of undefined (reading '_currentLOD')
    at e._prepareRenderingManager (https://cdn.babylonjs.com/babylon.js:0:1473870)
    at e.render (https://cdn.babylonjs.com/babylon.js:0:1470701)
    at t._renderToTarget (https://cdn.babylonjs.com/babylon.js:0:944126)
    at t._render (https://cdn.babylonjs.com/babylon.js:0:942773)
    at t.render (https://cdn.babylonjs.com/babylon.js:0:941741)
    at e._renderForCamera (https://cdn.babylonjs.com/babylon.js:0:2917619)
    at e._processSubCameras (https://cdn.babylonjs.com/babylon.js:0:2919674)
    at e.render (https://cdn.babylonjs.com/babylon.js:0:2927939)
    at renderScene (http://localhost:5500/js/graphics.js?v=79:1288:10)
    at animate (http://localhost:5500/js/main.js?v=79:377:2)
[   77475ms] Uncaught TypeError: Cannot read properties of undefined (reading '_currentLOD')
    at e._prepareRenderingManager (https://cdn.babylonjs.com/babylon.js:0:1473870)
    at e.render (https://cdn.babylonjs.com/babylon.js:0:1470701)
    at t._renderToTarget (https://cdn.babylonjs.com/babylon.js:0:944126)
    at t._render (https://cdn.babylonjs.com/babylon.js:0:942773)
    at t.render (https://cdn.babylonjs.com/babylon.js:0:941741)
    at e._renderForCamera (https://cdn.babylonjs.com/babylon.js:0:2917619)
    at e._processSubCameras (https://cdn.babylonjs.com/babylon.js:0:2919674)
    at e.render (https://cdn.babylonjs.com/babylon.js:0:2927939)
    at renderScene (http://localhost:5500/js/graphics.js?v=79:1288:10)
    at animate (http://localhost:5500/js/main.js?v=79:377:2)
[   78495ms] Uncaught TypeError: Cannot read properties of undefined (reading '_currentLOD')
    at e._prepareRenderingManager (https://cdn.babylonjs.com/babylon.js:0:1473870)
    at e.render (https://cdn.babylonjs.com/babylon.js:0:1470701)
    at t._renderToTarget (https://cdn.babylonjs.com/babylon.js:0:944126)
    at t._render (https://cdn.babylonjs.com/babylon.js:0:942773)
    at t.render (https://cdn.babylonjs.com/babylon.js:0:941741)
    at e._renderForCamera (https://cdn.babylonjs.com/babylon.js:0:2917619)
    at e._processSubCameras (https://cdn.babylonjs.com/babylon.js:0:2919674)
    at e.render (https://cdn.babylonjs.com/babylon.js:0:2927939)
    at renderScene (http://localhost:5500/js/graphics.js?v=79:1288:10)
    at animate (http://localhost:5500/js/main.js?v=79:377:2)
[   79512ms] Uncaught TypeError: Cannot read properties of undefined (reading '_currentLOD')
    at e._prepareRenderingManager (https://cdn.babylonjs.com/babylon.js:0:1473870)
    at e.render (https://cdn.babylonjs.com/babylon.js:0:1470701)
    at t._renderToTarget (https://cdn.babylonjs.com/babylon.js:0:944126)
    at t._render (https://cdn.babylonjs.com/babylon.js:0:942773)
    at t.render (https://cdn.babylonjs.com/babylon.js:0:941741)
    at e._renderForCamera (https://cdn.babylonjs.com/babylon.js:0:2917619)
    at e._processSubCameras (https://cdn.babylonjs.com/babylon.js:0:2919674)
    at e.render (https://cdn.babylonjs.com/babylon.js:0:2927939)
    at renderScene (http://localhost:5500/js/graphics.js?v=79:1288:10)
    at animate (http://localhost:5500/js/main.js?v=79:377:2)
[   80529ms] Uncaught TypeError: Cannot read properties of undefined (reading '_currentLOD')
    at e._prepareRenderingManager (https://cdn.babylonjs.com/babylon.js:0:1473870)
    at e.render (https://cdn.babylonjs.com/babylon.js:0:1470701)
    at t._renderToTarget (https://cdn.babylonjs.com/babylon.js:0:944126)
    at t._render (https://cdn.babylonjs.com/babylon.js:0:942773)
    at t.render (https://cdn.babylonjs.com/babylon.js:0:941741)
    at e._renderForCamera (https://cdn.babylonjs.com/babylon.js:0:2917619)
    at e._processSubCameras (https://cdn.babylonjs.com/babylon.js:0:2919674)
    at e.render (https://cdn.babylonjs.com/babylon.js:0:2927939)
    at renderScene (http://localhost:5500/js/graphics.js?v=79:1288:10)
    at animate (http://localhost:5500/js/main.js?v=79:377:2)
[   81546ms] Uncaught TypeError: Cannot read properties of undefined (reading '_currentLOD')
    at e._prepareRenderingManager (https://cdn.babylonjs.com/babylon.js:0:1473870)
    at e.render (https://cdn.babylonjs.com/babylon.js:0:1470701)
    at t._renderToTarget (https://cdn.babylonjs.com/babylon.js:0:944126)
    at t._render (https://cdn.babylonjs.com/babylon.js:0:942773)
    at t.render (https://cdn.babylonjs.com/babylon.js:0:941741)
    at e._renderForCamera (https://cdn.babylonjs.com/babylon.js:0:2917619)
    at e._processSubCameras (https://cdn.babylonjs.com/babylon.js:0:2919674)
    at e.render (https://cdn.babylonjs.com/babylon.js:0:2927939)
    at renderScene (http://localhost:5500/js/graphics.js?v=79:1288:10)
    at animate (http://localhost:5500/js/main.js?v=79:377:2)
[   82563ms] Uncaught TypeError: Cannot read properties of undefined (reading '_currentLOD')
    at e._prepareRenderingManager (https://cdn.babylonjs.com/babylon.js:0:1473870)
    at e.render (https://cdn.babylonjs.com/babylon.js:0:1470701)
    at t._renderToTarget (https://cdn.babylonjs.com/babylon.js:0:944126)
    at t._render (https://cdn.babylonjs.com/babylon.js:0:942773)
    at t.render (https://cdn.babylonjs.com/babylon.js:0:941741)
    at e._renderForCamera (https://cdn.babylonjs.com/babylon.js:0:2917619)
    at e._processSubCameras (https://cdn.babylonjs.com/babylon.js:0:2919674)
    at e.render (https://cdn.babylonjs.com/babylon.js:0:2927939)
    at renderScene (http://localhost:5500/js/graphics.js?v=79:1288:10)
    at animate (http://localhost:5500/js/main.js?v=79:377:2)
[   83567ms] Uncaught TypeError: Cannot read properties of undefined (reading '_currentLOD')
    at e._prepareRenderingManager (https://cdn.babylonjs.com/babylon.js:0:1473870)
    at e.render (https://cdn.babylonjs.com/babylon.js:0:1470701)
    at t._renderToTarget (https://cdn.babylonjs.com/babylon.js:0:944126)
    at t._render (https://cdn.babylonjs.com/babylon.js:0:942773)
    at t.render (https://cdn.babylonjs.com/babylon.js:0:941741)
    at e._renderForCamera (https://cdn.babylonjs.com/babylon.js:0:2917619)
    at e._processSubCameras (https://cdn.babylonjs.com/babylon.js:0:2919674)
    at e.render (https://cdn.babylonjs.com/babylon.js:0:2927939)
    at renderScene (http://localhost:5500/js/graphics.js?v=79:1288:10)
    at animate (http://localhost:5500/js/main.js?v=79:377:2)
[   84586ms] Uncaught TypeError: Cannot read properties of undefined (reading '_currentLOD')
    at e._prepareRenderingManager (https://cdn.babylonjs.com/babylon.js:0:1473870)
    at e.render (https://cdn.babylonjs.com/babylon.js:0:1470701)
    at t._renderToTarget (https://cdn.babylonjs.com/babylon.js:0:944126)
    at t._render (https://cdn.babylonjs.com/babylon.js:0:942773)
    at t.render (https://cdn.babylonjs.com/babylon.js:0:941741)
    at e._renderForCamera (https://cdn.babylonjs.com/babylon.js:0:2917619)
    at e._processSubCameras (https://cdn.babylonjs.com/babylon.js:0:2919674)
    at e.render (https://cdn.babylonjs.com/babylon.js:0:2927939)
    at renderScene (http://localhost:5500/js/graphics.js?v=79:1288:10)
    at animate (http://localhost:5500/js/main.js?v=79:377:2)
[   85580ms] Uncaught TypeError: Cannot read properties of undefined (reading '_currentLOD')
    at e._prepareRenderingManager (https://cdn.babylonjs.com/babylon.js:0:1473870)
    at e.render (https://cdn.babylonjs.com/babylon.js:0:1470701)
    at t._renderToTarget (https://cdn.babylonjs.com/babylon.js:0:944126)
    at t._render (https://cdn.babylonjs.com/babylon.js:0:942773)
    at t.render (https://cdn.babylonjs.com/babylon.js:0:941741)
    at e._renderForCamera (https://cdn.babylonjs.com/babylon.js:0:2917619)
    at e._processSubCameras (https://cdn.babylonjs.com/babylon.js:0:2919674)
    at e.render (https://cdn.babylonjs.com/babylon.js:0:2927939)
    at renderScene (http://localhost:5500/js/graphics.js?v=79:1288:10)
    at animate (http://localhost:5500/js/main.js?v=79:377:2)
[   86580ms] Uncaught TypeError: Cannot read properties of undefined (reading '_currentLOD')
    at e._prepareRenderingManager (https://cdn.babylonjs.com/babylon.js:0:1473870)
    at e.render (https://cdn.babylonjs.com/babylon.js:0:1470701)
    at t._renderToTarget (https://cdn.babylonjs.com/babylon.js:0:944126)
    at t._render (https://cdn.babylonjs.com/babylon.js:0:942773)
    at t.render (https://cdn.babylonjs.com/babylon.js:0:941741)
    at e._renderForCamera (https://cdn.babylonjs.com/babylon.js:0:2917619)
    at e._processSubCameras (https://cdn.babylonjs.com/babylon.js:0:2919674)
    at e.render (https://cdn.babylonjs.com/babylon.js:0:2927939)
    at renderScene (http://localhost:5500/js/graphics.js?v=79:1288:10)
    at animate (http://localhost:5500/js/main.js?v=79:377:2)
[   87594ms] Uncaught TypeError: Cannot read properties of undefined (reading '_currentLOD')
    at e._prepareRenderingManager (https://cdn.babylonjs.com/babylon.js:0:1473870)
    at e.render (https://cdn.babylonjs.com/babylon.js:0:1470701)
    at t._renderToTarget (https://cdn.babylonjs.com/babylon.js:0:944126)
    at t._render (https://cdn.babylonjs.com/babylon.js:0:942773)
    at t.render (https://cdn.babylonjs.com/babylon.js:0:941741)
    at e._renderForCamera (https://cdn.babylonjs.com/babylon.js:0:2917619)
    at e._processSubCameras (https://cdn.babylonjs.com/babylon.js:0:2919674)
    at e.render (https://cdn.babylonjs.com/babylon.js:0:2927939)
    at renderScene (http://localhost:5500/js/graphics.js?v=79:1288:10)
    at animate (http://localhost:5500/js/main.js?v=79:377:2)
[   88626ms] Uncaught TypeError: Cannot read properties of undefined (reading '_currentLOD')
    at e._prepareRenderingManager (https://cdn.babylonjs.com/babylon.js:0:1473870)
    at e.render (https://cdn.babylonjs.com/babylon.js:0:1470701)
    at t._renderToTarget (https://cdn.babylonjs.com/babylon.js:0:944126)
    at t._render (https://cdn.babylonjs.com/babylon.js:0:942773)
    at t.render (https://cdn.babylonjs.com/babylon.js:0:941741)
    at e._renderForCamera (https://cdn.babylonjs.com/babylon.js:0:2917619)
    at e._processSubCameras (https://cdn.babylonjs.com/babylon.js:0:2919674)
    at e.render (https://cdn.babylonjs.com/babylon.js:0:2927939)
    at renderScene (http://localhost:5500/js/graphics.js?v=79:1288:10)
    at animate (http://localhost:5500/js/main.js?v=79:377:2)
[   89609ms] Uncaught TypeError: Cannot read properties of undefined (reading '_currentLOD')
    at e._prepareRenderingManager (https://cdn.babylonjs.com/babylon.js:0:1473870)
    at e.render (https://cdn.babylonjs.com/babylon.js:0:1470701)
    at t._renderToTarget (https://cdn.babylonjs.com/babylon.js:0:944126)
    at t._render (https://cdn.babylonjs.com/babylon.js:0:942773)
    at t.render (https://cdn.babylonjs.com/babylon.js:0:941741)
    at e._renderForCamera (https://cdn.babylonjs.com/babylon.js:0:2917619)
    at e._processSubCameras (https://cdn.babylonjs.com/babylon.js:0:2919674)
    at e.render (https://cdn.babylonjs.com/babylon.js:0:2927939)
    at renderScene (http://localhost:5500/js/graphics.js?v=79:1288:10)
    at animate (http://localhost:5500/js/main.js?v=79:377:2)
[   90607ms] Uncaught TypeError: Cannot read properties of undefined (reading '_currentLOD')
    at e._prepareRenderingManager (https://cdn.babylonjs.com/babylon.js:0:1473870)
    at e.render (https://cdn.babylonjs.com/babylon.js:0:1470701)
    at t._renderToTarget (https://cdn.babylonjs.com/babylon.js:0:944126)
    at t._render (https://cdn.babylonjs.com/babylon.js:0:942773)
    at t.render (https://cdn.babylonjs.com/babylon.js:0:941741)
    at e._renderForCamera (https://cdn.babylonjs.com/babylon.js:0:2917619)
    at e._processSubCameras (https://cdn.babylonjs.com/babylon.js:0:2919674)
    at e.render (https://cdn.babylonjs.com/babylon.js:0:2927939)
    at renderScene (http://localhost:5500/js/graphics.js?v=79:1288:10)
    at animate (http://localhost:5500/js/main.js?v=79:377:2)
[   91608ms] Uncaught TypeError: Cannot read properties of undefined (reading '_currentLOD')
    at e._prepareRenderingManager (https://cdn.babylonjs.com/babylon.js:0:1473870)
    at e.render (https://cdn.babylonjs.com/babylon.js:0:1470701)
    at t._renderToTarget (https://cdn.babylonjs.com/babylon.js:0:944126)
    at t._render (https://cdn.babylonjs.com/babylon.js:0:942773)
    at t.render (https://cdn.babylonjs.com/babylon.js:0:941741)
    at e._renderForCamera (https://cdn.babylonjs.com/babylon.js:0:2917619)
    at e._processSubCameras (https://cdn.babylonjs.com/babylon.js:0:2919674)
    at e.render (https://cdn.babylonjs.com/babylon.js:0:2927939)
    at renderScene (http://localhost:5500/js/graphics.js?v=79:1288:10)
    at animate (http://localhost:5500/js/main.js?v=79:377:2)
[   91645ms] Uncaught TypeError: Cannot read properties of undefined (reading '_currentLOD')
    at e._prepareRenderingManager (https://cdn.babylonjs.com/babylon.js:0:1473870)
    at e.render (https://cdn.babylonjs.com/babylon.js:0:1470701)
    at t._renderToTarget (https://cdn.babylonjs.com/babylon.js:0:944126)
    at t._render (https://cdn.babylonjs.com/babylon.js:0:942773)
    at t.render (https://cdn.babylonjs.com/babylon.js:0:941741)
    at e._renderForCamera (https://cdn.babylonjs.com/babylon.js:0:2917619)
    at e._processSubCameras (https://cdn.babylonjs.com/babylon.js:0:2919674)
    at e.render (https://cdn.babylonjs.com/babylon.js:0:2927939)
    at renderScene (http://localhost:5500/js/graphics.js?v=79:1288:10)
    at animate (http://localhost:5500/js/main.js?v=79:377:2)
[   91645ms] Uncaught TypeError: Cannot read properties of undefined (reading '_currentLOD')
    at e._prepareRenderingManager (https://cdn.babylonjs.com/babylon.js:0:1473870)
    at e.render (https://cdn.babylonjs.com/babylon.js:0:1470701)
    at t._renderToTarget (https://cdn.babylonjs.com/babylon.js:0:944126)
    at t._render (https://cdn.babylonjs.com/babylon.js:0:942773)
    at t.render (https://cdn.babylonjs.com/babylon.js:0:941741)
    at e._renderForCamera (https://cdn.babylonjs.com/babylon.js:0:2917619)
    at e._processSubCameras (https://cdn.babylonjs.com/babylon.js:0:2919674)
    at e.render (https://cdn.babylonjs.com/babylon.js:0:2927939)
    at renderScene (http://localhost:5500/js/graphics.js?v=79:1288:10)
    at animate (http://localhost:5500/js/main.js?v=79:377:2)
[   91658ms] Uncaught TypeError: Cannot read properties of undefined (reading '_currentLOD')
    at e._prepareRenderingManager (https://cdn.babylonjs.com/babylon.js:0:1473870)
    at e.render (https://cdn.babylonjs.com/babylon.js:0:1470701)
    at t._renderToTarget (https://cdn.babylonjs.com/babylon.js:0:944126)
    at t._render (https://cdn.babylonjs.com/babylon.js:0:942773)
    at t.render (https://cdn.babylonjs.com/babylon.js:0:941741)
    at e._renderForCamera (https://cdn.babylonjs.com/babylon.js:0:2917619)
    at e._processSubCameras (https://cdn.babylonjs.com/babylon.js:0:2919674)
    at e.render (https://cdn.babylonjs.com/babylon.js:0:2927939)
    at renderScene (http://localhost:5500/js/graphics.js?v=79:1288:10)
    at animate (http://localhost:5500/js/main.js?v=79:377:2)
[   91674ms] Uncaught TypeError: Cannot read properties of undefined (reading '_currentLOD')
    at e._prepareRenderingManager (https://cdn.babylonjs.com/babylon.js:0:1473870)
    at e.render (https://cdn.babylonjs.com/babylon.js:0:1470701)
    at t._renderToTarget (https://cdn.babylonjs.com/babylon.js:0:944126)
    at t._render (https://cdn.babylonjs.com/babylon.js:0:942773)
    at t.render (https://cdn.babylonjs.com/babylon.js:0:941741)
    at e._renderForCamera (https://cdn.babylonjs.com/babylon.js:0:2917619)
    at e._processSubCameras (https://cdn.babylonjs.com/babylon.js:0:2919674)
    at e.render (https://cdn.babylonjs.com/babylon.js:0:2927939)
    at renderScene (http://localhost:5500/js/graphics.js?v=79:1288:10)
    at animate (http://localhost:5500/js/main.js?v=79:377:2)
[   92692ms] Uncaught TypeError: Cannot read properties of undefined (reading '_currentLOD')
    at e._prepareRenderingManager (https://cdn.babylonjs.com/babylon.js:0:1473870)
    at e.render (https://cdn.babylonjs.com/babylon.js:0:1470701)
    at t._renderToTarget (https://cdn.babylonjs.com/babylon.js:0:944126)
    at t._render (https://cdn.babylonjs.com/babylon.js:0:942773)
    at t.render (https://cdn.babylonjs.com/babylon.js:0:941741)
    at e._renderForCamera (https://cdn.babylonjs.com/babylon.js:0:2917619)
    at e._processSubCameras (https://cdn.babylonjs.com/babylon.js:0:2919674)
    at e.render (https://cdn.babylonjs.com/babylon.js:0:2927939)
    at renderScene (http://localhost:5500/js/graphics.js?v=79:1288:10)
    at animate (http://localhost:5500/js/main.js?v=79:377:2)
[   93707ms] Uncaught TypeError: Cannot read properties of undefined (reading '_currentLOD')
    at e._prepareRenderingManager (https://cdn.babylonjs.com/babylon.js:0:1473870)
    at e.render (https://cdn.babylonjs.com/babylon.js:0:1470701)
    at t._renderToTarget (https://cdn.babylonjs.com/babylon.js:0:944126)
    at t._render (https://cdn.babylonjs.com/babylon.js:0:942773)
    at t.render (https://cdn.babylonjs.com/babylon.js:0:941741)
    at e._renderForCamera (https://cdn.babylonjs.com/babylon.js:0:2917619)
    at e._processSubCameras (https://cdn.babylonjs.com/babylon.js:0:2919674)
    at e.render (https://cdn.babylonjs.com/babylon.js:0:2927939)
    at renderScene (http://localhost:5500/js/graphics.js?v=79:1288:10)
    at animate (http://localhost:5500/js/main.js?v=79:377:2)
[   94707ms] Uncaught TypeError: Cannot read properties of undefined (reading '_currentLOD')
    at e._prepareRenderingManager (https://cdn.babylonjs.com/babylon.js:0:1473870)
    at e.render (https://cdn.babylonjs.com/babylon.js:0:1470701)
    at t._renderToTarget (https://cdn.babylonjs.com/babylon.js:0:944126)
    at t._render (https://cdn.babylonjs.com/babylon.js:0:942773)
    at t.render (https://cdn.babylonjs.com/babylon.js:0:941741)
    at e._renderForCamera (https://cdn.babylonjs.com/babylon.js:0:2917619)
    at e._processSubCameras (https://cdn.babylonjs.com/babylon.js:0:2919674)
    at e.render (https://cdn.babylonjs.com/babylon.js:0:2927939)
    at renderScene (http://localhost:5500/js/graphics.js?v=79:1288:10)
    at animate (http://localhost:5500/js/main.js?v=79:377:2)
[   95724ms] Uncaught TypeError: Cannot read properties of undefined (reading '_currentLOD')
    at e._prepareRenderingManager (https://cdn.babylonjs.com/babylon.js:0:1473870)
    at e.render (https://cdn.babylonjs.com/babylon.js:0:1470701)
    at t._renderToTarget (https://cdn.babylonjs.com/babylon.js:0:944126)
    at t._render (https://cdn.babylonjs.com/babylon.js:0:942773)
    at t.render (https://cdn.babylonjs.com/babylon.js:0:941741)
    at e._renderForCamera (https://cdn.babylonjs.com/babylon.js:0:2917619)
    at e._processSubCameras (https://cdn.babylonjs.com/babylon.js:0:2919674)
    at e.render (https://cdn.babylonjs.com/babylon.js:0:2927939)
    at renderScene (http://localhost:5500/js/graphics.js?v=79:1288:10)
    at animate (http://localhost:5500/js/main.js?v=79:377:2)
[   96724ms] Uncaught TypeError: Cannot read properties of undefined (reading '_currentLOD')
    at e._prepareRenderingManager (https://cdn.babylonjs.com/babylon.js:0:1473870)
    at e.render (https://cdn.babylonjs.com/babylon.js:0:1470701)
    at t._renderToTarget (https://cdn.babylonjs.com/babylon.js:0:944126)
    at t._render (https://cdn.babylonjs.com/babylon.js:0:942773)
    at t.render (https://cdn.babylonjs.com/babylon.js:0:941741)
    at e._renderForCamera (https://cdn.babylonjs.com/babylon.js:0:2917619)
    at e._processSubCameras (https://cdn.babylonjs.com/babylon.js:0:2919674)
    at e.render (https://cdn.babylonjs.com/babylon.js:0:2927939)
    at renderScene (http://localhost:5500/js/graphics.js?v=79:1288:10)
    at animate (http://localhost:5500/js/main.js?v=79:377:2)
[   97723ms] Uncaught TypeError: Cannot read properties of undefined (reading '_currentLOD')
    at e._prepareRenderingManager (https://cdn.babylonjs.com/babylon.js:0:1473870)
    at e.render (https://cdn.babylonjs.com/babylon.js:0:1470701)
    at t._renderToTarget (https://cdn.babylonjs.com/babylon.js:0:944126)
    at t._render (https://cdn.babylonjs.com/babylon.js:0:942773)
    at t.render (https://cdn.babylonjs.com/babylon.js:0:941741)
    at e._renderForCamera (https://cdn.babylonjs.com/babylon.js:0:2917619)
    at e._processSubCameras (https://cdn.babylonjs.com/babylon.js:0:2919674)
    at e.render (https://cdn.babylonjs.com/babylon.js:0:2927939)
    at renderScene (http://localhost:5500/js/graphics.js?v=79:1288:10)
    at animate (http://localhost:5500/js/main.js?v=79:377:2)
[   98741ms] Uncaught TypeError: Cannot read properties of undefined (reading '_currentLOD')
    at e._prepareRenderingManager (https://cdn.babylonjs.com/babylon.js:0:1473870)
    at e.render (https://cdn.babylonjs.com/babylon.js:0:1470701)
    at t._renderToTarget (https://cdn.babylonjs.com/babylon.js:0:944126)
    at t._render (https://cdn.babylonjs.com/babylon.js:0:942773)
    at t.render (https://cdn.babylonjs.com/babylon.js:0:941741)
    at e._renderForCamera (https://cdn.babylonjs.com/babylon.js:0:2917619)
    at e._processSubCameras (https://cdn.babylonjs.com/babylon.js:0:2919674)
    at e.render (https://cdn.babylonjs.com/babylon.js:0:2927939)
    at renderScene (http://localhost:5500/js/graphics.js?v=79:1288:10)
    at animate (http://localhost:5500/js/main.js?v=79:377:2)
[   99757ms] Uncaught TypeError: Cannot read properties of undefined (reading '_currentLOD')
    at e._prepareRenderingManager (https://cdn.babylonjs.com/babylon.js:0:1473870)
    at e.render (https://cdn.babylonjs.com/babylon.js:0:1470701)
    at t._renderToTarget (https://cdn.babylonjs.com/babylon.js:0:944126)
    at t._render (https://cdn.babylonjs.com/babylon.js:0:942773)
    at t.render (https://cdn.babylonjs.com/babylon.js:0:941741)
    at e._renderForCamera (https://cdn.babylonjs.com/babylon.js:0:2917619)
    at e._processSubCameras (https://cdn.babylonjs.com/babylon.js:0:2919674)
    at e.render (https://cdn.babylonjs.com/babylon.js:0:2927939)
    at renderScene (http://localhost:5500/js/graphics.js?v=79:1288:10)
    at animate (http://localhost:5500/js/main.js?v=79:377:2)
[  100757ms] Uncaught TypeError: Cannot read properties of undefined (reading '_currentLOD')
    at e._prepareRenderingManager (https://cdn.babylonjs.com/babylon.js:0:1473870)
    at e.render (https://cdn.babylonjs.com/babylon.js:0:1470701)
    at t._renderToTarget (https://cdn.babylonjs.com/babylon.js:0:944126)
    at t._render (https://cdn.babylonjs.com/babylon.js:0:942773)
    at t.render (https://cdn.babylonjs.com/babylon.js:0:941741)
    at e._renderForCamera (https://cdn.babylonjs.com/babylon.js:0:2917619)
    at e._processSubCameras (https://cdn.babylonjs.com/babylon.js:0:2919674)
    at e.render (https://cdn.babylonjs.com/babylon.js:0:2927939)
    at renderScene (http://localhost:5500/js/graphics.js?v=79:1288:10)
    at animate (http://localhost:5500/js/main.js?v=79:377:2)
[  101774ms] Uncaught TypeError: Cannot read properties of undefined (reading '_currentLOD')
    at e._prepareRenderingManager (https://cdn.babylonjs.com/babylon.js:0:1473870)
    at e.render (https://cdn.babylonjs.com/babylon.js:0:1470701)
    at t._renderToTarget (https://cdn.babylonjs.com/babylon.js:0:944126)
    at t._render (https://cdn.babylonjs.com/babylon.js:0:942773)
    at t.render (https://cdn.babylonjs.com/babylon.js:0:941741)
    at e._renderForCamera (https://cdn.babylonjs.com/babylon.js:0:2917619)
    at e._processSubCameras (https://cdn.babylonjs.com/babylon.js:0:2919674)
    at e.render (https://cdn.babylonjs.com/babylon.js:0:2927939)
    at renderScene (http://localhost:5500/js/graphics.js?v=79:1288:10)
    at animate (http://localhost:5500/js/main.js?v=79:377:2)
[  102774ms] Uncaught TypeError: Cannot read properties of undefined (reading '_currentLOD')
    at e._prepareRenderingManager (https://cdn.babylonjs.com/babylon.js:0:1473870)
    at e.render (https://cdn.babylonjs.com/babylon.js:0:1470701)
    at t._renderToTarget (https://cdn.babylonjs.com/babylon.js:0:944126)
    at t._render (https://cdn.babylonjs.com/babylon.js:0:942773)
    at t.render (https://cdn.babylonjs.com/babylon.js:0:941741)
    at e._renderForCamera (https://cdn.babylonjs.com/babylon.js:0:2917619)
    at e._processSubCameras (https://cdn.babylonjs.com/babylon.js:0:2919674)
    at e.render (https://cdn.babylonjs.com/babylon.js:0:2927939)
    at renderScene (http://localhost:5500/js/graphics.js?v=79:1288:10)
    at animate (http://localhost:5500/js/main.js?v=79:377:2)
[  103774ms] Uncaught TypeError: Cannot read properties of undefined (reading '_currentLOD')
    at e._prepareRenderingManager (https://cdn.babylonjs.com/babylon.js:0:1473870)
    at e.render (https://cdn.babylonjs.com/babylon.js:0:1470701)
    at t._renderToTarget (https://cdn.babylonjs.com/babylon.js:0:944126)
    at t._render (https://cdn.babylonjs.com/babylon.js:0:942773)
    at t.render (https://cdn.babylonjs.com/babylon.js:0:941741)
    at e._renderForCamera (https://cdn.babylonjs.com/babylon.js:0:2917619)
    at e._processSubCameras (https://cdn.babylonjs.com/babylon.js:0:2919674)
    at e.render (https://cdn.babylonjs.com/babylon.js:0:2927939)
    at renderScene (http://localhost:5500/js/graphics.js?v=79:1288:10)
    at animate (http://localhost:5500/js/main.js?v=79:377:2)
[  104792ms] Uncaught TypeError: Cannot read properties of undefined (reading '_currentLOD')
    at e._prepareRenderingManager (https://cdn.babylonjs.com/babylon.js:0:1473870)
    at e.render (https://cdn.babylonjs.com/babylon.js:0:1470701)
    at t._renderToTarget (https://cdn.babylonjs.com/babylon.js:0:944126)
    at t._render (https://cdn.babylonjs.com/babylon.js:0:942773)
    at t.render (https://cdn.babylonjs.com/babylon.js:0:941741)
    at e._renderForCamera (https://cdn.babylonjs.com/babylon.js:0:2917619)
    at e._processSubCameras (https://cdn.babylonjs.com/babylon.js:0:2919674)
    at e.render (https://cdn.babylonjs.com/babylon.js:0:2927939)
    at renderScene (http://localhost:5500/js/graphics.js?v=79:1288:10)
    at animate (http://localhost:5500/js/main.js?v=79:377:2)
[  105808ms] Uncaught TypeError: Cannot read properties of undefined (reading '_currentLOD')
    at e._prepareRenderingManager (https://cdn.babylonjs.com/babylon.js:0:1473870)
    at e.render (https://cdn.babylonjs.com/babylon.js:0:1470701)
    at t._renderToTarget (https://cdn.babylonjs.com/babylon.js:0:944126)
    at t._render (https://cdn.babylonjs.com/babylon.js:0:942773)
    at t.render (https://cdn.babylonjs.com/babylon.js:0:941741)
    at e._renderForCamera (https://cdn.babylonjs.com/babylon.js:0:2917619)
    at e._processSubCameras (https://cdn.babylonjs.com/babylon.js:0:2919674)
    at e.render (https://cdn.babylonjs.com/babylon.js:0:2927939)
    at renderScene (http://localhost:5500/js/graphics.js?v=79:1288:10)
    at animate (http://localhost:5500/js/main.js?v=79:377:2)
[  106824ms] Uncaught TypeError: Cannot read properties of undefined (reading '_currentLOD')
    at e._prepareRenderingManager (https://cdn.babylonjs.com/babylon.js:0:1473870)
    at e.render (https://cdn.babylonjs.com/babylon.js:0:1470701)
    at t._renderToTarget (https://cdn.babylonjs.com/babylon.js:0:944126)
    at t._render (https://cdn.babylonjs.com/babylon.js:0:942773)
    at t.render (https://cdn.babylonjs.com/babylon.js:0:941741)
    at e._renderForCamera (https://cdn.babylonjs.com/babylon.js:0:2917619)
    at e._processSubCameras (https://cdn.babylonjs.com/babylon.js:0:2919674)
    at e.render (https://cdn.babylonjs.com/babylon.js:0:2927939)
    at renderScene (http://localhost:5500/js/graphics.js?v=79:1288:10)
    at animate (http://localhost:5500/js/main.js?v=79:377:2)
[  107823ms] Uncaught TypeError: Cannot read properties of undefined (reading '_currentLOD')
    at e._prepareRenderingManager (https://cdn.babylonjs.com/babylon.js:0:1473870)
    at e.render (https://cdn.babylonjs.com/babylon.js:0:1470701)
    at t._renderToTarget (https://cdn.babylonjs.com/babylon.js:0:944126)
    at t._render (https://cdn.babylonjs.com/babylon.js:0:942773)
    at t.render (https://cdn.babylonjs.com/babylon.js:0:941741)
    at e._renderForCamera (https://cdn.babylonjs.com/babylon.js:0:2917619)
    at e._processSubCameras (https://cdn.babylonjs.com/babylon.js:0:2919674)
    at e.render (https://cdn.babylonjs.com/babylon.js:0:2927939)
    at renderScene (http://localhost:5500/js/graphics.js?v=79:1288:10)
    at animate (http://localhost:5500/js/main.js?v=79:377:2)
[  108824ms] Uncaught TypeError: Cannot read properties of undefined (reading '_currentLOD')
    at e._prepareRenderingManager (https://cdn.babylonjs.com/babylon.js:0:1473870)
    at e.render (https://cdn.babylonjs.com/babylon.js:0:1470701)
    at t._renderToTarget (https://cdn.babylonjs.com/babylon.js:0:944126)
    at t._render (https://cdn.babylonjs.com/babylon.js:0:942773)
    at t.render (https://cdn.babylonjs.com/babylon.js:0:941741)
    at e._renderForCamera (https://cdn.babylonjs.com/babylon.js:0:2917619)
    at e._processSubCameras (https://cdn.babylonjs.com/babylon.js:0:2919674)
    at e.render (https://cdn.babylonjs.com/babylon.js:0:2927939)
    at renderScene (http://localhost:5500/js/graphics.js?v=79:1288:10)
    at animate (http://localhost:5500/js/main.js?v=79:377:2)
[  109840ms] Uncaught TypeError: Cannot read properties of undefined (reading '_currentLOD')
    at e._prepareRenderingManager (https://cdn.babylonjs.com/babylon.js:0:1473870)
    at e.render (https://cdn.babylonjs.com/babylon.js:0:1470701)
    at t._renderToTarget (https://cdn.babylonjs.com/babylon.js:0:944126)
    at t._render (https://cdn.babylonjs.com/babylon.js:0:942773)
    at t.render (https://cdn.babylonjs.com/babylon.js:0:941741)
    at e._renderForCamera (https://cdn.babylonjs.com/babylon.js:0:2917619)
    at e._processSubCameras (https://cdn.babylonjs.com/babylon.js:0:2919674)
    at e.render (https://cdn.babylonjs.com/babylon.js:0:2927939)
    at renderScene (http://localhost:5500/js/graphics.js?v=79:1288:10)
    at animate (http://localhost:5500/js/main.js?v=79:377:2)
[  110843ms] Uncaught TypeError: Cannot read properties of undefined (reading '_currentLOD')
    at e._prepareRenderingManager (https://cdn.babylonjs.com/babylon.js:0:1473870)
    at e.render (https://cdn.babylonjs.com/babylon.js:0:1470701)
    at t._renderToTarget (https://cdn.babylonjs.com/babylon.js:0:944126)
    at t._render (https://cdn.babylonjs.com/babylon.js:0:942773)
    at t.render (https://cdn.babylonjs.com/babylon.js:0:941741)
    at e._renderForCamera (https://cdn.babylonjs.com/babylon.js:0:2917619)
    at e._processSubCameras (https://cdn.babylonjs.com/babylon.js:0:2919674)
    at e.render (https://cdn.babylonjs.com/babylon.js:0:2927939)
    at renderScene (http://localhost:5500/js/graphics.js?v=79:1288:10)
    at animate (http://localhost:5500/js/main.js?v=79:377:2)
[  111859ms] Uncaught TypeError: Cannot read properties of undefined (reading '_currentLOD')
    at e._prepareRenderingManager (https://cdn.babylonjs.com/babylon.js:0:1473870)
    at e.render (https://cdn.babylonjs.com/babylon.js:0:1470701)
    at t._renderToTarget (https://cdn.babylonjs.com/babylon.js:0:944126)
    at t._render (https://cdn.babylonjs.com/babylon.js:0:942773)
    at t.render (https://cdn.babylonjs.com/babylon.js:0:941741)
    at e._renderForCamera (https://cdn.babylonjs.com/babylon.js:0:2917619)
    at e._processSubCameras (https://cdn.babylonjs.com/babylon.js:0:2919674)
    at e.render (https://cdn.babylonjs.com/babylon.js:0:2927939)
    at renderScene (http://localhost:5500/js/graphics.js?v=79:1288:10)
    at animate (http://localhost:5500/js/main.js?v=79:377:2)
[  112880ms] Uncaught TypeError: Cannot read properties of undefined (reading '_currentLOD')
    at e._prepareRenderingManager (https://cdn.babylonjs.com/babylon.js:0:1473870)
    at e.render (https://cdn.babylonjs.com/babylon.js:0:1470701)
    at t._renderToTarget (https://cdn.babylonjs.com/babylon.js:0:944126)
    at t._render (https://cdn.babylonjs.com/babylon.js:0:942773)
    at t.render (https://cdn.babylonjs.com/babylon.js:0:941741)
    at e._renderForCamera (https://cdn.babylonjs.com/babylon.js:0:2917619)
    at e._processSubCameras (https://cdn.babylonjs.com/babylon.js:0:2919674)
    at e.render (https://cdn.babylonjs.com/babylon.js:0:2927939)
    at renderScene (http://localhost:5500/js/graphics.js?v=79:1288:10)
    at animate (http://localhost:5500/js/main.js?v=79:377:2)
[  113230ms] Uncaught TypeError: Cannot read properties of undefined (reading '_currentLOD')
    at e._prepareRenderingManager (https://cdn.babylonjs.com/babylon.js:0:1473870)
    at e.render (https://cdn.babylonjs.com/babylon.js:0:1470701)
    at t._renderToTarget (https://cdn.babylonjs.com/babylon.js:0:944126)
    at t._render (https://cdn.babylonjs.com/babylon.js:0:942773)
    at t.render (https://cdn.babylonjs.com/babylon.js:0:941741)
    at e._renderForCamera (https://cdn.babylonjs.com/babylon.js:0:2917619)
    at e._processSubCameras (https://cdn.babylonjs.com/babylon.js:0:2919674)
    at e.render (https://cdn.babylonjs.com/babylon.js:0:2927939)
    at renderScene (http://localhost:5500/js/graphics.js?v=79:1288:10)
    at animate (http://localhost:5500/js/main.js?v=79:377:2)
[  113264ms] Uncaught TypeError: Cannot read properties of undefined (reading '_currentLOD')
    at e._prepareRenderingManager (https://cdn.babylonjs.com/babylon.js:0:1473870)
    at e.render (https://cdn.babylonjs.com/babylon.js:0:1470701)
    at t._renderToTarget (https://cdn.babylonjs.com/babylon.js:0:944126)
    at t._render (https://cdn.babylonjs.com/babylon.js:0:942773)
    at t.render (https://cdn.babylonjs.com/babylon.js:0:941741)
    at e._renderForCamera (https://cdn.babylonjs.com/babylon.js:0:2917619)
    at e._processSubCameras (https://cdn.babylonjs.com/babylon.js:0:2919674)
    at e.render (https://cdn.babylonjs.com/babylon.js:0:2927939)
    at renderScene (http://localhost:5500/js/graphics.js?v=79:1288:10)
    at animate (http://localhost:5500/js/main.js?v=79:377:2)
[  113295ms] Uncaught TypeError: Cannot read properties of undefined (reading '_currentLOD')
    at e._prepareRenderingManager (https://cdn.babylonjs.com/babylon.js:0:1473870)
    at e.render (https://cdn.babylonjs.com/babylon.js:0:1470701)
    at t._renderToTarget (https://cdn.babylonjs.com/babylon.js:0:944126)
    at t._render (https://cdn.babylonjs.com/babylon.js:0:942773)
    at t.render (https://cdn.babylonjs.com/babylon.js:0:941741)
    at e._renderForCamera (https://cdn.babylonjs.com/babylon.js:0:2917619)
    at e._processSubCameras (https://cdn.babylonjs.com/babylon.js:0:2919674)
    at e.render (https://cdn.babylonjs.com/babylon.js:0:2927939)
    at renderScene (http://localhost:5500/js/graphics.js?v=79:1288:10)
    at animate (http://localhost:5500/js/main.js?v=79:377:2)
[  113329ms] Uncaught TypeError: Cannot read properties of undefined (reading '_currentLOD')
    at e._prepareRenderingManager (https://cdn.babylonjs.com/babylon.js:0:1473870)
    at e.render (https://cdn.babylonjs.com/babylon.js:0:1470701)
    at t._renderToTarget (https://cdn.babylonjs.com/babylon.js:0:944126)
    at t._render (https://cdn.babylonjs.com/babylon.js:0:942773)
    at t.render (https://cdn.babylonjs.com/babylon.js:0:941741)
    at e._renderForCamera (https://cdn.babylonjs.com/babylon.js:0:2917619)
    at e._processSubCameras (https://cdn.babylonjs.com/babylon.js:0:2919674)
    at e.render (https://cdn.babylonjs.com/babylon.js:0:2927939)
    at renderScene (http://localhost:5500/js/graphics.js?v=79:1288:10)
    at animate (http://localhost:5500/js/main.js?v=79:377:2)
[  113362ms] Uncaught TypeError: Cannot read properties of undefined (reading '_currentLOD')
    at e._prepareRenderingManager (https://cdn.babylonjs.com/babylon.js:0:1473870)
    at e.render (https://cdn.babylonjs.com/babylon.js:0:1470701)
    at t._renderToTarget (https://cdn.babylonjs.com/babylon.js:0:944126)
    at t._render (https://cdn.babylonjs.com/babylon.js:0:942773)
    at t.render (https://cdn.babylonjs.com/babylon.js:0:941741)
    at e._renderForCamera (https://cdn.babylonjs.com/babylon.js:0:2917619)
    at e._processSubCameras (https://cdn.babylonjs.com/babylon.js:0:2919674)
    at e.render (https://cdn.babylonjs.com/babylon.js:0:2927939)
    at renderScene (http://localhost:5500/js/graphics.js?v=79:1288:10)
    at animate (http://localhost:5500/js/main.js?v=79:377:2)
[  113394ms] Uncaught TypeError: Cannot read properties of undefined (reading '_currentLOD')
    at e._prepareRenderingManager (https://cdn.babylonjs.com/babylon.js:0:1473870)
    at e.render (https://cdn.babylonjs.com/babylon.js:0:1470701)
    at t._renderToTarget (https://cdn.babylonjs.com/babylon.js:0:944126)
    at t._render (https://cdn.babylonjs.com/babylon.js:0:942773)
    at t.render (https://cdn.babylonjs.com/babylon.js:0:941741)
    at e._renderForCamera (https://cdn.babylonjs.com/babylon.js:0:2917619)
    at e._processSubCameras (https://cdn.babylonjs.com/babylon.js:0:2919674)
    at e.render (https://cdn.babylonjs.com/babylon.js:0:2927939)
    at renderScene (http://localhost:5500/js/graphics.js?v=79:1288:10)
    at animate (http://localhost:5500/js/main.js?v=79:377:2)
[  113426ms] Uncaught TypeError: Cannot read properties of undefined (reading '_currentLOD')
    at e._prepareRenderingManager (https://cdn.babylonjs.com/babylon.js:0:1473870)
    at e.render (https://cdn.babylonjs.com/babylon.js:0:1470701)
    at t._renderToTarget (https://cdn.babylonjs.com/babylon.js:0:944126)
    at t._render (https://cdn.babylonjs.com/babylon.js:0:942773)
    at t.render (https://cdn.babylonjs.com/babylon.js:0:941741)
    at e._renderForCamera (https://cdn.babylonjs.com/babylon.js:0:2917619)
    at e._processSubCameras (https://cdn.babylonjs.com/babylon.js:0:2919674)
    at e.render (https://cdn.babylonjs.com/babylon.js:0:2927939)
    at renderScene (http://localhost:5500/js/graphics.js?v=79:1288:10)
    at animate (http://localhost:5500/js/main.js?v=79:377:2)
[  114426ms] Uncaught TypeError: Cannot read properties of undefined (reading '_currentLOD')
    at e._prepareRenderingManager (https://cdn.babylonjs.com/babylon.js:0:1473870)
    at e.render (https://cdn.babylonjs.com/babylon.js:0:1470701)
    at t._renderToTarget (https://cdn.babylonjs.com/babylon.js:0:944126)
    at t._render (https://cdn.babylonjs.com/babylon.js:0:942773)
    at t.render (https://cdn.babylonjs.com/babylon.js:0:941741)
    at e._renderForCamera (https://cdn.babylonjs.com/babylon.js:0:2917619)
    at e._processSubCameras (https://cdn.babylonjs.com/babylon.js:0:2919674)
    at e.render (https://cdn.babylonjs.com/babylon.js:0:2927939)
    at renderScene (http://localhost:5500/js/graphics.js?v=79:1288:10)
    at animate (http://localhost:5500/js/main.js?v=79:377:2)
[  115427ms] Uncaught TypeError: Cannot read properties of undefined (reading '_currentLOD')
    at e._prepareRenderingManager (https://cdn.babylonjs.com/babylon.js:0:1473870)
    at e.render (https://cdn.babylonjs.com/babylon.js:0:1470701)
    at t._renderToTarget (https://cdn.babylonjs.com/babylon.js:0:944126)
    at t._render (https://cdn.babylonjs.com/babylon.js:0:942773)
    at t.render (https://cdn.babylonjs.com/babylon.js:0:941741)
    at e._renderForCamera (https://cdn.babylonjs.com/babylon.js:0:2917619)
    at e._processSubCameras (https://cdn.babylonjs.com/babylon.js:0:2919674)
    at e.render (https://cdn.babylonjs.com/babylon.js:0:2927939)
    at renderScene (http://localhost:5500/js/graphics.js?v=79:1288:10)
    at animate (http://localhost:5500/js/main.js?v=79:377:2)
[  115645ms] Uncaught TypeError: Cannot read properties of undefined (reading '_currentLOD')
    at e._prepareRenderingManager (https://cdn.babylonjs.com/babylon.js:0:1473870)
    at e.render (https://cdn.babylonjs.com/babylon.js:0:1470701)
    at t._renderToTarget (https://cdn.babylonjs.com/babylon.js:0:944126)
    at t._render (https://cdn.babylonjs.com/babylon.js:0:942773)
    at t.render (https://cdn.babylonjs.com/babylon.js:0:941741)
    at e._renderForCamera (https://cdn.babylonjs.com/babylon.js:0:2917619)
    at e._processSubCameras (https://cdn.babylonjs.com/babylon.js:0:2919674)
    at e.render (https://cdn.babylonjs.com/babylon.js:0:2927939)
    at renderScene (http://localhost:5500/js/graphics.js?v=79:1288:10)
    at animate (http://localhost:5500/js/main.js?v=79:377:2)
[  115678ms] Uncaught TypeError: Cannot read properties of undefined (reading '_currentLOD')
    at e._prepareRenderingManager (https://cdn.babylonjs.com/babylon.js:0:1473870)
    at e.render (https://cdn.babylonjs.com/babylon.js:0:1470701)
    at t._renderToTarget (https://cdn.babylonjs.com/babylon.js:0:944126)
    at t._render (https://cdn.babylonjs.com/babylon.js:0:942773)
    at t.render (https://cdn.babylonjs.com/babylon.js:0:941741)
    at e._renderForCamera (https://cdn.babylonjs.com/babylon.js:0:2917619)
    at e._processSubCameras (https://cdn.babylonjs.com/babylon.js:0:2919674)
    at e.render (https://cdn.babylonjs.com/babylon.js:0:2927939)
    at renderScene (http://localhost:5500/js/graphics.js?v=79:1288:10)
    at animate (http://localhost:5500/js/main.js?v=79:377:2)
[  115711ms] Uncaught TypeError: Cannot read properties of undefined (reading '_currentLOD')
    at e._prepareRenderingManager (https://cdn.babylonjs.com/babylon.js:0:1473870)
    at e.render (https://cdn.babylonjs.com/babylon.js:0:1470701)
    at t._renderToTarget (https://cdn.babylonjs.com/babylon.js:0:944126)
    at t._render (https://cdn.babylonjs.com/babylon.js:0:942773)
    at t.render (https://cdn.babylonjs.com/babylon.js:0:941741)
    at e._renderForCamera (https://cdn.babylonjs.com/babylon.js:0:2917619)
    at e._processSubCameras (https://cdn.babylonjs.com/babylon.js:0:2919674)
    at e.render (https://cdn.babylonjs.com/babylon.js:0:2927939)
    at renderScene (http://localhost:5500/js/graphics.js?v=79:1288:10)
    at animate (http://localhost:5500/js/main.js?v=79:377:2)
[  115745ms] Uncaught TypeError: Cannot read properties of undefined (reading '_currentLOD')
    at e._prepareRenderingManager (https://cdn.babylonjs.com/babylon.js:0:1473870)
    at e.render (https://cdn.babylonjs.com/babylon.js:0:1470701)
    at t._renderToTarget (https://cdn.babylonjs.com/babylon.js:0:944126)
    at t._render (https://cdn.babylonjs.com/babylon.js:0:942773)
    at t.render (https://cdn.babylonjs.com/babylon.js:0:941741)
    at e._renderForCamera (https://cdn.babylonjs.com/babylon.js:0:2917619)
    at e._processSubCameras (https://cdn.babylonjs.com/babylon.js:0:2919674)
    at e.render (https://cdn.babylonjs.com/babylon.js:0:2927939)
    at renderScene (http://localhost:5500/js/graphics.js?v=79:1288:10)
    at animate (http://localhost:5500/js/main.js?v=79:377:2)
[  115778ms] Uncaught TypeError: Cannot read properties of undefined (reading '_currentLOD')
    at e._prepareRenderingManager (https://cdn.babylonjs.com/babylon.js:0:1473870)
    at e.render (https://cdn.babylonjs.com/babylon.js:0:1470701)
    at t._renderToTarget (https://cdn.babylonjs.com/babylon.js:0:944126)
    at t._render (https://cdn.babylonjs.com/babylon.js:0:942773)
    at t.render (https://cdn.babylonjs.com/babylon.js:0:941741)
    at e._renderForCamera (https://cdn.babylonjs.com/babylon.js:0:2917619)
    at e._processSubCameras (https://cdn.babylonjs.com/babylon.js:0:2919674)
    at e.render (https://cdn.babylonjs.com/babylon.js:0:2927939)
    at renderScene (http://localhost:5500/js/graphics.js?v=79:1288:10)
    at animate (http://localhost:5500/js/main.js?v=79:377:2)
[  115817ms] Uncaught TypeError: Cannot read properties of undefined (reading '_currentLOD')
    at e._prepareRenderingManager (https://cdn.babylonjs.com/babylon.js:0:1473870)
    at e.render (https://cdn.babylonjs.com/babylon.js:0:1470701)
    at t._renderToTarget (https://cdn.babylonjs.com/babylon.js:0:944126)
    at t._render (https://cdn.babylonjs.com/babylon.js:0:942773)
    at t.render (https://cdn.babylonjs.com/babylon.js:0:941741)
    at e._renderForCamera (https://cdn.babylonjs.com/babylon.js:0:2917619)
    at e._processSubCameras (https://cdn.babylonjs.com/babylon.js:0:2919674)
    at e.render (https://cdn.babylonjs.com/babylon.js:0:2927939)
    at renderScene (http://localhost:5500/js/graphics.js?v=79:1288:10)
    at animate (http://localhost:5500/js/main.js?v=79:377:2)
[  115856ms] Uncaught TypeError: Cannot read properties of undefined (reading '_currentLOD')
    at e._prepareRenderingManager (https://cdn.babylonjs.com/babylon.js:0:1473870)
    at e.render (https://cdn.babylonjs.com/babylon.js:0:1470701)
    at t._renderToTarget (https://cdn.babylonjs.com/babylon.js:0:944126)
    at t._render (https://cdn.babylonjs.com/babylon.js:0:942773)
    at t.render (https://cdn.babylonjs.com/babylon.js:0:941741)
    at e._renderForCamera (https://cdn.babylonjs.com/babylon.js:0:2917619)
    at e._processSubCameras (https://cdn.babylonjs.com/babylon.js:0:2919674)
    at e.render (https://cdn.babylonjs.com/babylon.js:0:2927939)
    at renderScene (http://localhost:5500/js/graphics.js?v=79:1288:10)
    at animate (http://localhost:5500/js/main.js?v=79:377:2)
[  115888ms] Uncaught TypeError: Cannot read properties of undefined (reading '_currentLOD')
    at e._prepareRenderingManager (https://cdn.babylonjs.com/babylon.js:0:1473870)
    at e.render (https://cdn.babylonjs.com/babylon.js:0:1470701)
    at t._renderToTarget (https://cdn.babylonjs.com/babylon.js:0:944126)
    at t._render (https://cdn.babylonjs.com/babylon.js:0:942773)
    at t.render (https://cdn.babylonjs.com/babylon.js:0:941741)
    at e._renderForCamera (https://cdn.babylonjs.com/babylon.js:0:2917619)
    at e._processSubCameras (https://cdn.babylonjs.com/babylon.js:0:2919674)
    at e.render (https://cdn.babylonjs.com/babylon.js:0:2927939)
    at renderScene (http://localhost:5500/js/graphics.js?v=79:1288:10)
    at animate (http://localhost:5500/js/main.js?v=79:377:2)
[  115915ms] Uncaught TypeError: Cannot read properties of undefined (reading '_currentLOD')
    at e._prepareRenderingManager (https://cdn.babylonjs.com/babylon.js:0:1473870)
    at e.render (https://cdn.babylonjs.com/babylon.js:0:1470701)
    at t._renderToTarget (https://cdn.babylonjs.com/babylon.js:0:944126)
    at t._render (https://cdn.babylonjs.com/babylon.js:0:942773)
    at t.render (https://cdn.babylonjs.com/babylon.js:0:941741)
    at e._renderForCamera (https://cdn.babylonjs.com/babylon.js:0:2917619)
    at e._processSubCameras (https://cdn.babylonjs.com/babylon.js:0:2919674)
    at e.render (https://cdn.babylonjs.com/babylon.js:0:2927939)
    at renderScene (http://localhost:5500/js/graphics.js?v=79:1288:10)
    at animate (http://localhost:5500/js/main.js?v=79:377:2)
[  115944ms] Uncaught TypeError: Cannot read properties of undefined (reading '_currentLOD')
    at e._prepareRenderingManager (https://cdn.babylonjs.com/babylon.js:0:1473870)
    at e.render (https://cdn.babylonjs.com/babylon.js:0:1470701)
    at t._renderToTarget (https://cdn.babylonjs.com/babylon.js:0:944126)
    at t._render (https://cdn.babylonjs.com/babylon.js:0:942773)
    at t.render (https://cdn.babylonjs.com/babylon.js:0:941741)
    at e._renderForCamera (https://cdn.babylonjs.com/babylon.js:0:2917619)
    at e._processSubCameras (https://cdn.babylonjs.com/babylon.js:0:2919674)
    at e.render (https://cdn.babylonjs.com/babylon.js:0:2927939)
    at renderScene (http://localhost:5500/js/graphics.js?v=79:1288:10)
    at animate (http://localhost:5500/js/main.js?v=79:377:2)
[  115978ms] Uncaught TypeError: Cannot read properties of undefined (reading '_currentLOD')
    at e._prepareRenderingManager (https://cdn.babylonjs.com/babylon.js:0:1473870)
    at e.render (https://cdn.babylonjs.com/babylon.js:0:1470701)
    at t._renderToTarget (https://cdn.babylonjs.com/babylon.js:0:944126)
    at t._render (https://cdn.babylonjs.com/babylon.js:0:942773)
    at t.render (https://cdn.babylonjs.com/babylon.js:0:941741)
    at e._renderForCamera (https://cdn.babylonjs.com/babylon.js:0:2917619)
    at e._processSubCameras (https://cdn.babylonjs.com/babylon.js:0:2919674)
    at e.render (https://cdn.babylonjs.com/babylon.js:0:2927939)
    at renderScene (http://localhost:5500/js/graphics.js?v=79:1288:10)
    at animate (http://localhost:5500/js/main.js?v=79:377:2)
[  116013ms] Uncaught TypeError: Cannot read properties of undefined (reading '_currentLOD')
    at e._prepareRenderingManager (https://cdn.babylonjs.com/babylon.js:0:1473870)
    at e.render (https://cdn.babylonjs.com/babylon.js:0:1470701)
    at t._renderToTarget (https://cdn.babylonjs.com/babylon.js:0:944126)
    at t._render (https://cdn.babylonjs.com/babylon.js:0:942773)
    at t.render (https://cdn.babylonjs.com/babylon.js:0:941741)
    at e._renderForCamera (https://cdn.babylonjs.com/babylon.js:0:2917619)
    at e._processSubCameras (https://cdn.babylonjs.com/babylon.js:0:2919674)
    at e.render (https://cdn.babylonjs.com/babylon.js:0:2927939)
    at renderScene (http://localhost:5500/js/graphics.js?v=79:1288:10)
    at animate (http://localhost:5500/js/main.js?v=79:377:2)
[  116046ms] Uncaught TypeError: Cannot read properties of undefined (reading '_currentLOD')
    at e._prepareRenderingManager (https://cdn.babylonjs.com/babylon.js:0:1473870)
    at e.render (https://cdn.babylonjs.com/babylon.js:0:1470701)
    at t._renderToTarget (https://cdn.babylonjs.com/babylon.js:0:944126)
    at t._render (https://cdn.babylonjs.com/babylon.js:0:942773)
    at t.render (https://cdn.babylonjs.com/babylon.js:0:941741)
    at e._renderForCamera (https://cdn.babylonjs.com/babylon.js:0:2917619)
    at e._processSubCameras (https://cdn.babylonjs.com/babylon.js:0:2919674)
    at e.render (https://cdn.babylonjs.com/babylon.js:0:2927939)
    at renderScene (http://localhost:5500/js/graphics.js?v=79:1288:10)
    at animate (http://localhost:5500/js/main.js?v=79:377:2)
[  116078ms] Uncaught TypeError: Cannot read properties of undefined (reading '_currentLOD')
    at e._prepareRenderingManager (https://cdn.babylonjs.com/babylon.js:0:1473870)
    at e.render (https://cdn.babylonjs.com/babylon.js:0:1470701)
    at t._renderToTarget (https://cdn.babylonjs.com/babylon.js:0:944126)
    at t._render (https://cdn.babylonjs.com/babylon.js:0:942773)
    at t.render (https://cdn.babylonjs.com/babylon.js:0:941741)
    at e._renderForCamera (https://cdn.babylonjs.com/babylon.js:0:2917619)
    at e._processSubCameras (https://cdn.babylonjs.com/babylon.js:0:2919674)
    at e.render (https://cdn.babylonjs.com/babylon.js:0:2927939)
    at renderScene (http://localhost:5500/js/graphics.js?v=79:1288:10)
    at animate (http://localhost:5500/js/main.js?v=79:377:2)
[  116112ms] Uncaught TypeError: Cannot read properties of undefined (reading '_currentLOD')
    at e._prepareRenderingManager (https://cdn.babylonjs.com/babylon.js:0:1473870)
    at e.render (https://cdn.babylonjs.com/babylon.js:0:1470701)
    at t._renderToTarget (https://cdn.babylonjs.com/babylon.js:0:944126)
    at t._render (https://cdn.babylonjs.com/babylon.js:0:942773)
    at t.render (https://cdn.babylonjs.com/babylon.js:0:941741)
    at e._renderForCamera (https://cdn.babylonjs.com/babylon.js:0:2917619)
    at e._processSubCameras (https://cdn.babylonjs.com/babylon.js:0:2919674)
    at e.render (https://cdn.babylonjs.com/babylon.js:0:2927939)
    at renderScene (http://localhost:5500/js/graphics.js?v=79:1288:10)
    at animate (http://localhost:5500/js/main.js?v=79:377:2)
[  116145ms] Uncaught TypeError: Cannot read properties of undefined (reading '_currentLOD')
    at e._prepareRenderingManager (https://cdn.babylonjs.com/babylon.js:0:1473870)
    at e.render (https://cdn.babylonjs.com/babylon.js:0:1470701)
    at t._renderToTarget (https://cdn.babylonjs.com/babylon.js:0:944126)
    at t._render (https://cdn.babylonjs.com/babylon.js:0:942773)
    at t.render (https://cdn.babylonjs.com/babylon.js:0:941741)
    at e._renderForCamera (https://cdn.babylonjs.com/babylon.js:0:2917619)
    at e._processSubCameras (https://cdn.babylonjs.com/babylon.js:0:2919674)
    at e.render (https://cdn.babylonjs.com/babylon.js:0:2927939)
    at renderScene (http://localhost:5500/js/graphics.js?v=79:1288:10)
    at animate (http://localhost:5500/js/main.js?v=79:377:2)
[  116177ms] Uncaught TypeError: Cannot read properties of undefined (reading '_currentLOD')
    at e._prepareRenderingManager (https://cdn.babylonjs.com/babylon.js:0:1473870)
    at e.render (https://cdn.babylonjs.com/babylon.js:0:1470701)
    at t._renderToTarget (https://cdn.babylonjs.com/babylon.js:0:944126)
    at t._render (https://cdn.babylonjs.com/babylon.js:0:942773)
    at t.render (https://cdn.babylonjs.com/babylon.js:0:941741)
    at e._renderForCamera (https://cdn.babylonjs.com/babylon.js:0:2917619)
    at e._processSubCameras (https://cdn.babylonjs.com/babylon.js:0:2919674)
    at e.render (https://cdn.babylonjs.com/babylon.js:0:2927939)
    at renderScene (http://localhost:5500/js/graphics.js?v=79:1288:10)
    at animate (http://localhost:5500/js/main.js?v=79:377:2)
[  116210ms] Uncaught TypeError: Cannot read properties of undefined (reading '_currentLOD')
    at e._prepareRenderingManager (https://cdn.babylonjs.com/babylon.js:0:1473870)
    at e.render (https://cdn.babylonjs.com/babylon.js:0:1470701)
    at t._renderToTarget (https://cdn.babylonjs.com/babylon.js:0:944126)
    at t._render (https://cdn.babylonjs.com/babylon.js:0:942773)
    at t.render (https://cdn.babylonjs.com/babylon.js:0:941741)
    at e._renderForCamera (https://cdn.babylonjs.com/babylon.js:0:2917619)
    at e._processSubCameras (https://cdn.babylonjs.com/babylon.js:0:2919674)
    at e.render (https://cdn.babylonjs.com/babylon.js:0:2927939)
    at renderScene (http://localhost:5500/js/graphics.js?v=79:1288:10)
    at animate (http://localhost:5500/js/main.js?v=79:377:2)
[  116245ms] Uncaught TypeError: Cannot read properties of undefined (reading '_currentLOD')
    at e._prepareRenderingManager (https://cdn.babylonjs.com/babylon.js:0:1473870)
    at e.render (https://cdn.babylonjs.com/babylon.js:0:1470701)
    at t._renderToTarget (https://cdn.babylonjs.com/babylon.js:0:944126)
    at t._render (https://cdn.babylonjs.com/babylon.js:0:942773)
    at t.render (https://cdn.babylonjs.com/babylon.js:0:941741)
    at e._renderForCamera (https://cdn.babylonjs.com/babylon.js:0:2917619)
    at e._processSubCameras (https://cdn.babylonjs.com/babylon.js:0:2919674)
    at e.render (https://cdn.babylonjs.com/babylon.js:0:2927939)
    at renderScene (http://localhost:5500/js/graphics.js?v=79:1288:10)
    at animate (http://localhost:5500/js/main.js?v=79:377:2)
[  116337ms] Uncaught TypeError: Cannot read properties of undefined (reading '_currentLOD')
    at e._prepareRenderingManager (https://cdn.babylonjs.com/babylon.js:0:1473870)
    at e.render (https://cdn.babylonjs.com/babylon.js:0:1470701)
    at t._renderToTarget (https://cdn.babylonjs.com/babylon.js:0:944126)
    at t._render (https://cdn.babylonjs.com/babylon.js:0:942773)
    at t.render (https://cdn.babylonjs.com/babylon.js:0:941741)
    at e._renderForCamera (https://cdn.babylonjs.com/babylon.js:0:2917619)
    at e._processSubCameras (https://cdn.babylonjs.com/babylon.js:0:2919674)
    at e.render (https://cdn.babylonjs.com/babylon.js:0:2927939)
    at renderScene (http://localhost:5500/js/graphics.js?v=79:1288:10)
    at animate (http://localhost:5500/js/main.js?v=79:377:2)
[  116361ms] Uncaught TypeError: Cannot read properties of undefined (reading '_currentLOD')
    at e._prepareRenderingManager (https://cdn.babylonjs.com/babylon.js:0:1473870)
    at e.render (https://cdn.babylonjs.com/babylon.js:0:1470701)
    at t._renderToTarget (https://cdn.babylonjs.com/babylon.js:0:944126)
    at t._render (https://cdn.babylonjs.com/babylon.js:0:942773)
    at t.render (https://cdn.babylonjs.com/babylon.js:0:941741)
    at e._renderForCamera (https://cdn.babylonjs.com/babylon.js:0:2917619)
    at e._processSubCameras (https://cdn.babylonjs.com/babylon.js:0:2919674)
    at e.render (https://cdn.babylonjs.com/babylon.js:0:2927939)
    at renderScene (http://localhost:5500/js/graphics.js?v=79:1288:10)
    at animate (http://localhost:5500/js/main.js?v=79:377:2)
[  116394ms] Uncaught TypeError: Cannot read properties of undefined (reading '_currentLOD')
    at e._prepareRenderingManager (https://cdn.babylonjs.com/babylon.js:0:1473870)
    at e.render (https://cdn.babylonjs.com/babylon.js:0:1470701)
    at t._renderToTarget (https://cdn.babylonjs.com/babylon.js:0:944126)
    at t._render (https://cdn.babylonjs.com/babylon.js:0:942773)
    at t.render (https://cdn.babylonjs.com/babylon.js:0:941741)
    at e._renderForCamera (https://cdn.babylonjs.com/babylon.js:0:2917619)
    at e._processSubCameras (https://cdn.babylonjs.com/babylon.js:0:2919674)
    at e.render (https://cdn.babylonjs.com/babylon.js:0:2927939)
    at renderScene (http://localhost:5500/js/graphics.js?v=79:1288:10)
    at animate (http://localhost:5500/js/main.js?v=79:377:2)
[  116428ms] Uncaught TypeError: Cannot read properties of undefined (reading '_currentLOD')
    at e._prepareRenderingManager (https://cdn.babylonjs.com/babylon.js:0:1473870)
    at e.render (https://cdn.babylonjs.com/babylon.js:0:1470701)
    at t._renderToTarget (https://cdn.babylonjs.com/babylon.js:0:944126)
    at t._render (https://cdn.babylonjs.com/babylon.js:0:942773)
    at t.render (https://cdn.babylonjs.com/babylon.js:0:941741)
    at e._renderForCamera (https://cdn.babylonjs.com/babylon.js:0:2917619)
    at e._processSubCameras (https://cdn.babylonjs.com/babylon.js:0:2919674)
    at e.render (https://cdn.babylonjs.com/babylon.js:0:2927939)
    at renderScene (http://localhost:5500/js/graphics.js?v=79:1288:10)
    at animate (http://localhost:5500/js/main.js?v=79:377:2)
[  116460ms] Uncaught TypeError: Cannot read properties of undefined (reading '_currentLOD')
    at e._prepareRenderingManager (https://cdn.babylonjs.com/babylon.js:0:1473870)
    at e.render (https://cdn.babylonjs.com/babylon.js:0:1470701)
    at t._renderToTarget (https://cdn.babylonjs.com/babylon.js:0:944126)
    at t._render (https://cdn.babylonjs.com/babylon.js:0:942773)
    at t.render (https://cdn.babylonjs.com/babylon.js:0:941741)
    at e._renderForCamera (https://cdn.babylonjs.com/babylon.js:0:2917619)
    at e._processSubCameras (https://cdn.babylonjs.com/babylon.js:0:2919674)
    at e.render (https://cdn.babylonjs.com/babylon.js:0:2927939)
    at renderScene (http://localhost:5500/js/graphics.js?v=79:1288:10)
    at animate (http://localhost:5500/js/main.js?v=79:377:2)
[  116494ms] Uncaught TypeError: Cannot read properties of undefined (reading '_currentLOD')
    at e._prepareRenderingManager (https://cdn.babylonjs.com/babylon.js:0:1473870)
    at e.render (https://cdn.babylonjs.com/babylon.js:0:1470701)
    at t._renderToTarget (https://cdn.babylonjs.com/babylon.js:0:944126)
    at t._render (https://cdn.babylonjs.com/babylon.js:0:942773)
    at t.render (https://cdn.babylonjs.com/babylon.js:0:941741)
    at e._renderForCamera (https://cdn.babylonjs.com/babylon.js:0:2917619)
    at e._processSubCameras (https://cdn.babylonjs.com/babylon.js:0:2919674)
    at e.render (https://cdn.babylonjs.com/babylon.js:0:2927939)
    at renderScene (http://localhost:5500/js/graphics.js?v=79:1288:10)
    at animate (http://localhost:5500/js/main.js?v=79:377:2)
[  116526ms] Uncaught TypeError: Cannot read properties of undefined (reading '_currentLOD')
    at e._prepareRenderingManager (https://cdn.babylonjs.com/babylon.js:0:1473870)
    at e.render (https://cdn.babylonjs.com/babylon.js:0:1470701)
    at t._renderToTarget (https://cdn.babylonjs.com/babylon.js:0:944126)
    at t._render (https://cdn.babylonjs.com/babylon.js:0:942773)
    at t.render (https://cdn.babylonjs.com/babylon.js:0:941741)
    at e._renderForCamera (https://cdn.babylonjs.com/babylon.js:0:2917619)
    at e._processSubCameras (https://cdn.babylonjs.com/babylon.js:0:2919674)
    at e.render (https://cdn.babylonjs.com/babylon.js:0:2927939)
    at renderScene (http://localhost:5500/js/graphics.js?v=79:1288:10)
    at animate (http://localhost:5500/js/main.js?v=79:377:2)
[  116560ms] Uncaught TypeError: Cannot read properties of undefined (reading '_currentLOD')
    at e._prepareRenderingManager (https://cdn.babylonjs.com/babylon.js:0:1473870)
    at e.render (https://cdn.babylonjs.com/babylon.js:0:1470701)
    at t._renderToTarget (https://cdn.babylonjs.com/babylon.js:0:944126)
    at t._render (https://cdn.babylonjs.com/babylon.js:0:942773)
    at t.render (https://cdn.babylonjs.com/babylon.js:0:941741)
    at e._renderForCamera (https://cdn.babylonjs.com/babylon.js:0:2917619)
    at e._processSubCameras (https://cdn.babylonjs.com/babylon.js:0:2919674)
    at e.render (https://cdn.babylonjs.com/babylon.js:0:2927939)
    at renderScene (http://localhost:5500/js/graphics.js?v=79:1288:10)
    at animate (http://localhost:5500/js/main.js?v=79:377:2)
[  116594ms] Uncaught TypeError: Cannot read properties of undefined (reading '_currentLOD')
    at e._prepareRenderingManager (https://cdn.babylonjs.com/babylon.js:0:1473870)
    at e.render (https://cdn.babylonjs.com/babylon.js:0:1470701)
    at t._renderToTarget (https://cdn.babylonjs.com/babylon.js:0:944126)
    at t._render (https://cdn.babylonjs.com/babylon.js:0:942773)
    at t.render (https://cdn.babylonjs.com/babylon.js:0:941741)
    at e._renderForCamera (https://cdn.babylonjs.com/babylon.js:0:2917619)
    at e._processSubCameras (https://cdn.babylonjs.com/babylon.js:0:2919674)
    at e.render (https://cdn.babylonjs.com/babylon.js:0:2927939)
    at renderScene (http://localhost:5500/js/graphics.js?v=79:1288:10)
    at animate (http://localhost:5500/js/main.js?v=79:377:2)
[  116627ms] Uncaught TypeError: Cannot read properties of undefined (reading '_currentLOD')
    at e._prepareRenderingManager (https://cdn.babylonjs.com/babylon.js:0:1473870)
    at e.render (https://cdn.babylonjs.com/babylon.js:0:1470701)
    at t._renderToTarget (https://cdn.babylonjs.com/babylon.js:0:944126)
    at t._render (https://cdn.babylonjs.com/babylon.js:0:942773)
    at t.render (https://cdn.babylonjs.com/babylon.js:0:941741)
    at e._renderForCamera (https://cdn.babylonjs.com/babylon.js:0:2917619)
    at e._processSubCameras (https://cdn.babylonjs.com/babylon.js:0:2919674)
    at e.render (https://cdn.babylonjs.com/babylon.js:0:2927939)
    at renderScene (http://localhost:5500/js/graphics.js?v=79:1288:10)
    at animate (http://localhost:5500/js/main.js?v=79:377:2)
[  116660ms] Uncaught TypeError: Cannot read properties of undefined (reading '_currentLOD')
    at e._prepareRenderingManager (https://cdn.babylonjs.com/babylon.js:0:1473870)
    at e.render (https://cdn.babylonjs.com/babylon.js:0:1470701)
    at t._renderToTarget (https://cdn.babylonjs.com/babylon.js:0:944126)
    at t._render (https://cdn.babylonjs.com/babylon.js:0:942773)
    at t.render (https://cdn.babylonjs.com/babylon.js:0:941741)
    at e._renderForCamera (https://cdn.babylonjs.com/babylon.js:0:2917619)
    at e._processSubCameras (https://cdn.babylonjs.com/babylon.js:0:2919674)
    at e.render (https://cdn.babylonjs.com/babylon.js:0:2927939)
    at renderScene (http://localhost:5500/js/graphics.js?v=79:1288:10)
    at animate (http://localhost:5500/js/main.js?v=79:377:2)
[  117659ms] Uncaught TypeError: Cannot read properties of undefined (reading '_currentLOD')
    at e._prepareRenderingManager (https://cdn.babylonjs.com/babylon.js:0:1473870)
    at e.render (https://cdn.babylonjs.com/babylon.js:0:1470701)
    at t._renderToTarget (https://cdn.babylonjs.com/babylon.js:0:944126)
    at t._render (https://cdn.babylonjs.com/babylon.js:0:942773)
    at t.render (https://cdn.babylonjs.com/babylon.js:0:941741)
    at e._renderForCamera (https://cdn.babylonjs.com/babylon.js:0:2917619)
    at e._processSubCameras (https://cdn.babylonjs.com/babylon.js:0:2919674)
    at e.render (https://cdn.babylonjs.com/babylon.js:0:2927939)
    at renderScene (http://localhost:5500/js/graphics.js?v=79:1288:10)
    at animate (http://localhost:5500/js/main.js?v=79:377:2)
[  118660ms] Uncaught TypeError: Cannot read properties of undefined (reading '_currentLOD')
    at e._prepareRenderingManager (https://cdn.babylonjs.com/babylon.js:0:1473870)
    at e.render (https://cdn.babylonjs.com/babylon.js:0:1470701)
    at t._renderToTarget (https://cdn.babylonjs.com/babylon.js:0:944126)
    at t._render (https://cdn.babylonjs.com/babylon.js:0:942773)
    at t.render (https://cdn.babylonjs.com/babylon.js:0:941741)
    at e._renderForCamera (https://cdn.babylonjs.com/babylon.js:0:2917619)
    at e._processSubCameras (https://cdn.babylonjs.com/babylon.js:0:2919674)
    at e.render (https://cdn.babylonjs.com/babylon.js:0:2927939)
    at renderScene (http://localhost:5500/js/graphics.js?v=79:1288:10)
    at animate (http://localhost:5500/js/main.js?v=79:377:2)
[  119662ms] Uncaught TypeError: Cannot read properties of undefined (reading '_currentLOD')
    at e._prepareRenderingManager (https://cdn.babylonjs.com/babylon.js:0:1473870)
    at e.render (https://cdn.babylonjs.com/babylon.js:0:1470701)
    at t._renderToTarget (https://cdn.babylonjs.com/babylon.js:0:944126)
    at t._render (https://cdn.babylonjs.com/babylon.js:0:942773)
    at t.render (https://cdn.babylonjs.com/babylon.js:0:941741)
    at e._renderForCamera (https://cdn.babylonjs.com/babylon.js:0:2917619)
    at e._processSubCameras (https://cdn.babylonjs.com/babylon.js:0:2919674)
    at e.render (https://cdn.babylonjs.com/babylon.js:0:2927939)
    at renderScene (http://localhost:5500/js/graphics.js?v=79:1288:10)
    at animate (http://localhost:5500/js/main.js?v=79:377:2)
[  120660ms] Uncaught TypeError: Cannot read properties of undefined (reading '_currentLOD')
    at e._prepareRenderingManager (https://cdn.babylonjs.com/babylon.js:0:1473870)
    at e.render (https://cdn.babylonjs.com/babylon.js:0:1470701)
    at t._renderToTarget (https://cdn.babylonjs.com/babylon.js:0:944126)
    at t._render (https://cdn.babylonjs.com/babylon.js:0:942773)
    at t.render (https://cdn.babylonjs.com/babylon.js:0:941741)
    at e._renderForCamera (https://cdn.babylonjs.com/babylon.js:0:2917619)
    at e._processSubCameras (https://cdn.babylonjs.com/babylon.js:0:2919674)
    at e.render (https://cdn.babylonjs.com/babylon.js:0:2927939)
    at renderScene (http://localhost:5500/js/graphics.js?v=79:1288:10)
    at animate (http://localhost:5500/js/main.js?v=79:377:2)
[  121674ms] Uncaught TypeError: Cannot read properties of undefined (reading '_currentLOD')
    at e._prepareRenderingManager (https://cdn.babylonjs.com/babylon.js:0:1473870)
    at e.render (https://cdn.babylonjs.com/babylon.js:0:1470701)
    at t._renderToTarget (https://cdn.babylonjs.com/babylon.js:0:944126)
    at t._render (https://cdn.babylonjs.com/babylon.js:0:942773)
    at t.render (https://cdn.babylonjs.com/babylon.js:0:941741)
    at e._renderForCamera (https://cdn.babylonjs.com/babylon.js:0:2917619)
    at e._processSubCameras (https://cdn.babylonjs.com/babylon.js:0:2919674)
    at e.render (https://cdn.babylonjs.com/babylon.js:0:2927939)
    at renderScene (http://localhost:5500/js/graphics.js?v=79:1288:10)
    at animate (http://localhost:5500/js/main.js?v=79:377:2)
[  122673ms] Uncaught TypeError: Cannot read properties of undefined (reading '_currentLOD')
    at e._prepareRenderingManager (https://cdn.babylonjs.com/babylon.js:0:1473870)
    at e.render (https://cdn.babylonjs.com/babylon.js:0:1470701)
    at t._renderToTarget (https://cdn.babylonjs.com/babylon.js:0:944126)
    at t._render (https://cdn.babylonjs.com/babylon.js:0:942773)
    at t.render (https://cdn.babylonjs.com/babylon.js:0:941741)
    at e._renderForCamera (https://cdn.babylonjs.com/babylon.js:0:2917619)
    at e._processSubCameras (https://cdn.babylonjs.com/babylon.js:0:2919674)
    at e.render (https://cdn.babylonjs.com/babylon.js:0:2927939)
    at renderScene (http://localhost:5500/js/graphics.js?v=79:1288:10)
    at animate (http://localhost:5500/js/main.js?v=79:377:2)
[  123673ms] Uncaught TypeError: Cannot read properties of undefined (reading '_currentLOD')
    at e._prepareRenderingManager (https://cdn.babylonjs.com/babylon.js:0:1473870)
    at e.render (https://cdn.babylonjs.com/babylon.js:0:1470701)
    at t._renderToTarget (https://cdn.babylonjs.com/babylon.js:0:944126)
    at t._render (https://cdn.babylonjs.com/babylon.js:0:942773)
    at t.render (https://cdn.babylonjs.com/babylon.js:0:941741)
    at e._renderForCamera (https://cdn.babylonjs.com/babylon.js:0:2917619)
    at e._processSubCameras (https://cdn.babylonjs.com/babylon.js:0:2919674)
    at e.render (https://cdn.babylonjs.com/babylon.js:0:2927939)
    at renderScene (http://localhost:5500/js/graphics.js?v=79:1288:10)
    at animate (http://localhost:5500/js/main.js?v=79:377:2)
[  124690ms] Uncaught TypeError: Cannot read properties of undefined (reading '_currentLOD')
    at e._prepareRenderingManager (https://cdn.babylonjs.com/babylon.js:0:1473870)
    at e.render (https://cdn.babylonjs.com/babylon.js:0:1470701)
    at t._renderToTarget (https://cdn.babylonjs.com/babylon.js:0:944126)
    at t._render (https://cdn.babylonjs.com/babylon.js:0:942773)
    at t.render (https://cdn.babylonjs.com/babylon.js:0:941741)
    at e._renderForCamera (https://cdn.babylonjs.com/babylon.js:0:2917619)
    at e._processSubCameras (https://cdn.babylonjs.com/babylon.js:0:2919674)
    at e.render (https://cdn.babylonjs.com/babylon.js:0:2927939)
    at renderScene (http://localhost:5500/js/graphics.js?v=79:1288:10)
    at animate (http://localhost:5500/js/main.js?v=79:377:2)
[  125689ms] Uncaught TypeError: Cannot read properties of undefined (reading '_currentLOD')
    at e._prepareRenderingManager (https://cdn.babylonjs.com/babylon.js:0:1473870)
    at e.render (https://cdn.babylonjs.com/babylon.js:0:1470701)
    at t._renderToTarget (https://cdn.babylonjs.com/babylon.js:0:944126)
    at t._render (https://cdn.babylonjs.com/babylon.js:0:942773)
    at t.render (https://cdn.babylonjs.com/babylon.js:0:941741)
    at e._renderForCamera (https://cdn.babylonjs.com/babylon.js:0:2917619)
    at e._processSubCameras (https://cdn.babylonjs.com/babylon.js:0:2919674)
    at e.render (https://cdn.babylonjs.com/babylon.js:0:2927939)
    at renderScene (http://localhost:5500/js/graphics.js?v=79:1288:10)
    at animate (http://localhost:5500/js/main.js?v=79:377:2)
[  126707ms] Uncaught TypeError: Cannot read properties of undefined (reading '_currentLOD')
    at e._prepareRenderingManager (https://cdn.babylonjs.com/babylon.js:0:1473870)
    at e.render (https://cdn.babylonjs.com/babylon.js:0:1470701)
    at t._renderToTarget (https://cdn.babylonjs.com/babylon.js:0:944126)
    at t._render (https://cdn.babylonjs.com/babylon.js:0:942773)
    at t.render (https://cdn.babylonjs.com/babylon.js:0:941741)
    at e._renderForCamera (https://cdn.babylonjs.com/babylon.js:0:2917619)
    at e._processSubCameras (https://cdn.babylonjs.com/babylon.js:0:2919674)
    at e.render (https://cdn.babylonjs.com/babylon.js:0:2927939)
    at renderScene (http://localhost:5500/js/graphics.js?v=79:1288:10)
    at animate (http://localhost:5500/js/main.js?v=79:377:2)
[  127723ms] Uncaught TypeError: Cannot read properties of undefined (reading '_currentLOD')
    at e._prepareRenderingManager (https://cdn.babylonjs.com/babylon.js:0:1473870)
    at e.render (https://cdn.babylonjs.com/babylon.js:0:1470701)
    at t._renderToTarget (https://cdn.babylonjs.com/babylon.js:0:944126)
    at t._render (https://cdn.babylonjs.com/babylon.js:0:942773)
    at t.render (https://cdn.babylonjs.com/babylon.js:0:941741)
    at e._renderForCamera (https://cdn.babylonjs.com/babylon.js:0:2917619)
    at e._processSubCameras (https://cdn.babylonjs.com/babylon.js:0:2919674)
    at e.render (https://cdn.babylonjs.com/babylon.js:0:2927939)
    at renderScene (http://localhost:5500/js/graphics.js?v=79:1288:10)
    at animate (http://localhost:5500/js/main.js?v=79:377:2)
[  128740ms] Uncaught TypeError: Cannot read properties of undefined (reading '_currentLOD')
    at e._prepareRenderingManager (https://cdn.babylonjs.com/babylon.js:0:1473870)
    at e.render (https://cdn.babylonjs.com/babylon.js:0:1470701)
    at t._renderToTarget (https://cdn.babylonjs.com/babylon.js:0:944126)
    at t._render (https://cdn.babylonjs.com/babylon.js:0:942773)
    at t.render (https://cdn.babylonjs.com/babylon.js:0:941741)
    at e._renderForCamera (https://cdn.babylonjs.com/babylon.js:0:2917619)
    at e._processSubCameras (https://cdn.babylonjs.com/babylon.js:0:2919674)
    at e.render (https://cdn.babylonjs.com/babylon.js:0:2927939)
    at renderScene (http://localhost:5500/js/graphics.js?v=79:1288:10)
    at animate (http://localhost:5500/js/main.js?v=79:377:2)
[  129757ms] Uncaught TypeError: Cannot read properties of undefined (reading '_currentLOD')
    at e._prepareRenderingManager (https://cdn.babylonjs.com/babylon.js:0:1473870)
    at e.render (https://cdn.babylonjs.com/babylon.js:0:1470701)
    at t._renderToTarget (https://cdn.babylonjs.com/babylon.js:0:944126)
    at t._render (https://cdn.babylonjs.com/babylon.js:0:942773)
    at t.render (https://cdn.babylonjs.com/babylon.js:0:941741)
    at e._renderForCamera (https://cdn.babylonjs.com/babylon.js:0:2917619)
    at e._processSubCameras (https://cdn.babylonjs.com/babylon.js:0:2919674)
    at e.render (https://cdn.babylonjs.com/babylon.js:0:2927939)
    at renderScene (http://localhost:5500/js/graphics.js?v=79:1288:10)
    at animate (http://localhost:5500/js/main.js?v=79:377:2)
[  130773ms] Uncaught TypeError: Cannot read properties of undefined (reading '_currentLOD')
    at e._prepareRenderingManager (https://cdn.babylonjs.com/babylon.js:0:1473870)
    at e.render (https://cdn.babylonjs.com/babylon.js:0:1470701)
    at t._renderToTarget (https://cdn.babylonjs.com/babylon.js:0:944126)
    at t._render (https://cdn.babylonjs.com/babylon.js:0:942773)
    at t.render (https://cdn.babylonjs.com/babylon.js:0:941741)
    at e._renderForCamera (https://cdn.babylonjs.com/babylon.js:0:2917619)
    at e._processSubCameras (https://cdn.babylonjs.com/babylon.js:0:2919674)
    at e.render (https://cdn.babylonjs.com/babylon.js:0:2927939)
    at renderScene (http://localhost:5500/js/graphics.js?v=79:1288:10)
    at animate (http://localhost:5500/js/main.js?v=79:377:2)
[  131790ms] Uncaught TypeError: Cannot read properties of undefined (reading '_currentLOD')
    at e._prepareRenderingManager (https://cdn.babylonjs.com/babylon.js:0:1473870)
    at e.render (https://cdn.babylonjs.com/babylon.js:0:1470701)
    at t._renderToTarget (https://cdn.babylonjs.com/babylon.js:0:944126)
    at t._render (https://cdn.babylonjs.com/babylon.js:0:942773)
    at t.render (https://cdn.babylonjs.com/babylon.js:0:941741)
    at e._renderForCamera (https://cdn.babylonjs.com/babylon.js:0:2917619)
    at e._processSubCameras (https://cdn.babylonjs.com/babylon.js:0:2919674)
    at e.render (https://cdn.babylonjs.com/babylon.js:0:2927939)
    at renderScene (http://localhost:5500/js/graphics.js?v=79:1288:10)
    at animate (http://localhost:5500/js/main.js?v=79:377:2)
[  132790ms] Uncaught TypeError: Cannot read properties of undefined (reading '_currentLOD')
    at e._prepareRenderingManager (https://cdn.babylonjs.com/babylon.js:0:1473870)
    at e.render (https://cdn.babylonjs.com/babylon.js:0:1470701)
    at t._renderToTarget (https://cdn.babylonjs.com/babylon.js:0:944126)
    at t._render (https://cdn.babylonjs.com/babylon.js:0:942773)
    at t.render (https://cdn.babylonjs.com/babylon.js:0:941741)
    at e._renderForCamera (https://cdn.babylonjs.com/babylon.js:0:2917619)
    at e._processSubCameras (https://cdn.babylonjs.com/babylon.js:0:2919674)
    at e.render (https://cdn.babylonjs.com/babylon.js:0:2927939)
    at renderScene (http://localhost:5500/js/graphics.js?v=79:1288:10)
    at animate (http://localhost:5500/js/main.js?v=79:377:2)
[  133806ms] Uncaught TypeError: Cannot read properties of undefined (reading '_currentLOD')
    at e._prepareRenderingManager (https://cdn.babylonjs.com/babylon.js:0:1473870)
    at e.render (https://cdn.babylonjs.com/babylon.js:0:1470701)
    at t._renderToTarget (https://cdn.babylonjs.com/babylon.js:0:944126)
    at t._render (https://cdn.babylonjs.com/babylon.js:0:942773)
    at t.render (https://cdn.babylonjs.com/babylon.js:0:941741)
    at e._renderForCamera (https://cdn.babylonjs.com/babylon.js:0:2917619)
    at e._processSubCameras (https://cdn.babylonjs.com/babylon.js:0:2919674)
    at e.render (https://cdn.babylonjs.com/babylon.js:0:2927939)
    at renderScene (http://localhost:5500/js/graphics.js?v=79:1288:10)
    at animate (http://localhost:5500/js/main.js?v=79:377:2)
[  134807ms] Uncaught TypeError: Cannot read properties of undefined (reading '_currentLOD')
    at e._prepareRenderingManager (https://cdn.babylonjs.com/babylon.js:0:1473870)
    at e.render (https://cdn.babylonjs.com/babylon.js:0:1470701)
    at t._renderToTarget (https://cdn.babylonjs.com/babylon.js:0:944126)
    at t._render (https://cdn.babylonjs.com/babylon.js:0:942773)
    at t.render (https://cdn.babylonjs.com/babylon.js:0:941741)
    at e._renderForCamera (https://cdn.babylonjs.com/babylon.js:0:2917619)
    at e._processSubCameras (https://cdn.babylonjs.com/babylon.js:0:2919674)
    at e.render (https://cdn.babylonjs.com/babylon.js:0:2927939)
    at renderScene (http://localhost:5500/js/graphics.js?v=79:1288:10)
    at animate (http://localhost:5500/js/main.js?v=79:377:2)
[  135834ms] Uncaught TypeError: Cannot read properties of undefined (reading '_currentLOD')
    at e._prepareRenderingManager (https://cdn.babylonjs.com/babylon.js:0:1473870)
    at e.render (https://cdn.babylonjs.com/babylon.js:0:1470701)
    at t._renderToTarget (https://cdn.babylonjs.com/babylon.js:0:944126)
    at t._render (https://cdn.babylonjs.com/babylon.js:0:942773)
    at t.render (https://cdn.babylonjs.com/babylon.js:0:941741)
    at e._renderForCamera (https://cdn.babylonjs.com/babylon.js:0:2917619)
    at e._processSubCameras (https://cdn.babylonjs.com/babylon.js:0:2919674)
    at e.render (https://cdn.babylonjs.com/babylon.js:0:2927939)
    at renderScene (http://localhost:5500/js/graphics.js?v=79:1288:10)
    at animate (http://localhost:5500/js/main.js?v=79:377:2)
[  136823ms] Uncaught TypeError: Cannot read properties of undefined (reading '_currentLOD')
    at e._prepareRenderingManager (https://cdn.babylonjs.com/babylon.js:0:1473870)
    at e.render (https://cdn.babylonjs.com/babylon.js:0:1470701)
    at t._renderToTarget (https://cdn.babylonjs.com/babylon.js:0:944126)
    at t._render (https://cdn.babylonjs.com/babylon.js:0:942773)
    at t.render (https://cdn.babylonjs.com/babylon.js:0:941741)
    at e._renderForCamera (https://cdn.babylonjs.com/babylon.js:0:2917619)
    at e._processSubCameras (https://cdn.babylonjs.com/babylon.js:0:2919674)
    at e.render (https://cdn.babylonjs.com/babylon.js:0:2927939)
    at renderScene (http://localhost:5500/js/graphics.js?v=79:1288:10)
    at animate (http://localhost:5500/js/main.js?v=79:377:2)
[  137840ms] Uncaught TypeError: Cannot read properties of undefined (reading '_currentLOD')
    at e._prepareRenderingManager (https://cdn.babylonjs.com/babylon.js:0:1473870)
    at e.render (https://cdn.babylonjs.com/babylon.js:0:1470701)
    at t._renderToTarget (https://cdn.babylonjs.com/babylon.js:0:944126)
    at t._render (https://cdn.babylonjs.com/babylon.js:0:942773)
    at t.render (https://cdn.babylonjs.com/babylon.js:0:941741)
    at e._renderForCamera (https://cdn.babylonjs.com/babylon.js:0:2917619)
    at e._processSubCameras (https://cdn.babylonjs.com/babylon.js:0:2919674)
    at e.render (https://cdn.babylonjs.com/babylon.js:0:2927939)
    at renderScene (http://localhost:5500/js/graphics.js?v=79:1288:10)
    at animate (http://localhost:5500/js/main.js?v=79:377:2)
[  138856ms] Uncaught TypeError: Cannot read properties of undefined (reading '_currentLOD')
    at e._prepareRenderingManager (https://cdn.babylonjs.com/babylon.js:0:1473870)
    at e.render (https://cdn.babylonjs.com/babylon.js:0:1470701)
    at t._renderToTarget (https://cdn.babylonjs.com/babylon.js:0:944126)
    at t._render (https://cdn.babylonjs.com/babylon.js:0:942773)
    at t.render (https://cdn.babylonjs.com/babylon.js:0:941741)
    at e._renderForCamera (https://cdn.babylonjs.com/babylon.js:0:2917619)
    at e._processSubCameras (https://cdn.babylonjs.com/babylon.js:0:2919674)
    at e.render (https://cdn.babylonjs.com/babylon.js:0:2927939)
    at renderScene (http://localhost:5500/js/graphics.js?v=79:1288:10)
    at animate (http://localhost:5500/js/main.js?v=79:377:2)
[  139874ms] Uncaught TypeError: Cannot read properties of undefined (reading '_currentLOD')
    at e._prepareRenderingManager (https://cdn.babylonjs.com/babylon.js:0:1473870)
    at e.render (https://cdn.babylonjs.com/babylon.js:0:1470701)
    at t._renderToTarget (https://cdn.babylonjs.com/babylon.js:0:944126)
    at t._render (https://cdn.babylonjs.com/babylon.js:0:942773)
    at t.render (https://cdn.babylonjs.com/babylon.js:0:941741)
    at e._renderForCamera (https://cdn.babylonjs.com/babylon.js:0:2917619)
    at e._processSubCameras (https://cdn.babylonjs.com/babylon.js:0:2919674)
    at e.render (https://cdn.babylonjs.com/babylon.js:0:2927939)
    at renderScene (http://localhost:5500/js/graphics.js?v=79:1288:10)
    at animate (http://localhost:5500/js/main.js?v=79:377:2)
[  140890ms] Uncaught TypeError: Cannot read properties of undefined (reading '_currentLOD')
    at e._prepareRenderingManager (https://cdn.babylonjs.com/babylon.js:0:1473870)
    at e.render (https://cdn.babylonjs.com/babylon.js:0:1470701)
    at t._renderToTarget (https://cdn.babylonjs.com/babylon.js:0:944126)
    at t._render (https://cdn.babylonjs.com/babylon.js:0:942773)
    at t.render (https://cdn.babylonjs.com/babylon.js:0:941741)
    at e._renderForCamera (https://cdn.babylonjs.com/babylon.js:0:2917619)
    at e._processSubCameras (https://cdn.babylonjs.com/babylon.js:0:2919674)
    at e.render (https://cdn.babylonjs.com/babylon.js:0:2927939)
    at renderScene (http://localhost:5500/js/graphics.js?v=79:1288:10)
    at animate (http://localhost:5500/js/main.js?v=79:377:2)
[  141890ms] Uncaught TypeError: Cannot read properties of undefined (reading '_currentLOD')
    at e._prepareRenderingManager (https://cdn.babylonjs.com/babylon.js:0:1473870)
    at e.render (https://cdn.babylonjs.com/babylon.js:0:1470701)
    at t._renderToTarget (https://cdn.babylonjs.com/babylon.js:0:944126)
    at t._render (https://cdn.babylonjs.com/babylon.js:0:942773)
    at t.render (https://cdn.babylonjs.com/babylon.js:0:941741)
    at e._renderForCamera (https://cdn.babylonjs.com/babylon.js:0:2917619)
    at e._processSubCameras (https://cdn.babylonjs.com/babylon.js:0:2919674)
    at e.render (https://cdn.babylonjs.com/babylon.js:0:2927939)
    at renderScene (http://localhost:5500/js/graphics.js?v=79:1288:10)
    at animate (http://localhost:5500/js/main.js?v=79:377:2)
[  142910ms] Uncaught TypeError: Cannot read properties of undefined (reading '_currentLOD')
    at e._prepareRenderingManager (https://cdn.babylonjs.com/babylon.js:0:1473870)
    at e.render (https://cdn.babylonjs.com/babylon.js:0:1470701)
    at t._renderToTarget (https://cdn.babylonjs.com/babylon.js:0:944126)
    at t._render (https://cdn.babylonjs.com/babylon.js:0:942773)
    at t.render (https://cdn.babylonjs.com/babylon.js:0:941741)
    at e._renderForCamera (https://cdn.babylonjs.com/babylon.js:0:2917619)
    at e._processSubCameras (https://cdn.babylonjs.com/babylon.js:0:2919674)
    at e.render (https://cdn.babylonjs.com/babylon.js:0:2927939)
    at renderScene (http://localhost:5500/js/graphics.js?v=79:1288:10)
    at animate (http://localhost:5500/js/main.js?v=79:377:2)
[  143906ms] Uncaught TypeError: Cannot read properties of undefined (reading '_currentLOD')
    at e._prepareRenderingManager (https://cdn.babylonjs.com/babylon.js:0:1473870)
    at e.render (https://cdn.babylonjs.com/babylon.js:0:1470701)
    at t._renderToTarget (https://cdn.babylonjs.com/babylon.js:0:944126)
    at t._render (https://cdn.babylonjs.com/babylon.js:0:942773)
    at t.render (https://cdn.babylonjs.com/babylon.js:0:941741)
    at e._renderForCamera (https://cdn.babylonjs.com/babylon.js:0:2917619)
    at e._processSubCameras (https://cdn.babylonjs.com/babylon.js:0:2919674)
    at e.render (https://cdn.babylonjs.com/babylon.js:0:2927939)
    at renderScene (http://localhost:5500/js/graphics.js?v=79:1288:10)
    at animate (http://localhost:5500/js/main.js?v=79:377:2)
[  144906ms] Uncaught TypeError: Cannot read properties of undefined (reading '_currentLOD')
    at e._prepareRenderingManager (https://cdn.babylonjs.com/babylon.js:0:1473870)
    at e.render (https://cdn.babylonjs.com/babylon.js:0:1470701)
    at t._renderToTarget (https://cdn.babylonjs.com/babylon.js:0:944126)
    at t._render (https://cdn.babylonjs.com/babylon.js:0:942773)
    at t.render (https://cdn.babylonjs.com/babylon.js:0:941741)
    at e._renderForCamera (https://cdn.babylonjs.com/babylon.js:0:2917619)
    at e._processSubCameras (https://cdn.babylonjs.com/babylon.js:0:2919674)
    at e.render (https://cdn.babylonjs.com/babylon.js:0:2927939)
    at renderScene (http://localhost:5500/js/graphics.js?v=79:1288:10)
    at animate (http://localhost:5500/js/main.js?v=79:377:2)
[  145906ms] Uncaught TypeError: Cannot read properties of undefined (reading '_currentLOD')
    at e._prepareRenderingManager (https://cdn.babylonjs.com/babylon.js:0:1473870)
    at e.render (https://cdn.babylonjs.com/babylon.js:0:1470701)
    at t._renderToTarget (https://cdn.babylonjs.com/babylon.js:0:944126)
    at t._render (https://cdn.babylonjs.com/babylon.js:0:942773)
    at t.render (https://cdn.babylonjs.com/babylon.js:0:941741)
    at e._renderForCamera (https://cdn.babylonjs.com/babylon.js:0:2917619)
    at e._processSubCameras (https://cdn.babylonjs.com/babylon.js:0:2919674)
    at e.render (https://cdn.babylonjs.com/babylon.js:0:2927939)
    at renderScene (http://localhost:5500/js/graphics.js?v=79:1288:10)
    at animate (http://localhost:5500/js/main.js?v=79:377:2)
[  146923ms] Uncaught TypeError: Cannot read properties of undefined (reading '_currentLOD')
    at e._prepareRenderingManager (https://cdn.babylonjs.com/babylon.js:0:1473870)
    at e.render (https://cdn.babylonjs.com/babylon.js:0:1470701)
    at t._renderToTarget (https://cdn.babylonjs.com/babylon.js:0:944126)
    at t._render (https://cdn.babylonjs.com/babylon.js:0:942773)
    at t.render (https://cdn.babylonjs.com/babylon.js:0:941741)
    at e._renderForCamera (https://cdn.babylonjs.com/babylon.js:0:2917619)
    at e._processSubCameras (https://cdn.babylonjs.com/babylon.js:0:2919674)
    at e.render (https://cdn.babylonjs.com/babylon.js:0:2927939)
    at renderScene (http://localhost:5500/js/graphics.js?v=79:1288:10)
    at animate (http://localhost:5500/js/main.js?v=79:377:2)
[  147923ms] Uncaught TypeError: Cannot read properties of undefined (reading '_currentLOD')
    at e._prepareRenderingManager (https://cdn.babylonjs.com/babylon.js:0:1473870)
    at e.render (https://cdn.babylonjs.com/babylon.js:0:1470701)
    at t._renderToTarget (https://cdn.babylonjs.com/babylon.js:0:944126)
    at t._render (https://cdn.babylonjs.com/babylon.js:0:942773)
    at t.render (https://cdn.babylonjs.com/babylon.js:0:941741)
    at e._renderForCamera (https://cdn.babylonjs.com/babylon.js:0:2917619)
    at e._processSubCameras (https://cdn.babylonjs.com/babylon.js:0:2919674)
    at e.render (https://cdn.babylonjs.com/babylon.js:0:2927939)
    at renderScene (http://localhost:5500/js/graphics.js?v=79:1288:10)
    at animate (http://localhost:5500/js/main.js?v=79:377:2)
[  148142ms] Uncaught TypeError: Cannot read properties of undefined (reading '_currentLOD')
    at e._prepareRenderingManager (https://cdn.babylonjs.com/babylon.js:0:1473870)
    at e.render (https://cdn.babylonjs.com/babylon.js:0:1470701)
    at t._renderToTarget (https://cdn.babylonjs.com/babylon.js:0:944126)
    at t._render (https://cdn.babylonjs.com/babylon.js:0:942773)
    at t.render (https://cdn.babylonjs.com/babylon.js:0:941741)
    at e._renderForCamera (https://cdn.babylonjs.com/babylon.js:0:2917619)
    at e._processSubCameras (https://cdn.babylonjs.com/babylon.js:0:2919674)
    at e.render (https://cdn.babylonjs.com/babylon.js:0:2927939)
    at renderScene (http://localhost:5500/js/graphics.js?v=79:1288:10)
    at animate (http://localhost:5500/js/main.js?v=79:377:2)
[  148173ms] Uncaught TypeError: Cannot read properties of undefined (reading '_currentLOD')
    at e._prepareRenderingManager (https://cdn.babylonjs.com/babylon.js:0:1473870)
    at e.render (https://cdn.babylonjs.com/babylon.js:0:1470701)
    at t._renderToTarget (https://cdn.babylonjs.com/babylon.js:0:944126)
    at t._render (https://cdn.babylonjs.com/babylon.js:0:942773)
    at t.render (https://cdn.babylonjs.com/babylon.js:0:941741)
    at e._renderForCamera (https://cdn.babylonjs.com/babylon.js:0:2917619)
    at e._processSubCameras (https://cdn.babylonjs.com/babylon.js:0:2919674)
    at e.render (https://cdn.babylonjs.com/babylon.js:0:2927939)
    at renderScene (http://localhost:5500/js/graphics.js?v=79:1288:10)
    at animate (http://localhost:5500/js/main.js?v=79:377:2)
[  148207ms] Uncaught TypeError: Cannot read properties of undefined (reading '_currentLOD')
    at e._prepareRenderingManager (https://cdn.babylonjs.com/babylon.js:0:1473870)
    at e.render (https://cdn.babylonjs.com/babylon.js:0:1470701)
    at t._renderToTarget (https://cdn.babylonjs.com/babylon.js:0:944126)
    at t._render (https://cdn.babylonjs.com/babylon.js:0:942773)
    at t.render (https://cdn.babylonjs.com/babylon.js:0:941741)
    at e._renderForCamera (https://cdn.babylonjs.com/babylon.js:0:2917619)
    at e._processSubCameras (https://cdn.babylonjs.com/babylon.js:0:2919674)
    at e.render (https://cdn.babylonjs.com/babylon.js:0:2927939)
    at renderScene (http://localhost:5500/js/graphics.js?v=79:1288:10)
    at animate (http://localhost:5500/js/main.js?v=79:377:2)
[  148240ms] Uncaught TypeError: Cannot read properties of undefined (reading '_currentLOD')
    at e._prepareRenderingManager (https://cdn.babylonjs.com/babylon.js:0:1473870)
    at e.render (https://cdn.babylonjs.com/babylon.js:0:1470701)
    at t._renderToTarget (https://cdn.babylonjs.com/babylon.js:0:944126)
    at t._render (https://cdn.babylonjs.com/babylon.js:0:942773)
    at t.render (https://cdn.babylonjs.com/babylon.js:0:941741)
    at e._renderForCamera (https://cdn.babylonjs.com/babylon.js:0:2917619)
    at e._processSubCameras (https://cdn.babylonjs.com/babylon.js:0:2919674)
    at e.render (https://cdn.babylonjs.com/babylon.js:0:2927939)
    at renderScene (http://localhost:5500/js/graphics.js?v=79:1288:10)
    at animate (http://localhost:5500/js/main.js?v=79:377:2)
[  148273ms] Uncaught TypeError: Cannot read properties of undefined (reading '_currentLOD')
    at e._prepareRenderingManager (https://cdn.babylonjs.com/babylon.js:0:1473870)
    at e.render (https://cdn.babylonjs.com/babylon.js:0:1470701)
    at t._renderToTarget (https://cdn.babylonjs.com/babylon.js:0:944126)
    at t._render (https://cdn.babylonjs.com/babylon.js:0:942773)
    at t.render (https://cdn.babylonjs.com/babylon.js:0:941741)
    at e._renderForCamera (https://cdn.babylonjs.com/babylon.js:0:2917619)
    at e._processSubCameras (https://cdn.babylonjs.com/babylon.js:0:2919674)
    at e.render (https://cdn.babylonjs.com/babylon.js:0:2927939)
    at renderScene (http://localhost:5500/js/graphics.js?v=79:1288:10)
    at animate (http://localhost:5500/js/main.js?v=79:377:2)
[  148306ms] Uncaught TypeError: Cannot read properties of undefined (reading '_currentLOD')
    at e._prepareRenderingManager (https://cdn.babylonjs.com/babylon.js:0:1473870)
    at e.render (https://cdn.babylonjs.com/babylon.js:0:1470701)
    at t._renderToTarget (https://cdn.babylonjs.com/babylon.js:0:944126)
    at t._render (https://cdn.babylonjs.com/babylon.js:0:942773)
    at t.render (https://cdn.babylonjs.com/babylon.js:0:941741)
    at e._renderForCamera (https://cdn.babylonjs.com/babylon.js:0:2917619)
    at e._processSubCameras (https://cdn.babylonjs.com/babylon.js:0:2919674)
    at e.render (https://cdn.babylonjs.com/babylon.js:0:2927939)
    at renderScene (http://localhost:5500/js/graphics.js?v=79:1288:10)
    at animate (http://localhost:5500/js/main.js?v=79:377:2)
[  148339ms] Uncaught TypeError: Cannot read properties of undefined (reading '_currentLOD')
    at e._prepareRenderingManager (https://cdn.babylonjs.com/babylon.js:0:1473870)
    at e.render (https://cdn.babylonjs.com/babylon.js:0:1470701)
    at t._renderToTarget (https://cdn.babylonjs.com/babylon.js:0:944126)
    at t._render (https://cdn.babylonjs.com/babylon.js:0:942773)
    at t.render (https://cdn.babylonjs.com/babylon.js:0:941741)
    at e._renderForCamera (https://cdn.babylonjs.com/babylon.js:0:2917619)
    at e._processSubCameras (https://cdn.babylonjs.com/babylon.js:0:2919674)
    at e.render (https://cdn.babylonjs.com/babylon.js:0:2927939)
    at renderScene (http://localhost:5500/js/graphics.js?v=79:1288:10)
    at animate (http://localhost:5500/js/main.js?v=79:377:2)
[  148441ms] Uncaught TypeError: Cannot read properties of undefined (reading '_currentLOD')
    at e._prepareRenderingManager (https://cdn.babylonjs.com/babylon.js:0:1473870)
    at e.render (https://cdn.babylonjs.com/babylon.js:0:1470701)
    at t._renderToTarget (https://cdn.babylonjs.com/babylon.js:0:944126)
    at t._render (https://cdn.babylonjs.com/babylon.js:0:942773)
    at t.render (https://cdn.babylonjs.com/babylon.js:0:941741)
    at e._renderForCamera (https://cdn.babylonjs.com/babylon.js:0:2917619)
    at e._processSubCameras (https://cdn.babylonjs.com/babylon.js:0:2919674)
    at e.render (https://cdn.babylonjs.com/babylon.js:0:2927939)
    at renderScene (http://localhost:5500/js/graphics.js?v=79:1288:10)
    at animate (http://localhost:5500/js/main.js?v=79:377:2)
[  148473ms] Uncaught TypeError: Cannot read properties of undefined (reading '_currentLOD')
    at e._prepareRenderingManager (https://cdn.babylonjs.com/babylon.js:0:1473870)
    at e.render (https://cdn.babylonjs.com/babylon.js:0:1470701)
    at t._renderToTarget (https://cdn.babylonjs.com/babylon.js:0:944126)
    at t._render (https://cdn.babylonjs.com/babylon.js:0:942773)
    at t.render (https://cdn.babylonjs.com/babylon.js:0:941741)
    at e._renderForCamera (https://cdn.babylonjs.com/babylon.js:0:2917619)
    at e._processSubCameras (https://cdn.babylonjs.com/babylon.js:0:2919674)
    at e.render (https://cdn.babylonjs.com/babylon.js:0:2927939)
    at renderScene (http://localhost:5500/js/graphics.js?v=79:1288:10)
    at animate (http://localhost:5500/js/main.js?v=79:377:2)
[  148506ms] Uncaught TypeError: Cannot read properties of undefined (reading '_currentLOD')
    at e._prepareRenderingManager (https://cdn.babylonjs.com/babylon.js:0:1473870)
    at e.render (https://cdn.babylonjs.com/babylon.js:0:1470701)
    at t._renderToTarget (https://cdn.babylonjs.com/babylon.js:0:944126)
    at t._render (https://cdn.babylonjs.com/babylon.js:0:942773)
    at t.render (https://cdn.babylonjs.com/babylon.js:0:941741)
    at e._renderForCamera (https://cdn.babylonjs.com/babylon.js:0:2917619)
    at e._processSubCameras (https://cdn.babylonjs.com/babylon.js:0:2919674)
    at e.render (https://cdn.babylonjs.com/babylon.js:0:2927939)
    at renderScene (http://localhost:5500/js/graphics.js?v=79:1288:10)
    at animate (http://localhost:5500/js/main.js?v=79:377:2)
[  148540ms] Uncaught TypeError: Cannot read properties of undefined (reading '_currentLOD')
    at e._prepareRenderingManager (https://cdn.babylonjs.com/babylon.js:0:1473870)
    at e.render (https://cdn.babylonjs.com/babylon.js:0:1470701)
    at t._renderToTarget (https://cdn.babylonjs.com/babylon.js:0:944126)
    at t._render (https://cdn.babylonjs.com/babylon.js:0:942773)
    at t.render (https://cdn.babylonjs.com/babylon.js:0:941741)
    at e._renderForCamera (https://cdn.babylonjs.com/babylon.js:0:2917619)
    at e._processSubCameras (https://cdn.babylonjs.com/babylon.js:0:2919674)
    at e.render (https://cdn.babylonjs.com/babylon.js:0:2927939)
    at renderScene (http://localhost:5500/js/graphics.js?v=79:1288:10)
    at animate (http://localhost:5500/js/main.js?v=79:377:2)
[  148573ms] Uncaught TypeError: Cannot read properties of undefined (reading '_currentLOD')
    at e._prepareRenderingManager (https://cdn.babylonjs.com/babylon.js:0:1473870)
    at e.render (https://cdn.babylonjs.com/babylon.js:0:1470701)
    at t._renderToTarget (https://cdn.babylonjs.com/babylon.js:0:944126)
    at t._render (https://cdn.babylonjs.com/babylon.js:0:942773)
    at t.render (https://cdn.babylonjs.com/babylon.js:0:941741)
    at e._renderForCamera (https://cdn.babylonjs.com/babylon.js:0:2917619)
    at e._processSubCameras (https://cdn.babylonjs.com/babylon.js:0:2919674)
    at e.render (https://cdn.babylonjs.com/babylon.js:0:2927939)
    at renderScene (http://localhost:5500/js/graphics.js?v=79:1288:10)
    at animate (http://localhost:5500/js/main.js?v=79:377:2)
[  148606ms] Uncaught TypeError: Cannot read properties of undefined (reading '_currentLOD')
    at e._prepareRenderingManager (https://cdn.babylonjs.com/babylon.js:0:1473870)
    at e.render (https://cdn.babylonjs.com/babylon.js:0:1470701)
    at t._renderToTarget (https://cdn.babylonjs.com/babylon.js:0:944126)
    at t._render (https://cdn.babylonjs.com/babylon.js:0:942773)
    at t.render (https://cdn.babylonjs.com/babylon.js:0:941741)
    at e._renderForCamera (https://cdn.babylonjs.com/babylon.js:0:2917619)
    at e._processSubCameras (https://cdn.babylonjs.com/babylon.js:0:2919674)
    at e.render (https://cdn.babylonjs.com/babylon.js:0:2927939)
    at renderScene (http://localhost:5500/js/graphics.js?v=79:1288:10)
    at animate (http://localhost:5500/js/main.js?v=79:377:2)
[  148639ms] Uncaught TypeError: Cannot read properties of undefined (reading '_currentLOD')
    at e._prepareRenderingManager (https://cdn.babylonjs.com/babylon.js:0:1473870)
    at e.render (https://cdn.babylonjs.com/babylon.js:0:1470701)
    at t._renderToTarget (https://cdn.babylonjs.com/babylon.js:0:944126)
    at t._render (https://cdn.babylonjs.com/babylon.js:0:942773)
    at t.render (https://cdn.babylonjs.com/babylon.js:0:941741)
    at e._renderForCamera (https://cdn.babylonjs.com/babylon.js:0:2917619)
    at e._processSubCameras (https://cdn.babylonjs.com/babylon.js:0:2919674)
    at e.render (https://cdn.babylonjs.com/babylon.js:0:2927939)
    at renderScene (http://localhost:5500/js/graphics.js?v=79:1288:10)
    at animate (http://localhost:5500/js/main.js?v=79:377:2)
[  148956ms] Uncaught TypeError: Cannot read properties of undefined (reading '_currentLOD')
    at e._prepareRenderingManager (https://cdn.babylonjs.com/babylon.js:0:1473870)
    at e.render (https://cdn.babylonjs.com/babylon.js:0:1470701)
    at t._renderToTarget (https://cdn.babylonjs.com/babylon.js:0:944126)
    at t._render (https://cdn.babylonjs.com/babylon.js:0:942773)
    at t.render (https://cdn.babylonjs.com/babylon.js:0:941741)
    at e._renderForCamera (https://cdn.babylonjs.com/babylon.js:0:2917619)
    at e._processSubCameras (https://cdn.babylonjs.com/babylon.js:0:2919674)
    at e.render (https://cdn.babylonjs.com/babylon.js:0:2927939)
    at renderScene (http://localhost:5500/js/graphics.js?v=79:1288:10)
    at animate (http://localhost:5500/js/main.js?v=79:377:2)
[  148991ms] Uncaught TypeError: Cannot read properties of undefined (reading '_currentLOD')
    at e._prepareRenderingManager (https://cdn.babylonjs.com/babylon.js:0:1473870)
    at e.render (https://cdn.babylonjs.com/babylon.js:0:1470701)
    at t._renderToTarget (https://cdn.babylonjs.com/babylon.js:0:944126)
    at t._render (https://cdn.babylonjs.com/babylon.js:0:942773)
    at t.render (https://cdn.babylonjs.com/babylon.js:0:941741)
    at e._renderForCamera (https://cdn.babylonjs.com/babylon.js:0:2917619)
    at e._processSubCameras (https://cdn.babylonjs.com/babylon.js:0:2919674)
    at e.render (https://cdn.babylonjs.com/babylon.js:0:2927939)
    at renderScene (http://localhost:5500/js/graphics.js?v=79:1288:10)
    at animate (http://localhost:5500/js/main.js?v=79:377:2)
[  149023ms] Uncaught TypeError: Cannot read properties of undefined (reading '_currentLOD')
    at e._prepareRenderingManager (https://cdn.babylonjs.com/babylon.js:0:1473870)
    at e.render (https://cdn.babylonjs.com/babylon.js:0:1470701)
    at t._renderToTarget (https://cdn.babylonjs.com/babylon.js:0:944126)
    at t._render (https://cdn.babylonjs.com/babylon.js:0:942773)
    at t.render (https://cdn.babylonjs.com/babylon.js:0:941741)
    at e._renderForCamera (https://cdn.babylonjs.com/babylon.js:0:2917619)
    at e._processSubCameras (https://cdn.babylonjs.com/babylon.js:0:2919674)
    at e.render (https://cdn.babylonjs.com/babylon.js:0:2927939)
    at renderScene (http://localhost:5500/js/graphics.js?v=79:1288:10)
    at animate (http://localhost:5500/js/main.js?v=79:377:2)
[  149056ms] Uncaught TypeError: Cannot read properties of undefined (reading '_currentLOD')
    at e._prepareRenderingManager (https://cdn.babylonjs.com/babylon.js:0:1473870)
    at e.render (https://cdn.babylonjs.com/babylon.js:0:1470701)
    at t._renderToTarget (https://cdn.babylonjs.com/babylon.js:0:944126)
    at t._render (https://cdn.babylonjs.com/babylon.js:0:942773)
    at t.render (https://cdn.babylonjs.com/babylon.js:0:941741)
    at e._renderForCamera (https://cdn.babylonjs.com/babylon.js:0:2917619)
    at e._processSubCameras (https://cdn.babylonjs.com/babylon.js:0:2919674)
    at e.render (https://cdn.babylonjs.com/babylon.js:0:2927939)
    at renderScene (http://localhost:5500/js/graphics.js?v=79:1288:10)
    at animate (http://localhost:5500/js/main.js?v=79:377:2)
[  149089ms] Uncaught TypeError: Cannot read properties of undefined (reading '_currentLOD')
    at e._prepareRenderingManager (https://cdn.babylonjs.com/babylon.js:0:1473870)
    at e.render (https://cdn.babylonjs.com/babylon.js:0:1470701)
    at t._renderToTarget (https://cdn.babylonjs.com/babylon.js:0:944126)
    at t._render (https://cdn.babylonjs.com/babylon.js:0:942773)
    at t.render (https://cdn.babylonjs.com/babylon.js:0:941741)
    at e._renderForCamera (https://cdn.babylonjs.com/babylon.js:0:2917619)
    at e._processSubCameras (https://cdn.babylonjs.com/babylon.js:0:2919674)
    at e.render (https://cdn.babylonjs.com/babylon.js:0:2927939)
    at renderScene (http://localhost:5500/js/graphics.js?v=79:1288:10)
    at animate (http://localhost:5500/js/main.js?v=79:377:2)
[  149177ms] Uncaught TypeError: Cannot read properties of undefined (reading '_currentLOD')
    at e._prepareRenderingManager (https://cdn.babylonjs.com/babylon.js:0:1473870)
    at e.render (https://cdn.babylonjs.com/babylon.js:0:1470701)
    at t._renderToTarget (https://cdn.babylonjs.com/babylon.js:0:944126)
    at t._render (https://cdn.babylonjs.com/babylon.js:0:942773)
    at t.render (https://cdn.babylonjs.com/babylon.js:0:941741)
    at e._renderForCamera (https://cdn.babylonjs.com/babylon.js:0:2917619)
    at e._processSubCameras (https://cdn.babylonjs.com/babylon.js:0:2919674)
    at e.render (https://cdn.babylonjs.com/babylon.js:0:2927939)
    at renderScene (http://localhost:5500/js/graphics.js?v=79:1288:10)
    at animate (http://localhost:5500/js/main.js?v=79:377:2)
[  149290ms] Uncaught TypeError: Cannot read properties of undefined (reading '_currentLOD')
    at e._prepareRenderingManager (https://cdn.babylonjs.com/babylon.js:0:1473870)
    at e.render (https://cdn.babylonjs.com/babylon.js:0:1470701)
    at t._renderToTarget (https://cdn.babylonjs.com/babylon.js:0:944126)
    at t._render (https://cdn.babylonjs.com/babylon.js:0:942773)
    at t.render (https://cdn.babylonjs.com/babylon.js:0:941741)
    at e._renderForCamera (https://cdn.babylonjs.com/babylon.js:0:2917619)
    at e._processSubCameras (https://cdn.babylonjs.com/babylon.js:0:2919674)
    at e.render (https://cdn.babylonjs.com/babylon.js:0:2927939)
    at renderScene (http://localhost:5500/js/graphics.js?v=79:1288:10)
    at animate (http://localhost:5500/js/main.js?v=79:377:2)
[  149344ms] Uncaught TypeError: Cannot read properties of undefined (reading '_currentLOD')
    at e._prepareRenderingManager (https://cdn.babylonjs.com/babylon.js:0:1473870)
    at e.render (https://cdn.babylonjs.com/babylon.js:0:1470701)
    at t._renderToTarget (https://cdn.babylonjs.com/babylon.js:0:944126)
    at t._render (https://cdn.babylonjs.com/babylon.js:0:942773)
    at t.render (https://cdn.babylonjs.com/babylon.js:0:941741)
    at e._renderForCamera (https://cdn.babylonjs.com/babylon.js:0:2917619)
    at e._processSubCameras (https://cdn.babylonjs.com/babylon.js:0:2919674)
    at e.render (https://cdn.babylonjs.com/babylon.js:0:2927939)
    at renderScene (http://localhost:5500/js/graphics.js?v=79:1288:10)
    at animate (http://localhost:5500/js/main.js?v=79:377:2)
[  149373ms] Uncaught TypeError: Cannot read properties of undefined (reading '_currentLOD')
    at e._prepareRenderingManager (https://cdn.babylonjs.com/babylon.js:0:1473870)
    at e.render (https://cdn.babylonjs.com/babylon.js:0:1470701)
    at t._renderToTarget (https://cdn.babylonjs.com/babylon.js:0:944126)
    at t._render (https://cdn.babylonjs.com/babylon.js:0:942773)
    at t.render (https://cdn.babylonjs.com/babylon.js:0:941741)
    at e._renderForCamera (https://cdn.babylonjs.com/babylon.js:0:2917619)
    at e._processSubCameras (https://cdn.babylonjs.com/babylon.js:0:2919674)
    at e.render (https://cdn.babylonjs.com/babylon.js:0:2927939)
    at renderScene (http://localhost:5500/js/graphics.js?v=79:1288:10)
    at animate (http://localhost:5500/js/main.js?v=79:377:2)
[  149806ms] Uncaught TypeError: Cannot read properties of undefined (reading '_currentLOD')
    at e._prepareRenderingManager (https://cdn.babylonjs.com/babylon.js:0:1473870)
    at e.render (https://cdn.babylonjs.com/babylon.js:0:1470701)
    at t._renderToTarget (https://cdn.babylonjs.com/babylon.js:0:944126)
    at t._render (https://cdn.babylonjs.com/babylon.js:0:942773)
    at t.render (https://cdn.babylonjs.com/babylon.js:0:941741)
    at e._renderForCamera (https://cdn.babylonjs.com/babylon.js:0:2917619)
    at e._processSubCameras (https://cdn.babylonjs.com/babylon.js:0:2919674)
    at e.render (https://cdn.babylonjs.com/babylon.js:0:2927939)
    at renderScene (http://localhost:5500/js/graphics.js?v=79:1288:10)
    at animate (http://localhost:5500/js/main.js?v=79:377:2)
[  150356ms] Uncaught TypeError: Cannot read properties of undefined (reading '_currentLOD')
    at e._prepareRenderingManager (https://cdn.babylonjs.com/babylon.js:0:1473870)
    at e.render (https://cdn.babylonjs.com/babylon.js:0:1470701)
    at t._renderToTarget (https://cdn.babylonjs.com/babylon.js:0:944126)
    at t._render (https://cdn.babylonjs.com/babylon.js:0:942773)
    at t.render (https://cdn.babylonjs.com/babylon.js:0:941741)
    at e._renderForCamera (https://cdn.babylonjs.com/babylon.js:0:2917619)
    at e._processSubCameras (https://cdn.babylonjs.com/babylon.js:0:2919674)
    at e.render (https://cdn.babylonjs.com/babylon.js:0:2927939)
    at renderScene (http://localhost:5500/js/graphics.js?v=79:1288:10)
    at animate (http://localhost:5500/js/main.js?v=79:377:2)
[  150756ms] Uncaught TypeError: Cannot read properties of undefined (reading '_currentLOD')
    at e._prepareRenderingManager (https://cdn.babylonjs.com/babylon.js:0:1473870)
    at e.render (https://cdn.babylonjs.com/babylon.js:0:1470701)
    at t._renderToTarget (https://cdn.babylonjs.com/babylon.js:0:944126)
    at t._render (https://cdn.babylonjs.com/babylon.js:0:942773)
    at t.render (https://cdn.babylonjs.com/babylon.js:0:941741)
    at e._renderForCamera (https://cdn.babylonjs.com/babylon.js:0:2917619)
    at e._processSubCameras (https://cdn.babylonjs.com/babylon.js:0:2919674)
    at e.render (https://cdn.babylonjs.com/babylon.js:0:2927939)
    at renderScene (http://localhost:5500/js/graphics.js?v=79:1288:10)
    at animate (http://localhost:5500/js/main.js?v=79:377:2)
[  150873ms] Uncaught TypeError: Cannot read properties of undefined (reading '_currentLOD')
    at e._prepareRenderingManager (https://cdn.babylonjs.com/babylon.js:0:1473870)
    at e.render (https://cdn.babylonjs.com/babylon.js:0:1470701)
    at t._renderToTarget (https://cdn.babylonjs.com/babylon.js:0:944126)
    at t._render (https://cdn.babylonjs.com/babylon.js:0:942773)
    at t.render (https://cdn.babylonjs.com/babylon.js:0:941741)
    at e._renderForCamera (https://cdn.babylonjs.com/babylon.js:0:2917619)
    at e._processSubCameras (https://cdn.babylonjs.com/babylon.js:0:2919674)
    at e.render (https://cdn.babylonjs.com/babylon.js:0:2927939)
    at renderScene (http://localhost:5500/js/graphics.js?v=79:1288:10)
    at animate (http://localhost:5500/js/main.js?v=79:377:2)
[  151289ms] Uncaught TypeError: Cannot read properties of undefined (reading '_currentLOD')
    at e._prepareRenderingManager (https://cdn.babylonjs.com/babylon.js:0:1473870)
    at e.render (https://cdn.babylonjs.com/babylon.js:0:1470701)
    at t._renderToTarget (https://cdn.babylonjs.com/babylon.js:0:944126)
    at t._render (https://cdn.babylonjs.com/babylon.js:0:942773)
    at t.render (https://cdn.babylonjs.com/babylon.js:0:941741)
    at e._renderForCamera (https://cdn.babylonjs.com/babylon.js:0:2917619)
    at e._processSubCameras (https://cdn.babylonjs.com/babylon.js:0:2919674)
    at e.render (https://cdn.babylonjs.com/babylon.js:0:2927939)
    at renderScene (http://localhost:5500/js/graphics.js?v=79:1288:10)
    at animate (http://localhost:5500/js/main.js?v=79:377:2)
[  151458ms] Uncaught TypeError: Cannot read properties of undefined (reading '_currentLOD')
    at e._prepareRenderingManager (https://cdn.babylonjs.com/babylon.js:0:1473870)
    at e.render (https://cdn.babylonjs.com/babylon.js:0:1470701)
    at t._renderToTarget (https://cdn.babylonjs.com/babylon.js:0:944126)
    at t._render (https://cdn.babylonjs.com/babylon.js:0:942773)
    at t.render (https://cdn.babylonjs.com/babylon.js:0:941741)
    at e._renderForCamera (https://cdn.babylonjs.com/babylon.js:0:2917619)
    at e._processSubCameras (https://cdn.babylonjs.com/babylon.js:0:2919674)
    at e.render (https://cdn.babylonjs.com/babylon.js:0:2927939)
    at renderScene (http://localhost:5500/js/graphics.js?v=79:1288:10)
    at animate (http://localhost:5500/js/main.js?v=79:377:2)
[  151520ms] Uncaught TypeError: Cannot read properties of undefined (reading '_currentLOD')
    at e._prepareRenderingManager (https://cdn.babylonjs.com/babylon.js:0:1473870)
    at e.render (https://cdn.babylonjs.com/babylon.js:0:1470701)
    at t._renderToTarget (https://cdn.babylonjs.com/babylon.js:0:944126)
    at t._render (https://cdn.babylonjs.com/babylon.js:0:942773)
    at t.render (https://cdn.babylonjs.com/babylon.js:0:941741)
    at e._renderForCamera (https://cdn.babylonjs.com/babylon.js:0:2917619)
    at e._processSubCameras (https://cdn.babylonjs.com/babylon.js:0:2919674)
    at e.render (https://cdn.babylonjs.com/babylon.js:0:2927939)
    at renderScene (http://localhost:5500/js/graphics.js?v=79:1288:10)
    at animate (http://localhost:5500/js/main.js?v=79:377:2)
[  151612ms] Uncaught TypeError: Cannot read properties of undefined (reading '_currentLOD')
    at e._prepareRenderingManager (https://cdn.babylonjs.com/babylon.js:0:1473870)
    at e.render (https://cdn.babylonjs.com/babylon.js:0:1470701)
    at t._renderToTarget (https://cdn.babylonjs.com/babylon.js:0:944126)
    at t._render (https://cdn.babylonjs.com/babylon.js:0:942773)
    at t.render (https://cdn.babylonjs.com/babylon.js:0:941741)
    at e._renderForCamera (https://cdn.babylonjs.com/babylon.js:0:2917619)
    at e._processSubCameras (https://cdn.babylonjs.com/babylon.js:0:2919674)
    at e.render (https://cdn.babylonjs.com/babylon.js:0:2927939)
    at renderScene (http://localhost:5500/js/graphics.js?v=79:1288:10)
    at animate (http://localhost:5500/js/main.js?v=79:377:2)
[  152573ms] Uncaught TypeError: Cannot read properties of undefined (reading '_currentLOD')
    at e._prepareRenderingManager (https://cdn.babylonjs.com/babylon.js:0:1473870)
    at e.render (https://cdn.babylonjs.com/babylon.js:0:1470701)
    at t._renderToTarget (https://cdn.babylonjs.com/babylon.js:0:944126)
    at t._render (https://cdn.babylonjs.com/babylon.js:0:942773)
    at t.render (https://cdn.babylonjs.com/babylon.js:0:941741)
    at e._renderForCamera (https://cdn.babylonjs.com/babylon.js:0:2917619)
    at e._processSubCameras (https://cdn.babylonjs.com/babylon.js:0:2919674)
    at e.render (https://cdn.babylonjs.com/babylon.js:0:2927939)
    at renderScene (http://localhost:5500/js/graphics.js?v=79:1288:10)
    at animate (http://localhost:5500/js/main.js?v=79:377:2)
[  152656ms] Uncaught TypeError: Cannot read properties of undefined (reading '_currentLOD')
    at e._prepareRenderingManager (https://cdn.babylonjs.com/babylon.js:0:1473870)
    at e.render (https://cdn.babylonjs.com/babylon.js:0:1470701)
    at t._renderToTarget (https://cdn.babylonjs.com/babylon.js:0:944126)
    at t._render (https://cdn.babylonjs.com/babylon.js:0:942773)
    at t.render (https://cdn.babylonjs.com/babylon.js:0:941741)
    at e._renderForCamera (https://cdn.babylonjs.com/babylon.js:0:2917619)
    at e._processSubCameras (https://cdn.babylonjs.com/babylon.js:0:2919674)
    at e.render (https://cdn.babylonjs.com/babylon.js:0:2927939)
    at renderScene (http://localhost:5500/js/graphics.js?v=79:1288:10)
    at animate (http://localhost:5500/js/main.js?v=79:377:2)
[  152839ms] Uncaught TypeError: Cannot read properties of undefined (reading '_currentLOD')
    at e._prepareRenderingManager (https://cdn.babylonjs.com/babylon.js:0:1473870)
    at e.render (https://cdn.babylonjs.com/babylon.js:0:1470701)
    at t._renderToTarget (https://cdn.babylonjs.com/babylon.js:0:944126)
    at t._render (https://cdn.babylonjs.com/babylon.js:0:942773)
    at t.render (https://cdn.babylonjs.com/babylon.js:0:941741)
    at e._renderForCamera (https://cdn.babylonjs.com/babylon.js:0:2917619)
    at e._processSubCameras (https://cdn.babylonjs.com/babylon.js:0:2919674)
    at e.render (https://cdn.babylonjs.com/babylon.js:0:2927939)
    at renderScene (http://localhost:5500/js/graphics.js?v=79:1288:10)
    at animate (http://localhost:5500/js/main.js?v=79:377:2)
[  153173ms] Uncaught TypeError: Cannot read properties of undefined (reading '_currentLOD')
    at e._prepareRenderingManager (https://cdn.babylonjs.com/babylon.js:0:1473870)
    at e.render (https://cdn.babylonjs.com/babylon.js:0:1470701)
    at t._renderToTarget (https://cdn.babylonjs.com/babylon.js:0:944126)
    at t._render (https://cdn.babylonjs.com/babylon.js:0:942773)
    at t.render (https://cdn.babylonjs.com/babylon.js:0:941741)
    at e._renderForCamera (https://cdn.babylonjs.com/babylon.js:0:2917619)
    at e._processSubCameras (https://cdn.babylonjs.com/babylon.js:0:2919674)
    at e.render (https://cdn.babylonjs.com/babylon.js:0:2927939)
    at renderScene (http://localhost:5500/js/graphics.js?v=79:1288:10)
    at animate (http://localhost:5500/js/main.js?v=79:377:2)
[  153322ms] Uncaught TypeError: Cannot read properties of undefined (reading '_currentLOD')
    at e._prepareRenderingManager (https://cdn.babylonjs.com/babylon.js:0:1473870)
    at e.render (https://cdn.babylonjs.com/babylon.js:0:1470701)
    at t._renderToTarget (https://cdn.babylonjs.com/babylon.js:0:944126)
    at t._render (https://cdn.babylonjs.com/babylon.js:0:942773)
    at t.render (https://cdn.babylonjs.com/babylon.js:0:941741)
    at e._renderForCamera (https://cdn.babylonjs.com/babylon.js:0:2917619)
    at e._processSubCameras (https://cdn.babylonjs.com/babylon.js:0:2919674)
    at e.render (https://cdn.babylonjs.com/babylon.js:0:2927939)
    at renderScene (http://localhost:5500/js/graphics.js?v=79:1288:10)
    at animate (http://localhost:5500/js/main.js?v=79:377:2)
[  153422ms] Uncaught TypeError: Cannot read properties of undefined (reading '_currentLOD')
    at e._prepareRenderingManager (https://cdn.babylonjs.com/babylon.js:0:1473870)
    at e.render (https://cdn.babylonjs.com/babylon.js:0:1470701)
    at t._renderToTarget (https://cdn.babylonjs.com/babylon.js:0:944126)
    at t._render (https://cdn.babylonjs.com/babylon.js:0:942773)
    at t.render (https://cdn.babylonjs.com/babylon.js:0:941741)
    at e._renderForCamera (https://cdn.babylonjs.com/babylon.js:0:2917619)
    at e._processSubCameras (https://cdn.babylonjs.com/babylon.js:0:2919674)
    at e.render (https://cdn.babylonjs.com/babylon.js:0:2927939)
    at renderScene (http://localhost:5500/js/graphics.js?v=79:1288:10)
    at animate (http://localhost:5500/js/main.js?v=79:377:2)
[  153523ms] Uncaught TypeError: Cannot read properties of undefined (reading '_currentLOD')
    at e._prepareRenderingManager (https://cdn.babylonjs.com/babylon.js:0:1473870)
    at e.render (https://cdn.babylonjs.com/babylon.js:0:1470701)
    at t._renderToTarget (https://cdn.babylonjs.com/babylon.js:0:944126)
    at t._render (https://cdn.babylonjs.com/babylon.js:0:942773)
    at t.render (https://cdn.babylonjs.com/babylon.js:0:941741)
    at e._renderForCamera (https://cdn.babylonjs.com/babylon.js:0:2917619)
    at e._processSubCameras (https://cdn.babylonjs.com/babylon.js:0:2919674)
    at e.render (https://cdn.babylonjs.com/babylon.js:0:2927939)
    at renderScene (http://localhost:5500/js/graphics.js?v=79:1288:10)
    at animate (http://localhost:5500/js/main.js?v=79:377:2)
[  153639ms] Uncaught TypeError: Cannot read properties of undefined (reading '_currentLOD')
    at e._prepareRenderingManager (https://cdn.babylonjs.com/babylon.js:0:1473870)
    at e.render (https://cdn.babylonjs.com/babylon.js:0:1470701)
    at t._renderToTarget (https://cdn.babylonjs.com/babylon.js:0:944126)
    at t._render (https://cdn.babylonjs.com/babylon.js:0:942773)
    at t.render (https://cdn.babylonjs.com/babylon.js:0:941741)
    at e._renderForCamera (https://cdn.babylonjs.com/babylon.js:0:2917619)
    at e._processSubCameras (https://cdn.babylonjs.com/babylon.js:0:2919674)
    at e.render (https://cdn.babylonjs.com/babylon.js:0:2927939)
    at renderScene (http://localhost:5500/js/graphics.js?v=79:1288:10)
    at animate (http://localhost:5500/js/main.js?v=79:377:2)
[  153706ms] Uncaught TypeError: Cannot read properties of undefined (reading '_currentLOD')
    at e._prepareRenderingManager (https://cdn.babylonjs.com/babylon.js:0:1473870)
    at e.render (https://cdn.babylonjs.com/babylon.js:0:1470701)
    at t._renderToTarget (https://cdn.babylonjs.com/babylon.js:0:944126)
    at t._render (https://cdn.babylonjs.com/babylon.js:0:942773)
    at t.render (https://cdn.babylonjs.com/babylon.js:0:941741)
    at e._renderForCamera (https://cdn.babylonjs.com/babylon.js:0:2917619)
    at e._processSubCameras (https://cdn.babylonjs.com/babylon.js:0:2919674)
    at e.render (https://cdn.babylonjs.com/babylon.js:0:2927939)
    at renderScene (http://localhost:5500/js/graphics.js?v=79:1288:10)
    at animate (http://localhost:5500/js/main.js?v=79:377:2)
[  153806ms] Uncaught TypeError: Cannot read properties of undefined (reading '_currentLOD')
    at e._prepareRenderingManager (https://cdn.babylonjs.com/babylon.js:0:1473870)
    at e.render (https://cdn.babylonjs.com/babylon.js:0:1470701)
    at t._renderToTarget (https://cdn.babylonjs.com/babylon.js:0:944126)
    at t._render (https://cdn.babylonjs.com/babylon.js:0:942773)
    at t.render (https://cdn.babylonjs.com/babylon.js:0:941741)
    at e._renderForCamera (https://cdn.babylonjs.com/babylon.js:0:2917619)
    at e._processSubCameras (https://cdn.babylonjs.com/babylon.js:0:2919674)
    at e.render (https://cdn.babylonjs.com/babylon.js:0:2927939)
    at renderScene (http://localhost:5500/js/graphics.js?v=79:1288:10)
    at animate (http://localhost:5500/js/main.js?v=79:377:2)
[  153890ms] Uncaught TypeError: Cannot read properties of undefined (reading '_currentLOD')
    at e._prepareRenderingManager (https://cdn.babylonjs.com/babylon.js:0:1473870)
    at e.render (https://cdn.babylonjs.com/babylon.js:0:1470701)
    at t._renderToTarget (https://cdn.babylonjs.com/babylon.js:0:944126)
    at t._render (https://cdn.babylonjs.com/babylon.js:0:942773)
    at t.render (https://cdn.babylonjs.com/babylon.js:0:941741)
    at e._renderForCamera (https://cdn.babylonjs.com/babylon.js:0:2917619)
    at e._processSubCameras (https://cdn.babylonjs.com/babylon.js:0:2919674)
    at e.render (https://cdn.babylonjs.com/babylon.js:0:2927939)
    at renderScene (http://localhost:5500/js/graphics.js?v=79:1288:10)
    at animate (http://localhost:5500/js/main.js?v=79:377:2)
[  154006ms] Uncaught TypeError: Cannot read properties of undefined (reading '_currentLOD')
    at e._prepareRenderingManager (https://cdn.babylonjs.com/babylon.js:0:1473870)
    at e.render (https://cdn.babylonjs.com/babylon.js:0:1470701)
    at t._renderToTarget (https://cdn.babylonjs.com/babylon.js:0:944126)
    at t._render (https://cdn.babylonjs.com/babylon.js:0:942773)
    at t.render (https://cdn.babylonjs.com/babylon.js:0:941741)
    at e._renderForCamera (https://cdn.babylonjs.com/babylon.js:0:2917619)
    at e._processSubCameras (https://cdn.babylonjs.com/babylon.js:0:2919674)
    at e.render (https://cdn.babylonjs.com/babylon.js:0:2927939)
    at renderScene (http://localhost:5500/js/graphics.js?v=79:1288:10)
    at animate (http://localhost:5500/js/main.js?v=79:377:2)
[  154107ms] Uncaught TypeError: Cannot read properties of undefined (reading '_currentLOD')
    at e._prepareRenderingManager (https://cdn.babylonjs.com/babylon.js:0:1473870)
    at e.render (https://cdn.babylonjs.com/babylon.js:0:1470701)
    at t._renderToTarget (https://cdn.babylonjs.com/babylon.js:0:944126)
    at t._render (https://cdn.babylonjs.com/babylon.js:0:942773)
    at t.render (https://cdn.babylonjs.com/babylon.js:0:941741)
    at e._renderForCamera (https://cdn.babylonjs.com/babylon.js:0:2917619)
    at e._processSubCameras (https://cdn.babylonjs.com/babylon.js:0:2919674)
    at e.render (https://cdn.babylonjs.com/babylon.js:0:2927939)
    at renderScene (http://localhost:5500/js/graphics.js?v=79:1288:10)
    at animate (http://localhost:5500/js/main.js?v=79:377:2)
[  154156ms] Uncaught TypeError: Cannot read properties of undefined (reading '_currentLOD')
    at e._prepareRenderingManager (https://cdn.babylonjs.com/babylon.js:0:1473870)
    at e.render (https://cdn.babylonjs.com/babylon.js:0:1470701)
    at t._renderToTarget (https://cdn.babylonjs.com/babylon.js:0:944126)
    at t._render (https://cdn.babylonjs.com/babylon.js:0:942773)
    at t.render (https://cdn.babylonjs.com/babylon.js:0:941741)
    at e._renderForCamera (https://cdn.babylonjs.com/babylon.js:0:2917619)
    at e._processSubCameras (https://cdn.babylonjs.com/babylon.js:0:2919674)
    at e.render (https://cdn.babylonjs.com/babylon.js:0:2927939)
    at renderScene (http://localhost:5500/js/graphics.js?v=79:1288:10)
    at animate (http://localhost:5500/js/main.js?v=79:377:2)
[  154390ms] Uncaught TypeError: Cannot read properties of undefined (reading '_currentLOD')
    at e._prepareRenderingManager (https://cdn.babylonjs.com/babylon.js:0:1473870)
    at e.render (https://cdn.babylonjs.com/babylon.js:0:1470701)
    at t._renderToTarget (https://cdn.babylonjs.com/babylon.js:0:944126)
    at t._render (https://cdn.babylonjs.com/babylon.js:0:942773)
    at t.render (https://cdn.babylonjs.com/babylon.js:0:941741)
    at e._renderForCamera (https://cdn.babylonjs.com/babylon.js:0:2917619)
    at e._processSubCameras (https://cdn.babylonjs.com/babylon.js:0:2919674)
    at e.render (https://cdn.babylonjs.com/babylon.js:0:2927939)
    at renderScene (http://localhost:5500/js/graphics.js?v=79:1288:10)
    at animate (http://localhost:5500/js/main.js?v=79:377:2)
[  154473ms] Uncaught TypeError: Cannot read properties of undefined (reading '_currentLOD')
    at e._prepareRenderingManager (https://cdn.babylonjs.com/babylon.js:0:1473870)
    at e.render (https://cdn.babylonjs.com/babylon.js:0:1470701)
    at t._renderToTarget (https://cdn.babylonjs.com/babylon.js:0:944126)
    at t._render (https://cdn.babylonjs.com/babylon.js:0:942773)
    at t.render (https://cdn.babylonjs.com/babylon.js:0:941741)
    at e._renderForCamera (https://cdn.babylonjs.com/babylon.js:0:2917619)
    at e._processSubCameras (https://cdn.babylonjs.com/babylon.js:0:2919674)
    at e.render (https://cdn.babylonjs.com/babylon.js:0:2927939)
    at renderScene (http://localhost:5500/js/graphics.js?v=79:1288:10)
    at animate (http://localhost:5500/js/main.js?v=79:377:2)
[  154606ms] Uncaught TypeError: Cannot read properties of undefined (reading '_currentLOD')
    at e._prepareRenderingManager (https://cdn.babylonjs.com/babylon.js:0:1473870)
    at e.render (https://cdn.babylonjs.com/babylon.js:0:1470701)
    at t._renderToTarget (https://cdn.babylonjs.com/babylon.js:0:944126)
    at t._render (https://cdn.babylonjs.com/babylon.js:0:942773)
    at t.render (https://cdn.babylonjs.com/babylon.js:0:941741)
    at e._renderForCamera (https://cdn.babylonjs.com/babylon.js:0:2917619)
    at e._processSubCameras (https://cdn.babylonjs.com/babylon.js:0:2919674)
    at e.render (https://cdn.babylonjs.com/babylon.js:0:2927939)
    at renderScene (http://localhost:5500/js/graphics.js?v=79:1288:10)
    at animate (http://localhost:5500/js/main.js?v=79:377:2)
[  154656ms] Uncaught TypeError: Cannot read properties of undefined (reading '_currentLOD')
    at e._prepareRenderingManager (https://cdn.babylonjs.com/babylon.js:0:1473870)
    at e.render (https://cdn.babylonjs.com/babylon.js:0:1470701)
    at t._renderToTarget (https://cdn.babylonjs.com/babylon.js:0:944126)
    at t._render (https://cdn.babylonjs.com/babylon.js:0:942773)
    at t.render (https://cdn.babylonjs.com/babylon.js:0:941741)
    at e._renderForCamera (https://cdn.babylonjs.com/babylon.js:0:2917619)
    at e._processSubCameras (https://cdn.babylonjs.com/babylon.js:0:2919674)
    at e.render (https://cdn.babylonjs.com/babylon.js:0:2927939)
    at renderScene (http://localhost:5500/js/graphics.js?v=79:1288:10)
    at animate (http://localhost:5500/js/main.js?v=79:377:2)
[  154723ms] Uncaught TypeError: Cannot read properties of undefined (reading '_currentLOD')
    at e._prepareRenderingManager (https://cdn.babylonjs.com/babylon.js:0:1473870)
    at e.render (https://cdn.babylonjs.com/babylon.js:0:1470701)
    at t._renderToTarget (https://cdn.babylonjs.com/babylon.js:0:944126)
    at t._render (https://cdn.babylonjs.com/babylon.js:0:942773)
    at t.render (https://cdn.babylonjs.com/babylon.js:0:941741)
    at e._renderForCamera (https://cdn.babylonjs.com/babylon.js:0:2917619)
    at e._processSubCameras (https://cdn.babylonjs.com/babylon.js:0:2919674)
    at e.render (https://cdn.babylonjs.com/babylon.js:0:2927939)
    at renderScene (http://localhost:5500/js/graphics.js?v=79:1288:10)
    at animate (http://localhost:5500/js/main.js?v=79:377:2)
[  154839ms] Uncaught TypeError: Cannot read properties of undefined (reading '_currentLOD')
    at e._prepareRenderingManager (https://cdn.babylonjs.com/babylon.js:0:1473870)
    at e.render (https://cdn.babylonjs.com/babylon.js:0:1470701)
    at t._renderToTarget (https://cdn.babylonjs.com/babylon.js:0:944126)
    at t._render (https://cdn.babylonjs.com/babylon.js:0:942773)
    at t.render (https://cdn.babylonjs.com/babylon.js:0:941741)
    at e._renderForCamera (https://cdn.babylonjs.com/babylon.js:0:2917619)
    at e._processSubCameras (https://cdn.babylonjs.com/babylon.js:0:2919674)
    at e.render (https://cdn.babylonjs.com/babylon.js:0:2927939)
    at renderScene (http://localhost:5500/js/graphics.js?v=79:1288:10)
    at animate (http://localhost:5500/js/main.js?v=79:377:2)
[  154939ms] Uncaught TypeError: Cannot read properties of undefined (reading '_currentLOD')
    at e._prepareRenderingManager (https://cdn.babylonjs.com/babylon.js:0:1473870)
    at e.render (https://cdn.babylonjs.com/babylon.js:0:1470701)
    at t._renderToTarget (https://cdn.babylonjs.com/babylon.js:0:944126)
    at t._render (https://cdn.babylonjs.com/babylon.js:0:942773)
    at t.render (https://cdn.babylonjs.com/babylon.js:0:941741)
    at e._renderForCamera (https://cdn.babylonjs.com/babylon.js:0:2917619)
    at e._processSubCameras (https://cdn.babylonjs.com/babylon.js:0:2919674)
    at e.render (https://cdn.babylonjs.com/babylon.js:0:2927939)
    at renderScene (http://localhost:5500/js/graphics.js?v=79:1288:10)
    at animate (http://localhost:5500/js/main.js?v=79:377:2)
[  155007ms] Uncaught TypeError: Cannot read properties of undefined (reading '_currentLOD')
    at e._prepareRenderingManager (https://cdn.babylonjs.com/babylon.js:0:1473870)
    at e.render (https://cdn.babylonjs.com/babylon.js:0:1470701)
    at t._renderToTarget (https://cdn.babylonjs.com/babylon.js:0:944126)
    at t._render (https://cdn.babylonjs.com/babylon.js:0:942773)
    at t.render (https://cdn.babylonjs.com/babylon.js:0:941741)
    at e._renderForCamera (https://cdn.babylonjs.com/babylon.js:0:2917619)
    at e._processSubCameras (https://cdn.babylonjs.com/babylon.js:0:2919674)
    at e.render (https://cdn.babylonjs.com/babylon.js:0:2927939)
    at renderScene (http://localhost:5500/js/graphics.js?v=79:1288:10)
    at animate (http://localhost:5500/js/main.js?v=79:377:2)
[  155106ms] Uncaught TypeError: Cannot read properties of undefined (reading '_currentLOD')
    at e._prepareRenderingManager (https://cdn.babylonjs.com/babylon.js:0:1473870)
    at e.render (https://cdn.babylonjs.com/babylon.js:0:1470701)
    at t._renderToTarget (https://cdn.babylonjs.com/babylon.js:0:944126)
    at t._render (https://cdn.babylonjs.com/babylon.js:0:942773)
    at t.render (https://cdn.babylonjs.com/babylon.js:0:941741)
    at e._renderForCamera (https://cdn.babylonjs.com/babylon.js:0:2917619)
    at e._processSubCameras (https://cdn.babylonjs.com/babylon.js:0:2919674)
    at e.render (https://cdn.babylonjs.com/babylon.js:0:2927939)
    at renderScene (http://localhost:5500/js/graphics.js?v=79:1288:10)
    at animate (http://localhost:5500/js/main.js?v=79:377:2)
[  155560ms] Uncaught TypeError: Cannot read properties of undefined (reading '_currentLOD')
    at e._prepareRenderingManager (https://cdn.babylonjs.com/babylon.js:0:1473870)
    at e.render (https://cdn.babylonjs.com/babylon.js:0:1470701)
    at t._renderToTarget (https://cdn.babylonjs.com/babylon.js:0:944126)
    at t._render (https://cdn.babylonjs.com/babylon.js:0:942773)
    at t.render (https://cdn.babylonjs.com/babylon.js:0:941741)
    at e._renderForCamera (https://cdn.babylonjs.com/babylon.js:0:2917619)
    at e._processSubCameras (https://cdn.babylonjs.com/babylon.js:0:2919674)
    at e.render (https://cdn.babylonjs.com/babylon.js:0:2927939)
    at renderScene (http://localhost:5500/js/graphics.js?v=79:1288:10)
    at animate (http://localhost:5500/js/main.js?v=79:377:2)
[  155606ms] Uncaught TypeError: Cannot read properties of undefined (reading '_currentLOD')
    at e._prepareRenderingManager (https://cdn.babylonjs.com/babylon.js:0:1473870)
    at e.render (https://cdn.babylonjs.com/babylon.js:0:1470701)
    at t._renderToTarget (https://cdn.babylonjs.com/babylon.js:0:944126)
    at t._render (https://cdn.babylonjs.com/babylon.js:0:942773)
    at t.render (https://cdn.babylonjs.com/babylon.js:0:941741)
    at e._renderForCamera (https://cdn.babylonjs.com/babylon.js:0:2917619)
    at e._processSubCameras (https://cdn.babylonjs.com/babylon.js:0:2919674)
    at e.render (https://cdn.babylonjs.com/babylon.js:0:2927939)
    at renderScene (http://localhost:5500/js/graphics.js?v=79:1288:10)
    at animate (http://localhost:5500/js/main.js?v=79:377:2)
[  155690ms] Uncaught TypeError: Cannot read properties of undefined (reading '_currentLOD')
    at e._prepareRenderingManager (https://cdn.babylonjs.com/babylon.js:0:1473870)
    at e.render (https://cdn.babylonjs.com/babylon.js:0:1470701)
    at t._renderToTarget (https://cdn.babylonjs.com/babylon.js:0:944126)
    at t._render (https://cdn.babylonjs.com/babylon.js:0:942773)
    at t.render (https://cdn.babylonjs.com/babylon.js:0:941741)
    at e._renderForCamera (https://cdn.babylonjs.com/babylon.js:0:2917619)
    at e._processSubCameras (https://cdn.babylonjs.com/babylon.js:0:2919674)
    at e.render (https://cdn.babylonjs.com/babylon.js:0:2927939)
    at renderScene (http://localhost:5500/js/graphics.js?v=79:1288:10)
    at animate (http://localhost:5500/js/main.js?v=79:377:2)
[  155822ms] Uncaught TypeError: Cannot read properties of undefined (reading '_currentLOD')
    at e._prepareRenderingManager (https://cdn.babylonjs.com/babylon.js:0:1473870)
    at e.render (https://cdn.babylonjs.com/babylon.js:0:1470701)
    at t._renderToTarget (https://cdn.babylonjs.com/babylon.js:0:944126)
    at t._render (https://cdn.babylonjs.com/babylon.js:0:942773)
    at t.render (https://cdn.babylonjs.com/babylon.js:0:941741)
    at e._renderForCamera (https://cdn.babylonjs.com/babylon.js:0:2917619)
    at e._processSubCameras (https://cdn.babylonjs.com/babylon.js:0:2919674)
    at e.render (https://cdn.babylonjs.com/babylon.js:0:2927939)
    at renderScene (http://localhost:5500/js/graphics.js?v=79:1288:10)
    at animate (http://localhost:5500/js/main.js?v=79:377:2)
[  156356ms] Uncaught TypeError: Cannot read properties of undefined (reading '_currentLOD')
    at e._prepareRenderingManager (https://cdn.babylonjs.com/babylon.js:0:1473870)
    at e.render (https://cdn.babylonjs.com/babylon.js:0:1470701)
    at t._renderToTarget (https://cdn.babylonjs.com/babylon.js:0:944126)
    at t._render (https://cdn.babylonjs.com/babylon.js:0:942773)
    at t.render (https://cdn.babylonjs.com/babylon.js:0:941741)
    at e._renderForCamera (https://cdn.babylonjs.com/babylon.js:0:2917619)
    at e._processSubCameras (https://cdn.babylonjs.com/babylon.js:0:2919674)
    at e.render (https://cdn.babylonjs.com/babylon.js:0:2927939)
    at renderScene (http://localhost:5500/js/graphics.js?v=79:1288:10)
    at animate (http://localhost:5500/js/main.js?v=79:377:2)
[  156456ms] Uncaught TypeError: Cannot read properties of undefined (reading '_currentLOD')
    at e._prepareRenderingManager (https://cdn.babylonjs.com/babylon.js:0:1473870)
    at e.render (https://cdn.babylonjs.com/babylon.js:0:1470701)
    at t._renderToTarget (https://cdn.babylonjs.com/babylon.js:0:944126)
    at t._render (https://cdn.babylonjs.com/babylon.js:0:942773)
    at t.render (https://cdn.babylonjs.com/babylon.js:0:941741)
    at e._renderForCamera (https://cdn.babylonjs.com/babylon.js:0:2917619)
    at e._processSubCameras (https://cdn.babylonjs.com/babylon.js:0:2919674)
    at e.render (https://cdn.babylonjs.com/babylon.js:0:2927939)
    at renderScene (http://localhost:5500/js/graphics.js?v=79:1288:10)
    at animate (http://localhost:5500/js/main.js?v=79:377:2)
[  156539ms] Uncaught TypeError: Cannot read properties of undefined (reading '_currentLOD')
    at e._prepareRenderingManager (https://cdn.babylonjs.com/babylon.js:0:1473870)
    at e.render (https://cdn.babylonjs.com/babylon.js:0:1470701)
    at t._renderToTarget (https://cdn.babylonjs.com/babylon.js:0:944126)
    at t._render (https://cdn.babylonjs.com/babylon.js:0:942773)
    at t.render (https://cdn.babylonjs.com/babylon.js:0:941741)
    at e._renderForCamera (https://cdn.babylonjs.com/babylon.js:0:2917619)
    at e._processSubCameras (https://cdn.babylonjs.com/babylon.js:0:2919674)
    at e.render (https://cdn.babylonjs.com/babylon.js:0:2927939)
    at renderScene (http://localhost:5500/js/graphics.js?v=79:1288:10)
    at animate (http://localhost:5500/js/main.js?v=79:377:2)
[  156656ms] Uncaught TypeError: Cannot read properties of undefined (reading '_currentLOD')
    at e._prepareRenderingManager (https://cdn.babylonjs.com/babylon.js:0:1473870)
    at e.render (https://cdn.babylonjs.com/babylon.js:0:1470701)
    at t._renderToTarget (https://cdn.babylonjs.com/babylon.js:0:944126)
    at t._render (https://cdn.babylonjs.com/babylon.js:0:942773)
    at t.render (https://cdn.babylonjs.com/babylon.js:0:941741)
    at e._renderForCamera (https://cdn.babylonjs.com/babylon.js:0:2917619)
    at e._processSubCameras (https://cdn.babylonjs.com/babylon.js:0:2919674)
    at e.render (https://cdn.babylonjs.com/babylon.js:0:2927939)
    at renderScene (http://localhost:5500/js/graphics.js?v=79:1288:10)
    at animate (http://localhost:5500/js/main.js?v=79:377:2)
[  156791ms] Uncaught TypeError: Cannot read properties of undefined (reading '_currentLOD')
    at e._prepareRenderingManager (https://cdn.babylonjs.com/babylon.js:0:1473870)
    at e.render (https://cdn.babylonjs.com/babylon.js:0:1470701)
    at t._renderToTarget (https://cdn.babylonjs.com/babylon.js:0:944126)
    at t._render (https://cdn.babylonjs.com/babylon.js:0:942773)
    at t.render (https://cdn.babylonjs.com/babylon.js:0:941741)
    at e._renderForCamera (https://cdn.babylonjs.com/babylon.js:0:2917619)
    at e._processSubCameras (https://cdn.babylonjs.com/babylon.js:0:2919674)
    at e.render (https://cdn.babylonjs.com/babylon.js:0:2927939)
    at renderScene (http://localhost:5500/js/graphics.js?v=79:1288:10)
    at animate (http://localhost:5500/js/main.js?v=79:377:2)
[  156977ms] Uncaught TypeError: Cannot read properties of undefined (reading '_currentLOD')
    at e._prepareRenderingManager (https://cdn.babylonjs.com/babylon.js:0:1473870)
    at e.render (https://cdn.babylonjs.com/babylon.js:0:1470701)
    at t._renderToTarget (https://cdn.babylonjs.com/babylon.js:0:944126)
    at t._render (https://cdn.babylonjs.com/babylon.js:0:942773)
    at t.render (https://cdn.babylonjs.com/babylon.js:0:941741)
    at e._renderForCamera (https://cdn.babylonjs.com/babylon.js:0:2917619)
    at e._processSubCameras (https://cdn.babylonjs.com/babylon.js:0:2919674)
    at e.render (https://cdn.babylonjs.com/babylon.js:0:2927939)
    at renderScene (http://localhost:5500/js/graphics.js?v=79:1288:10)
    at animate (http://localhost:5500/js/main.js?v=79:377:2)
[  157008ms] Uncaught TypeError: Cannot read properties of undefined (reading '_currentLOD')
    at e._prepareRenderingManager (https://cdn.babylonjs.com/babylon.js:0:1473870)
    at e.render (https://cdn.babylonjs.com/babylon.js:0:1470701)
    at t._renderToTarget (https://cdn.babylonjs.com/babylon.js:0:944126)
    at t._render (https://cdn.babylonjs.com/babylon.js:0:942773)
    at t.render (https://cdn.babylonjs.com/babylon.js:0:941741)
    at e._renderForCamera (https://cdn.babylonjs.com/babylon.js:0:2917619)
    at e._processSubCameras (https://cdn.babylonjs.com/babylon.js:0:2919674)
    at e.render (https://cdn.babylonjs.com/babylon.js:0:2927939)
    at renderScene (http://localhost:5500/js/graphics.js?v=79:1288:10)
    at animate (http://localhost:5500/js/main.js?v=79:377:2)
[  157041ms] Uncaught TypeError: Cannot read properties of undefined (reading '_currentLOD')
    at e._prepareRenderingManager (https://cdn.babylonjs.com/babylon.js:0:1473870)
    at e.render (https://cdn.babylonjs.com/babylon.js:0:1470701)
    at t._renderToTarget (https://cdn.babylonjs.com/babylon.js:0:944126)
    at t._render (https://cdn.babylonjs.com/babylon.js:0:942773)
    at t.render (https://cdn.babylonjs.com/babylon.js:0:941741)
    at e._renderForCamera (https://cdn.babylonjs.com/babylon.js:0:2917619)
    at e._processSubCameras (https://cdn.babylonjs.com/babylon.js:0:2919674)
    at e.render (https://cdn.babylonjs.com/babylon.js:0:2927939)
    at renderScene (http://localhost:5500/js/graphics.js?v=79:1288:10)
    at animate (http://localhost:5500/js/main.js?v=79:377:2)
[  157074ms] Uncaught TypeError: Cannot read properties of undefined (reading '_currentLOD')
    at e._prepareRenderingManager (https://cdn.babylonjs.com/babylon.js:0:1473870)
    at e.render (https://cdn.babylonjs.com/babylon.js:0:1470701)
    at t._renderToTarget (https://cdn.babylonjs.com/babylon.js:0:944126)
    at t._render (https://cdn.babylonjs.com/babylon.js:0:942773)
    at t.render (https://cdn.babylonjs.com/babylon.js:0:941741)
    at e._renderForCamera (https://cdn.babylonjs.com/babylon.js:0:2917619)
    at e._processSubCameras (https://cdn.babylonjs.com/babylon.js:0:2919674)
    at e.render (https://cdn.babylonjs.com/babylon.js:0:2927939)
    at renderScene (http://localhost:5500/js/graphics.js?v=79:1288:10)
    at animate (http://localhost:5500/js/main.js?v=79:377:2)
[  157112ms] Uncaught TypeError: Cannot read properties of undefined (reading '_currentLOD')
    at e._prepareRenderingManager (https://cdn.babylonjs.com/babylon.js:0:1473870)
    at e.render (https://cdn.babylonjs.com/babylon.js:0:1470701)
    at t._renderToTarget (https://cdn.babylonjs.com/babylon.js:0:944126)
    at t._render (https://cdn.babylonjs.com/babylon.js:0:942773)
    at t.render (https://cdn.babylonjs.com/babylon.js:0:941741)
    at e._renderForCamera (https://cdn.babylonjs.com/babylon.js:0:2917619)
    at e._processSubCameras (https://cdn.babylonjs.com/babylon.js:0:2919674)
    at e.render (https://cdn.babylonjs.com/babylon.js:0:2927939)
    at renderScene (http://localhost:5500/js/graphics.js?v=79:1288:10)
    at animate (http://localhost:5500/js/main.js?v=79:377:2)
[  157140ms] Uncaught TypeError: Cannot read properties of undefined (reading '_currentLOD')
    at e._prepareRenderingManager (https://cdn.babylonjs.com/babylon.js:0:1473870)
    at e.render (https://cdn.babylonjs.com/babylon.js:0:1470701)
    at t._renderToTarget (https://cdn.babylonjs.com/babylon.js:0:944126)
    at t._render (https://cdn.babylonjs.com/babylon.js:0:942773)
    at t.render (https://cdn.babylonjs.com/babylon.js:0:941741)
    at e._renderForCamera (https://cdn.babylonjs.com/babylon.js:0:2917619)
    at e._processSubCameras (https://cdn.babylonjs.com/babylon.js:0:2919674)
    at e.render (https://cdn.babylonjs.com/babylon.js:0:2927939)
    at renderScene (http://localhost:5500/js/graphics.js?v=79:1288:10)
    at animate (http://localhost:5500/js/main.js?v=79:377:2)
[  157173ms] Uncaught TypeError: Cannot read properties of undefined (reading '_currentLOD')
    at e._prepareRenderingManager (https://cdn.babylonjs.com/babylon.js:0:1473870)
    at e.render (https://cdn.babylonjs.com/babylon.js:0:1470701)
    at t._renderToTarget (https://cdn.babylonjs.com/babylon.js:0:944126)
    at t._render (https://cdn.babylonjs.com/babylon.js:0:942773)
    at t.render (https://cdn.babylonjs.com/babylon.js:0:941741)
    at e._renderForCamera (https://cdn.babylonjs.com/babylon.js:0:2917619)
    at e._processSubCameras (https://cdn.babylonjs.com/babylon.js:0:2919674)
    at e.render (https://cdn.babylonjs.com/babylon.js:0:2927939)
    at renderScene (http://localhost:5500/js/graphics.js?v=79:1288:10)
    at animate (http://localhost:5500/js/main.js?v=79:377:2)
[  157206ms] Uncaught TypeError: Cannot read properties of undefined (reading '_currentLOD')
    at e._prepareRenderingManager (https://cdn.babylonjs.com/babylon.js:0:1473870)
    at e.render (https://cdn.babylonjs.com/babylon.js:0:1470701)
    at t._renderToTarget (https://cdn.babylonjs.com/babylon.js:0:944126)
    at t._render (https://cdn.babylonjs.com/babylon.js:0:942773)
    at t.render (https://cdn.babylonjs.com/babylon.js:0:941741)
    at e._renderForCamera (https://cdn.babylonjs.com/babylon.js:0:2917619)
    at e._processSubCameras (https://cdn.babylonjs.com/babylon.js:0:2919674)
    at e.render (https://cdn.babylonjs.com/babylon.js:0:2927939)
    at renderScene (http://localhost:5500/js/graphics.js?v=79:1288:10)
    at animate (http://localhost:5500/js/main.js?v=79:377:2)
[  157240ms] Uncaught TypeError: Cannot read properties of undefined (reading '_currentLOD')
    at e._prepareRenderingManager (https://cdn.babylonjs.com/babylon.js:0:1473870)
    at e.render (https://cdn.babylonjs.com/babylon.js:0:1470701)
    at t._renderToTarget (https://cdn.babylonjs.com/babylon.js:0:944126)
    at t._render (https://cdn.babylonjs.com/babylon.js:0:942773)
    at t.render (https://cdn.babylonjs.com/babylon.js:0:941741)
    at e._renderForCamera (https://cdn.babylonjs.com/babylon.js:0:2917619)
    at e._processSubCameras (https://cdn.babylonjs.com/babylon.js:0:2919674)
    at e.render (https://cdn.babylonjs.com/babylon.js:0:2927939)
    at renderScene (http://localhost:5500/js/graphics.js?v=79:1288:10)
    at animate (http://localhost:5500/js/main.js?v=79:377:2)
[  157289ms] Uncaught TypeError: Cannot read properties of undefined (reading '_currentLOD')
    at e._prepareRenderingManager (https://cdn.babylonjs.com/babylon.js:0:1473870)
    at e.render (https://cdn.babylonjs.com/babylon.js:0:1470701)
    at t._renderToTarget (https://cdn.babylonjs.com/babylon.js:0:944126)
    at t._render (https://cdn.babylonjs.com/babylon.js:0:942773)
    at t.render (https://cdn.babylonjs.com/babylon.js:0:941741)
    at e._renderForCamera (https://cdn.babylonjs.com/babylon.js:0:2917619)
    at e._processSubCameras (https://cdn.babylonjs.com/babylon.js:0:2919674)
    at e.render (https://cdn.babylonjs.com/babylon.js:0:2927939)
    at renderScene (http://localhost:5500/js/graphics.js?v=79:1288:10)
    at animate (http://localhost:5500/js/main.js?v=79:377:2)
[  157356ms] Uncaught TypeError: Cannot read properties of undefined (reading '_currentLOD')
    at e._prepareRenderingManager (https://cdn.babylonjs.com/babylon.js:0:1473870)
    at e.render (https://cdn.babylonjs.com/babylon.js:0:1470701)
    at t._renderToTarget (https://cdn.babylonjs.com/babylon.js:0:944126)
    at t._render (https://cdn.babylonjs.com/babylon.js:0:942773)
    at t.render (https://cdn.babylonjs.com/babylon.js:0:941741)
    at e._renderForCamera (https://cdn.babylonjs.com/babylon.js:0:2917619)
    at e._processSubCameras (https://cdn.babylonjs.com/babylon.js:0:2919674)
    at e.render (https://cdn.babylonjs.com/babylon.js:0:2927939)
    at renderScene (http://localhost:5500/js/graphics.js?v=79:1288:10)
    at animate (http://localhost:5500/js/main.js?v=79:377:2)
[  157422ms] Uncaught TypeError: Cannot read properties of undefined (reading '_currentLOD')
    at e._prepareRenderingManager (https://cdn.babylonjs.com/babylon.js:0:1473870)
    at e.render (https://cdn.babylonjs.com/babylon.js:0:1470701)
    at t._renderToTarget (https://cdn.babylonjs.com/babylon.js:0:944126)
    at t._render (https://cdn.babylonjs.com/babylon.js:0:942773)
    at t.render (https://cdn.babylonjs.com/babylon.js:0:941741)
    at e._renderForCamera (https://cdn.babylonjs.com/babylon.js:0:2917619)
    at e._processSubCameras (https://cdn.babylonjs.com/babylon.js:0:2919674)
    at e.render (https://cdn.babylonjs.com/babylon.js:0:2927939)
    at renderScene (http://localhost:5500/js/graphics.js?v=79:1288:10)
    at animate (http://localhost:5500/js/main.js?v=79:377:2)
[  157491ms] Uncaught TypeError: Cannot read properties of undefined (reading '_currentLOD')
    at e._prepareRenderingManager (https://cdn.babylonjs.com/babylon.js:0:1473870)
    at e.render (https://cdn.babylonjs.com/babylon.js:0:1470701)
    at t._renderToTarget (https://cdn.babylonjs.com/babylon.js:0:944126)
    at t._render (https://cdn.babylonjs.com/babylon.js:0:942773)
    at t.render (https://cdn.babylonjs.com/babylon.js:0:941741)
    at e._renderForCamera (https://cdn.babylonjs.com/babylon.js:0:2917619)
    at e._processSubCameras (https://cdn.babylonjs.com/babylon.js:0:2919674)
    at e.render (https://cdn.babylonjs.com/babylon.js:0:2927939)
    at renderScene (http://localhost:5500/js/graphics.js?v=79:1288:10)
    at animate (http://localhost:5500/js/main.js?v=79:377:2)
[  157557ms] Uncaught TypeError: Cannot read properties of undefined (reading '_currentLOD')
    at e._prepareRenderingManager (https://cdn.babylonjs.com/babylon.js:0:1473870)
    at e.render (https://cdn.babylonjs.com/babylon.js:0:1470701)
    at t._renderToTarget (https://cdn.babylonjs.com/babylon.js:0:944126)
    at t._render (https://cdn.babylonjs.com/babylon.js:0:942773)
    at t.render (https://cdn.babylonjs.com/babylon.js:0:941741)
    at e._renderForCamera (https://cdn.babylonjs.com/babylon.js:0:2917619)
    at e._processSubCameras (https://cdn.babylonjs.com/babylon.js:0:2919674)
    at e.render (https://cdn.babylonjs.com/babylon.js:0:2927939)
    at renderScene (http://localhost:5500/js/graphics.js?v=79:1288:10)
    at animate (http://localhost:5500/js/main.js?v=79:377:2)
[  157623ms] Uncaught TypeError: Cannot read properties of undefined (reading '_currentLOD')
    at e._prepareRenderingManager (https://cdn.babylonjs.com/babylon.js:0:1473870)
    at e.render (https://cdn.babylonjs.com/babylon.js:0:1470701)
    at t._renderToTarget (https://cdn.babylonjs.com/babylon.js:0:944126)
    at t._render (https://cdn.babylonjs.com/babylon.js:0:942773)
    at t.render (https://cdn.babylonjs.com/babylon.js:0:941741)
    at e._renderForCamera (https://cdn.babylonjs.com/babylon.js:0:2917619)
    at e._processSubCameras (https://cdn.babylonjs.com/babylon.js:0:2919674)
    at e.render (https://cdn.babylonjs.com/babylon.js:0:2927939)
    at renderScene (http://localhost:5500/js/graphics.js?v=79:1288:10)
    at animate (http://localhost:5500/js/main.js?v=79:377:2)
[  157690ms] Uncaught TypeError: Cannot read properties of undefined (reading '_currentLOD')
    at e._prepareRenderingManager (https://cdn.babylonjs.com/babylon.js:0:1473870)
    at e.render (https://cdn.babylonjs.com/babylon.js:0:1470701)
    at t._renderToTarget (https://cdn.babylonjs.com/babylon.js:0:944126)
    at t._render (https://cdn.babylonjs.com/babylon.js:0:942773)
    at t.render (https://cdn.babylonjs.com/babylon.js:0:941741)
    at e._renderForCamera (https://cdn.babylonjs.com/babylon.js:0:2917619)
    at e._processSubCameras (https://cdn.babylonjs.com/babylon.js:0:2919674)
    at e.render (https://cdn.babylonjs.com/babylon.js:0:2927939)
    at renderScene (http://localhost:5500/js/graphics.js?v=79:1288:10)
    at animate (http://localhost:5500/js/main.js?v=79:377:2)
[  157757ms] Uncaught TypeError: Cannot read properties of undefined (reading '_currentLOD')
    at e._prepareRenderingManager (https://cdn.babylonjs.com/babylon.js:0:1473870)
    at e.render (https://cdn.babylonjs.com/babylon.js:0:1470701)
    at t._renderToTarget (https://cdn.babylonjs.com/babylon.js:0:944126)
    at t._render (https://cdn.babylonjs.com/babylon.js:0:942773)
    at t.render (https://cdn.babylonjs.com/babylon.js:0:941741)
    at e._renderForCamera (https://cdn.babylonjs.com/babylon.js:0:2917619)
    at e._processSubCameras (https://cdn.babylonjs.com/babylon.js:0:2919674)
    at e.render (https://cdn.babylonjs.com/babylon.js:0:2927939)
    at renderScene (http://localhost:5500/js/graphics.js?v=79:1288:10)
    at animate (http://localhost:5500/js/main.js?v=79:377:2)
[  157790ms] Uncaught TypeError: Cannot read properties of undefined (reading '_currentLOD')
    at e._prepareRenderingManager (https://cdn.babylonjs.com/babylon.js:0:1473870)
    at e.render (https://cdn.babylonjs.com/babylon.js:0:1470701)
    at t._renderToTarget (https://cdn.babylonjs.com/babylon.js:0:944126)
    at t._render (https://cdn.babylonjs.com/babylon.js:0:942773)
    at t.render (https://cdn.babylonjs.com/babylon.js:0:941741)
    at e._renderForCamera (https://cdn.babylonjs.com/babylon.js:0:2917619)
    at e._processSubCameras (https://cdn.babylonjs.com/babylon.js:0:2919674)
    at e.render (https://cdn.babylonjs.com/babylon.js:0:2927939)
    at renderScene (http://localhost:5500/js/graphics.js?v=79:1288:10)
    at animate (http://localhost:5500/js/main.js?v=79:377:2)
[  157825ms] Uncaught TypeError: Cannot read properties of undefined (reading '_currentLOD')
    at e._prepareRenderingManager (https://cdn.babylonjs.com/babylon.js:0:1473870)
    at e.render (https://cdn.babylonjs.com/babylon.js:0:1470701)
    at t._renderToTarget (https://cdn.babylonjs.com/babylon.js:0:944126)
    at t._render (https://cdn.babylonjs.com/babylon.js:0:942773)
    at t.render (https://cdn.babylonjs.com/babylon.js:0:941741)
    at e._renderForCamera (https://cdn.babylonjs.com/babylon.js:0:2917619)
    at e._processSubCameras (https://cdn.babylonjs.com/babylon.js:0:2919674)
    at e.render (https://cdn.babylonjs.com/babylon.js:0:2927939)
    at renderScene (http://localhost:5500/js/graphics.js?v=79:1288:10)
    at animate (http://localhost:5500/js/main.js?v=79:377:2)
[  157857ms] Uncaught TypeError: Cannot read properties of undefined (reading '_currentLOD')
    at e._prepareRenderingManager (https://cdn.babylonjs.com/babylon.js:0:1473870)
    at e.render (https://cdn.babylonjs.com/babylon.js:0:1470701)
    at t._renderToTarget (https://cdn.babylonjs.com/babylon.js:0:944126)
    at t._render (https://cdn.babylonjs.com/babylon.js:0:942773)
    at t.render (https://cdn.babylonjs.com/babylon.js:0:941741)
    at e._renderForCamera (https://cdn.babylonjs.com/babylon.js:0:2917619)
    at e._processSubCameras (https://cdn.babylonjs.com/babylon.js:0:2919674)
    at e.render (https://cdn.babylonjs.com/babylon.js:0:2927939)
    at renderScene (http://localhost:5500/js/graphics.js?v=79:1288:10)
    at animate (http://localhost:5500/js/main.js?v=79:377:2)
[  157923ms] Uncaught TypeError: Cannot read properties of undefined (reading '_currentLOD')
    at e._prepareRenderingManager (https://cdn.babylonjs.com/babylon.js:0:1473870)
    at e.render (https://cdn.babylonjs.com/babylon.js:0:1470701)
    at t._renderToTarget (https://cdn.babylonjs.com/babylon.js:0:944126)
    at t._render (https://cdn.babylonjs.com/babylon.js:0:942773)
    at t.render (https://cdn.babylonjs.com/babylon.js:0:941741)
    at e._renderForCamera (https://cdn.babylonjs.com/babylon.js:0:2917619)
    at e._processSubCameras (https://cdn.babylonjs.com/babylon.js:0:2919674)
    at e.render (https://cdn.babylonjs.com/babylon.js:0:2927939)
    at renderScene (http://localhost:5500/js/graphics.js?v=79:1288:10)
    at animate (http://localhost:5500/js/main.js?v=79:377:2)
[  157990ms] Uncaught TypeError: Cannot read properties of undefined (reading '_currentLOD')
    at e._prepareRenderingManager (https://cdn.babylonjs.com/babylon.js:0:1473870)
    at e.render (https://cdn.babylonjs.com/babylon.js:0:1470701)
    at t._renderToTarget (https://cdn.babylonjs.com/babylon.js:0:944126)
    at t._render (https://cdn.babylonjs.com/babylon.js:0:942773)
    at t.render (https://cdn.babylonjs.com/babylon.js:0:941741)
    at e._renderForCamera (https://cdn.babylonjs.com/babylon.js:0:2917619)
    at e._processSubCameras (https://cdn.babylonjs.com/babylon.js:0:2919674)
    at e.render (https://cdn.babylonjs.com/babylon.js:0:2927939)
    at renderScene (http://localhost:5500/js/graphics.js?v=79:1288:10)
    at animate (http://localhost:5500/js/main.js?v=79:377:2)
[  158133ms] Uncaught TypeError: Cannot read properties of undefined (reading '_currentLOD')
    at e._prepareRenderingManager (https://cdn.babylonjs.com/babylon.js:0:1473870)
    at e.render (https://cdn.babylonjs.com/babylon.js:0:1470701)
    at t._renderToTarget (https://cdn.babylonjs.com/babylon.js:0:944126)
    at t._render (https://cdn.babylonjs.com/babylon.js:0:942773)
    at t.render (https://cdn.babylonjs.com/babylon.js:0:941741)
    at e._renderForCamera (https://cdn.babylonjs.com/babylon.js:0:2917619)
    at e._processSubCameras (https://cdn.babylonjs.com/babylon.js:0:2919674)
    at e.render (https://cdn.babylonjs.com/babylon.js:0:2927939)
    at renderScene (http://localhost:5500/js/graphics.js?v=79:1288:10)
    at animate (http://localhost:5500/js/main.js?v=79:377:2)
[  158191ms] Uncaught TypeError: Cannot read properties of undefined (reading '_currentLOD')
    at e._prepareRenderingManager (https://cdn.babylonjs.com/babylon.js:0:1473870)
    at e.render (https://cdn.babylonjs.com/babylon.js:0:1470701)
    at t._renderToTarget (https://cdn.babylonjs.com/babylon.js:0:944126)
    at t._render (https://cdn.babylonjs.com/babylon.js:0:942773)
    at t.render (https://cdn.babylonjs.com/babylon.js:0:941741)
    at e._renderForCamera (https://cdn.babylonjs.com/babylon.js:0:2917619)
    at e._processSubCameras (https://cdn.babylonjs.com/babylon.js:0:2919674)
    at e.render (https://cdn.babylonjs.com/babylon.js:0:2927939)
    at renderScene (http://localhost:5500/js/graphics.js?v=79:1288:10)
    at animate (http://localhost:5500/js/main.js?v=79:377:2)
[  158229ms] Uncaught TypeError: Cannot read properties of undefined (reading '_currentLOD')
    at e._prepareRenderingManager (https://cdn.babylonjs.com/babylon.js:0:1473870)
    at e.render (https://cdn.babylonjs.com/babylon.js:0:1470701)
    at t._renderToTarget (https://cdn.babylonjs.com/babylon.js:0:944126)
    at t._render (https://cdn.babylonjs.com/babylon.js:0:942773)
    at t.render (https://cdn.babylonjs.com/babylon.js:0:941741)
    at e._renderForCamera (https://cdn.babylonjs.com/babylon.js:0:2917619)
    at e._processSubCameras (https://cdn.babylonjs.com/babylon.js:0:2919674)
    at e.render (https://cdn.babylonjs.com/babylon.js:0:2927939)
    at renderScene (http://localhost:5500/js/graphics.js?v=79:1288:10)
    at animate (http://localhost:5500/js/main.js?v=79:377:2)
[  158268ms] Uncaught TypeError: Cannot read properties of undefined (reading '_currentLOD')
    at e._prepareRenderingManager (https://cdn.babylonjs.com/babylon.js:0:1473870)
    at e.render (https://cdn.babylonjs.com/babylon.js:0:1470701)
    at t._renderToTarget (https://cdn.babylonjs.com/babylon.js:0:944126)
    at t._render (https://cdn.babylonjs.com/babylon.js:0:942773)
    at t.render (https://cdn.babylonjs.com/babylon.js:0:941741)
    at e._renderForCamera (https://cdn.babylonjs.com/babylon.js:0:2917619)
    at e._processSubCameras (https://cdn.babylonjs.com/babylon.js:0:2919674)
    at e.render (https://cdn.babylonjs.com/babylon.js:0:2927939)
    at renderScene (http://localhost:5500/js/graphics.js?v=79:1288:10)
    at animate (http://localhost:5500/js/main.js?v=79:377:2)
[  158293ms] Uncaught TypeError: Cannot read properties of undefined (reading '_currentLOD')
    at e._prepareRenderingManager (https://cdn.babylonjs.com/babylon.js:0:1473870)
    at e.render (https://cdn.babylonjs.com/babylon.js:0:1470701)
    at t._renderToTarget (https://cdn.babylonjs.com/babylon.js:0:944126)
    at t._render (https://cdn.babylonjs.com/babylon.js:0:942773)
    at t.render (https://cdn.babylonjs.com/babylon.js:0:941741)
    at e._renderForCamera (https://cdn.babylonjs.com/babylon.js:0:2917619)
    at e._processSubCameras (https://cdn.babylonjs.com/babylon.js:0:2919674)
    at e.render (https://cdn.babylonjs.com/babylon.js:0:2927939)
    at renderScene (http://localhost:5500/js/graphics.js?v=79:1288:10)
    at animate (http://localhost:5500/js/main.js?v=79:377:2)
[  158324ms] Uncaught TypeError: Cannot read properties of undefined (reading '_currentLOD')
    at e._prepareRenderingManager (https://cdn.babylonjs.com/babylon.js:0:1473870)
    at e.render (https://cdn.babylonjs.com/babylon.js:0:1470701)
    at t._renderToTarget (https://cdn.babylonjs.com/babylon.js:0:944126)
    at t._render (https://cdn.babylonjs.com/babylon.js:0:942773)
    at t.render (https://cdn.babylonjs.com/babylon.js:0:941741)
    at e._renderForCamera (https://cdn.babylonjs.com/babylon.js:0:2917619)
    at e._processSubCameras (https://cdn.babylonjs.com/babylon.js:0:2919674)
    at e.render (https://cdn.babylonjs.com/babylon.js:0:2927939)
    at renderScene (http://localhost:5500/js/graphics.js?v=79:1288:10)
    at animate (http://localhost:5500/js/main.js?v=79:377:2)
[  158363ms] Uncaught TypeError: Cannot read properties of undefined (reading '_currentLOD')
    at e._prepareRenderingManager (https://cdn.babylonjs.com/babylon.js:0:1473870)
    at e.render (https://cdn.babylonjs.com/babylon.js:0:1470701)
    at t._renderToTarget (https://cdn.babylonjs.com/babylon.js:0:944126)
    at t._render (https://cdn.babylonjs.com/babylon.js:0:942773)
    at t.render (https://cdn.babylonjs.com/babylon.js:0:941741)
    at e._renderForCamera (https://cdn.babylonjs.com/babylon.js:0:2917619)
    at e._processSubCameras (https://cdn.babylonjs.com/babylon.js:0:2919674)
    at e.render (https://cdn.babylonjs.com/babylon.js:0:2927939)
    at renderScene (http://localhost:5500/js/graphics.js?v=79:1288:10)
    at animate (http://localhost:5500/js/main.js?v=79:377:2)
[  158428ms] Uncaught TypeError: Cannot read properties of undefined (reading '_currentLOD')
    at e._prepareRenderingManager (https://cdn.babylonjs.com/babylon.js:0:1473870)
    at e.render (https://cdn.babylonjs.com/babylon.js:0:1470701)
    at t._renderToTarget (https://cdn.babylonjs.com/babylon.js:0:944126)
    at t._render (https://cdn.babylonjs.com/babylon.js:0:942773)
    at t.render (https://cdn.babylonjs.com/babylon.js:0:941741)
    at e._renderForCamera (https://cdn.babylonjs.com/babylon.js:0:2917619)
    at e._processSubCameras (https://cdn.babylonjs.com/babylon.js:0:2919674)
    at e.render (https://cdn.babylonjs.com/babylon.js:0:2927939)
    at renderScene (http://localhost:5500/js/graphics.js?v=79:1288:10)
    at animate (http://localhost:5500/js/main.js?v=79:377:2)
[  158522ms] Uncaught TypeError: Cannot read properties of undefined (reading '_currentLOD')
    at e._prepareRenderingManager (https://cdn.babylonjs.com/babylon.js:0:1473870)
    at e.render (https://cdn.babylonjs.com/babylon.js:0:1470701)
    at t._renderToTarget (https://cdn.babylonjs.com/babylon.js:0:944126)
    at t._render (https://cdn.babylonjs.com/babylon.js:0:942773)
    at t.render (https://cdn.babylonjs.com/babylon.js:0:941741)
    at e._renderForCamera (https://cdn.babylonjs.com/babylon.js:0:2917619)
    at e._processSubCameras (https://cdn.babylonjs.com/babylon.js:0:2919674)
    at e.render (https://cdn.babylonjs.com/babylon.js:0:2927939)
    at renderScene (http://localhost:5500/js/graphics.js?v=79:1288:10)
    at animate (http://localhost:5500/js/main.js?v=79:377:2)
[  159475ms] Uncaught TypeError: Cannot read properties of undefined (reading '_currentLOD')
    at e._prepareRenderingManager (https://cdn.babylonjs.com/babylon.js:0:1473870)
    at e.render (https://cdn.babylonjs.com/babylon.js:0:1470701)
    at t._renderToTarget (https://cdn.babylonjs.com/babylon.js:0:944126)
    at t._render (https://cdn.babylonjs.com/babylon.js:0:942773)
    at t.render (https://cdn.babylonjs.com/babylon.js:0:941741)
    at e._renderForCamera (https://cdn.babylonjs.com/babylon.js:0:2917619)
    at e._processSubCameras (https://cdn.babylonjs.com/babylon.js:0:2919674)
    at e.render (https://cdn.babylonjs.com/babylon.js:0:2927939)
    at renderScene (http://localhost:5500/js/graphics.js?v=79:1288:10)
    at animate (http://localhost:5500/js/main.js?v=79:377:2)
[  159509ms] Uncaught TypeError: Cannot read properties of undefined (reading '_currentLOD')
    at e._prepareRenderingManager (https://cdn.babylonjs.com/babylon.js:0:1473870)
    at e.render (https://cdn.babylonjs.com/babylon.js:0:1470701)
    at t._renderToTarget (https://cdn.babylonjs.com/babylon.js:0:944126)
    at t._render (https://cdn.babylonjs.com/babylon.js:0:942773)
    at t.render (https://cdn.babylonjs.com/babylon.js:0:941741)
    at e._renderForCamera (https://cdn.babylonjs.com/babylon.js:0:2917619)
    at e._processSubCameras (https://cdn.babylonjs.com/babylon.js:0:2919674)
    at e.render (https://cdn.babylonjs.com/babylon.js:0:2927939)
    at renderScene (http://localhost:5500/js/graphics.js?v=79:1288:10)
    at animate (http://localhost:5500/js/main.js?v=79:377:2)
[  159574ms] Uncaught TypeError: Cannot read properties of undefined (reading '_currentLOD')
    at e._prepareRenderingManager (https://cdn.babylonjs.com/babylon.js:0:1473870)
    at e.render (https://cdn.babylonjs.com/babylon.js:0:1470701)
    at t._renderToTarget (https://cdn.babylonjs.com/babylon.js:0:944126)
    at t._render (https://cdn.babylonjs.com/babylon.js:0:942773)
    at t.render (https://cdn.babylonjs.com/babylon.js:0:941741)
    at e._renderForCamera (https://cdn.babylonjs.com/babylon.js:0:2917619)
    at e._processSubCameras (https://cdn.babylonjs.com/babylon.js:0:2919674)
    at e.render (https://cdn.babylonjs.com/babylon.js:0:2927939)
    at renderScene (http://localhost:5500/js/graphics.js?v=79:1288:10)
    at animate (http://localhost:5500/js/main.js?v=79:377:2)
[  159624ms] Uncaught TypeError: Cannot read properties of undefined (reading '_currentLOD')
    at e._prepareRenderingManager (https://cdn.babylonjs.com/babylon.js:0:1473870)
    at e.render (https://cdn.babylonjs.com/babylon.js:0:1470701)
    at t._renderToTarget (https://cdn.babylonjs.com/babylon.js:0:944126)
    at t._render (https://cdn.babylonjs.com/babylon.js:0:942773)
    at t.render (https://cdn.babylonjs.com/babylon.js:0:941741)
    at e._renderForCamera (https://cdn.babylonjs.com/babylon.js:0:2917619)
    at e._processSubCameras (https://cdn.babylonjs.com/babylon.js:0:2919674)
    at e.render (https://cdn.babylonjs.com/babylon.js:0:2927939)
    at renderScene (http://localhost:5500/js/graphics.js?v=79:1288:10)
    at animate (http://localhost:5500/js/main.js?v=79:377:2)
[  159690ms] Uncaught TypeError: Cannot read properties of undefined (reading '_currentLOD')
    at e._prepareRenderingManager (https://cdn.babylonjs.com/babylon.js:0:1473870)
    at e.render (https://cdn.babylonjs.com/babylon.js:0:1470701)
    at t._renderToTarget (https://cdn.babylonjs.com/babylon.js:0:944126)
    at t._render (https://cdn.babylonjs.com/babylon.js:0:942773)
    at t.render (https://cdn.babylonjs.com/babylon.js:0:941741)
    at e._renderForCamera (https://cdn.babylonjs.com/babylon.js:0:2917619)
    at e._processSubCameras (https://cdn.babylonjs.com/babylon.js:0:2919674)
    at e.render (https://cdn.babylonjs.com/babylon.js:0:2927939)
    at renderScene (http://localhost:5500/js/graphics.js?v=79:1288:10)
    at animate (http://localhost:5500/js/main.js?v=79:377:2)
[  159759ms] Uncaught TypeError: Cannot read properties of undefined (reading '_currentLOD')
    at e._prepareRenderingManager (https://cdn.babylonjs.com/babylon.js:0:1473870)
    at e.render (https://cdn.babylonjs.com/babylon.js:0:1470701)
    at t._renderToTarget (https://cdn.babylonjs.com/babylon.js:0:944126)
    at t._render (https://cdn.babylonjs.com/babylon.js:0:942773)
    at t.render (https://cdn.babylonjs.com/babylon.js:0:941741)
    at e._renderForCamera (https://cdn.babylonjs.com/babylon.js:0:2917619)
    at e._processSubCameras (https://cdn.babylonjs.com/babylon.js:0:2919674)
    at e.render (https://cdn.babylonjs.com/babylon.js:0:2927939)
    at renderScene (http://localhost:5500/js/graphics.js?v=79:1288:10)
    at animate (http://localhost:5500/js/main.js?v=79:377:2)
[  159807ms] Uncaught TypeError: Cannot read properties of undefined (reading '_currentLOD')
    at e._prepareRenderingManager (https://cdn.babylonjs.com/babylon.js:0:1473870)
    at e.render (https://cdn.babylonjs.com/babylon.js:0:1470701)
    at t._renderToTarget (https://cdn.babylonjs.com/babylon.js:0:944126)
    at t._render (https://cdn.babylonjs.com/babylon.js:0:942773)
    at t.render (https://cdn.babylonjs.com/babylon.js:0:941741)
    at e._renderForCamera (https://cdn.babylonjs.com/babylon.js:0:2917619)
    at e._processSubCameras (https://cdn.babylonjs.com/babylon.js:0:2919674)
    at e.render (https://cdn.babylonjs.com/babylon.js:0:2927939)
    at renderScene (http://localhost:5500/js/graphics.js?v=79:1288:10)
    at animate (http://localhost:5500/js/main.js?v=79:377:2)
[  159892ms] Uncaught TypeError: Cannot read properties of undefined (reading '_currentLOD')
    at e._prepareRenderingManager (https://cdn.babylonjs.com/babylon.js:0:1473870)
    at e.render (https://cdn.babylonjs.com/babylon.js:0:1470701)
    at t._renderToTarget (https://cdn.babylonjs.com/babylon.js:0:944126)
    at t._render (https://cdn.babylonjs.com/babylon.js:0:942773)
    at t.render (https://cdn.babylonjs.com/babylon.js:0:941741)
    at e._renderForCamera (https://cdn.babylonjs.com/babylon.js:0:2917619)
    at e._processSubCameras (https://cdn.babylonjs.com/babylon.js:0:2919674)
    at e.render (https://cdn.babylonjs.com/babylon.js:0:2927939)
    at renderScene (http://localhost:5500/js/graphics.js?v=79:1288:10)
    at animate (http://localhost:5500/js/main.js?v=79:377:2)
[  159926ms] Uncaught TypeError: Cannot read properties of undefined (reading '_currentLOD')
    at e._prepareRenderingManager (https://cdn.babylonjs.com/babylon.js:0:1473870)
    at e.render (https://cdn.babylonjs.com/babylon.js:0:1470701)
    at t._renderToTarget (https://cdn.babylonjs.com/babylon.js:0:944126)
    at t._render (https://cdn.babylonjs.com/babylon.js:0:942773)
    at t.render (https://cdn.babylonjs.com/babylon.js:0:941741)
    at e._renderForCamera (https://cdn.babylonjs.com/babylon.js:0:2917619)
    at e._processSubCameras (https://cdn.babylonjs.com/babylon.js:0:2919674)
    at e.render (https://cdn.babylonjs.com/babylon.js:0:2927939)
    at renderScene (http://localhost:5500/js/graphics.js?v=79:1288:10)
    at animate (http://localhost:5500/js/main.js?v=79:377:2)
[  160891ms] Uncaught TypeError: Cannot read properties of undefined (reading '_currentLOD')
    at e._prepareRenderingManager (https://cdn.babylonjs.com/babylon.js:0:1473870)
    at e.render (https://cdn.babylonjs.com/babylon.js:0:1470701)
    at t._renderToTarget (https://cdn.babylonjs.com/babylon.js:0:944126)
    at t._render (https://cdn.babylonjs.com/babylon.js:0:942773)
    at t.render (https://cdn.babylonjs.com/babylon.js:0:941741)
    at e._renderForCamera (https://cdn.babylonjs.com/babylon.js:0:2917619)
    at e._processSubCameras (https://cdn.babylonjs.com/babylon.js:0:2919674)
    at e.render (https://cdn.babylonjs.com/babylon.js:0:2927939)
    at renderScene (http://localhost:5500/js/graphics.js?v=79:1288:10)
    at animate (http://localhost:5500/js/main.js?v=79:377:2)
[  160944ms] Uncaught TypeError: Cannot read properties of undefined (reading '_currentLOD')
    at e._prepareRenderingManager (https://cdn.babylonjs.com/babylon.js:0:1473870)
    at e.render (https://cdn.babylonjs.com/babylon.js:0:1470701)
    at t._renderToTarget (https://cdn.babylonjs.com/babylon.js:0:944126)
    at t._render (https://cdn.babylonjs.com/babylon.js:0:942773)
    at t.render (https://cdn.babylonjs.com/babylon.js:0:941741)
    at e._renderForCamera (https://cdn.babylonjs.com/babylon.js:0:2917619)
    at e._processSubCameras (https://cdn.babylonjs.com/babylon.js:0:2919674)
    at e.render (https://cdn.babylonjs.com/babylon.js:0:2927939)
    at renderScene (http://localhost:5500/js/graphics.js?v=79:1288:10)
    at animate (http://localhost:5500/js/main.js?v=79:377:2)
[  160974ms] Uncaught TypeError: Cannot read properties of undefined (reading '_currentLOD')
    at e._prepareRenderingManager (https://cdn.babylonjs.com/babylon.js:0:1473870)
    at e.render (https://cdn.babylonjs.com/babylon.js:0:1470701)
    at t._renderToTarget (https://cdn.babylonjs.com/babylon.js:0:944126)
    at t._render (https://cdn.babylonjs.com/babylon.js:0:942773)
    at t.render (https://cdn.babylonjs.com/babylon.js:0:941741)
    at e._renderForCamera (https://cdn.babylonjs.com/babylon.js:0:2917619)
    at e._processSubCameras (https://cdn.babylonjs.com/babylon.js:0:2919674)
    at e.render (https://cdn.babylonjs.com/babylon.js:0:2927939)
    at renderScene (http://localhost:5500/js/graphics.js?v=79:1288:10)
    at animate (http://localhost:5500/js/main.js?v=79:377:2)
[  161066ms] Uncaught TypeError: Cannot read properties of undefined (reading '_currentLOD')
    at e._prepareRenderingManager (https://cdn.babylonjs.com/babylon.js:0:1473870)
    at e.render (https://cdn.babylonjs.com/babylon.js:0:1470701)
    at t._renderToTarget (https://cdn.babylonjs.com/babylon.js:0:944126)
    at t._render (https://cdn.babylonjs.com/babylon.js:0:942773)
    at t.render (https://cdn.babylonjs.com/babylon.js:0:941741)
    at e._renderForCamera (https://cdn.babylonjs.com/babylon.js:0:2917619)
    at e._processSubCameras (https://cdn.babylonjs.com/babylon.js:0:2919674)
    at e.render (https://cdn.babylonjs.com/babylon.js:0:2927939)
    at renderScene (http://localhost:5500/js/graphics.js?v=79:1288:10)
    at animate (http://localhost:5500/js/main.js?v=79:377:2)
[  161078ms] Uncaught TypeError: Cannot read properties of undefined (reading '_currentLOD')
    at e._prepareRenderingManager (https://cdn.babylonjs.com/babylon.js:0:1473870)
    at e.render (https://cdn.babylonjs.com/babylon.js:0:1470701)
    at t._renderToTarget (https://cdn.babylonjs.com/babylon.js:0:944126)
    at t._render (https://cdn.babylonjs.com/babylon.js:0:942773)
    at t.render (https://cdn.babylonjs.com/babylon.js:0:941741)
    at e._renderForCamera (https://cdn.babylonjs.com/babylon.js:0:2917619)
    at e._processSubCameras (https://cdn.babylonjs.com/babylon.js:0:2919674)
    at e.render (https://cdn.babylonjs.com/babylon.js:0:2927939)
    at renderScene (http://localhost:5500/js/graphics.js?v=79:1288:10)
    at animate (http://localhost:5500/js/main.js?v=79:377:2)
[  161144ms] Uncaught TypeError: Cannot read properties of undefined (reading '_currentLOD')
    at e._prepareRenderingManager (https://cdn.babylonjs.com/babylon.js:0:1473870)
    at e.render (https://cdn.babylonjs.com/babylon.js:0:1470701)
    at t._renderToTarget (https://cdn.babylonjs.com/babylon.js:0:944126)
    at t._render (https://cdn.babylonjs.com/babylon.js:0:942773)
    at t.render (https://cdn.babylonjs.com/babylon.js:0:941741)
    at e._renderForCamera (https://cdn.babylonjs.com/babylon.js:0:2917619)
    at e._processSubCameras (https://cdn.babylonjs.com/babylon.js:0:2919674)
    at e.render (https://cdn.babylonjs.com/babylon.js:0:2927939)
    at renderScene (http://localhost:5500/js/graphics.js?v=79:1288:10)
    at animate (http://localhost:5500/js/main.js?v=79:377:2)
[  161174ms] Uncaught TypeError: Cannot read properties of undefined (reading '_currentLOD')
    at e._prepareRenderingManager (https://cdn.babylonjs.com/babylon.js:0:1473870)
    at e.render (https://cdn.babylonjs.com/babylon.js:0:1470701)
    at t._renderToTarget (https://cdn.babylonjs.com/babylon.js:0:944126)
    at t._render (https://cdn.babylonjs.com/babylon.js:0:942773)
    at t.render (https://cdn.babylonjs.com/babylon.js:0:941741)
    at e._renderForCamera (https://cdn.babylonjs.com/babylon.js:0:2917619)
    at e._processSubCameras (https://cdn.babylonjs.com/babylon.js:0:2919674)
    at e.render (https://cdn.babylonjs.com/babylon.js:0:2927939)
    at renderScene (http://localhost:5500/js/graphics.js?v=79:1288:10)
    at animate (http://localhost:5500/js/main.js?v=79:377:2)
[  161207ms] Uncaught TypeError: Cannot read properties of undefined (reading '_currentLOD')
    at e._prepareRenderingManager (https://cdn.babylonjs.com/babylon.js:0:1473870)
    at e.render (https://cdn.babylonjs.com/babylon.js:0:1470701)
    at t._renderToTarget (https://cdn.babylonjs.com/babylon.js:0:944126)
    at t._render (https://cdn.babylonjs.com/babylon.js:0:942773)
    at t.render (https://cdn.babylonjs.com/babylon.js:0:941741)
    at e._renderForCamera (https://cdn.babylonjs.com/babylon.js:0:2917619)
    at e._processSubCameras (https://cdn.babylonjs.com/babylon.js:0:2919674)
    at e.render (https://cdn.babylonjs.com/babylon.js:0:2927939)
    at renderScene (http://localhost:5500/js/graphics.js?v=79:1288:10)
    at animate (http://localhost:5500/js/main.js?v=79:377:2)
[  161273ms] Uncaught TypeError: Cannot read properties of undefined (reading '_currentLOD')
    at e._prepareRenderingManager (https://cdn.babylonjs.com/babylon.js:0:1473870)
    at e.render (https://cdn.babylonjs.com/babylon.js:0:1470701)
    at t._renderToTarget (https://cdn.babylonjs.com/babylon.js:0:944126)
    at t._render (https://cdn.babylonjs.com/babylon.js:0:942773)
    at t.render (https://cdn.babylonjs.com/babylon.js:0:941741)
    at e._renderForCamera (https://cdn.babylonjs.com/babylon.js:0:2917619)
    at e._processSubCameras (https://cdn.babylonjs.com/babylon.js:0:2919674)
    at e.render (https://cdn.babylonjs.com/babylon.js:0:2927939)
    at renderScene (http://localhost:5500/js/graphics.js?v=79:1288:10)
    at animate (http://localhost:5500/js/main.js?v=79:377:2)
[  161341ms] Uncaught TypeError: Cannot read properties of undefined (reading '_currentLOD')
    at e._prepareRenderingManager (https://cdn.babylonjs.com/babylon.js:0:1473870)
    at e.render (https://cdn.babylonjs.com/babylon.js:0:1470701)
    at t._renderToTarget (https://cdn.babylonjs.com/babylon.js:0:944126)
    at t._render (https://cdn.babylonjs.com/babylon.js:0:942773)
    at t.render (https://cdn.babylonjs.com/babylon.js:0:941741)
    at e._renderForCamera (https://cdn.babylonjs.com/babylon.js:0:2917619)
    at e._processSubCameras (https://cdn.babylonjs.com/babylon.js:0:2919674)
    at e.render (https://cdn.babylonjs.com/babylon.js:0:2927939)
    at renderScene (http://localhost:5500/js/graphics.js?v=79:1288:10)
    at animate (http://localhost:5500/js/main.js?v=79:377:2)
[  161408ms] Uncaught TypeError: Cannot read properties of undefined (reading '_currentLOD')
    at e._prepareRenderingManager (https://cdn.babylonjs.com/babylon.js:0:1473870)
    at e.render (https://cdn.babylonjs.com/babylon.js:0:1470701)
    at t._renderToTarget (https://cdn.babylonjs.com/babylon.js:0:944126)
    at t._render (https://cdn.babylonjs.com/babylon.js:0:942773)
    at t.render (https://cdn.babylonjs.com/babylon.js:0:941741)
    at e._renderForCamera (https://cdn.babylonjs.com/babylon.js:0:2917619)
    at e._processSubCameras (https://cdn.babylonjs.com/babylon.js:0:2919674)
    at e.render (https://cdn.babylonjs.com/babylon.js:0:2927939)
    at renderScene (http://localhost:5500/js/graphics.js?v=79:1288:10)
    at animate (http://localhost:5500/js/main.js?v=79:377:2)
[  161476ms] Uncaught TypeError: Cannot read properties of undefined (reading '_currentLOD')
    at e._prepareRenderingManager (https://cdn.babylonjs.com/babylon.js:0:1473870)
    at e.render (https://cdn.babylonjs.com/babylon.js:0:1470701)
    at t._renderToTarget (https://cdn.babylonjs.com/babylon.js:0:944126)
    at t._render (https://cdn.babylonjs.com/babylon.js:0:942773)
    at t.render (https://cdn.babylonjs.com/babylon.js:0:941741)
    at e._renderForCamera (https://cdn.babylonjs.com/babylon.js:0:2917619)
    at e._processSubCameras (https://cdn.babylonjs.com/babylon.js:0:2919674)
    at e.render (https://cdn.babylonjs.com/babylon.js:0:2927939)
    at renderScene (http://localhost:5500/js/graphics.js?v=79:1288:10)
    at animate (http://localhost:5500/js/main.js?v=79:377:2)
[  161540ms] Uncaught TypeError: Cannot read properties of undefined (reading '_currentLOD')
    at e._prepareRenderingManager (https://cdn.babylonjs.com/babylon.js:0:1473870)
    at e.render (https://cdn.babylonjs.com/babylon.js:0:1470701)
    at t._renderToTarget (https://cdn.babylonjs.com/babylon.js:0:944126)
    at t._render (https://cdn.babylonjs.com/babylon.js:0:942773)
    at t.render (https://cdn.babylonjs.com/babylon.js:0:941741)
    at e._renderForCamera (https://cdn.babylonjs.com/babylon.js:0:2917619)
    at e._processSubCameras (https://cdn.babylonjs.com/babylon.js:0:2919674)
    at e.render (https://cdn.babylonjs.com/babylon.js:0:2927939)
    at renderScene (http://localhost:5500/js/graphics.js?v=79:1288:10)
    at animate (http://localhost:5500/js/main.js?v=79:377:2)
[  161608ms] Uncaught TypeError: Cannot read properties of undefined (reading '_currentLOD')
    at e._prepareRenderingManager (https://cdn.babylonjs.com/babylon.js:0:1473870)
    at e.render (https://cdn.babylonjs.com/babylon.js:0:1470701)
    at t._renderToTarget (https://cdn.babylonjs.com/babylon.js:0:944126)
    at t._render (https://cdn.babylonjs.com/babylon.js:0:942773)
    at t.render (https://cdn.babylonjs.com/babylon.js:0:941741)
    at e._renderForCamera (https://cdn.babylonjs.com/babylon.js:0:2917619)
    at e._processSubCameras (https://cdn.babylonjs.com/babylon.js:0:2919674)
    at e.render (https://cdn.babylonjs.com/babylon.js:0:2927939)
    at renderScene (http://localhost:5500/js/graphics.js?v=79:1288:10)
    at animate (http://localhost:5500/js/main.js?v=79:377:2)
[  161673ms] Uncaught TypeError: Cannot read properties of undefined (reading '_currentLOD')
    at e._prepareRenderingManager (https://cdn.babylonjs.com/babylon.js:0:1473870)
    at e.render (https://cdn.babylonjs.com/babylon.js:0:1470701)
    at t._renderToTarget (https://cdn.babylonjs.com/babylon.js:0:944126)
    at t._render (https://cdn.babylonjs.com/babylon.js:0:942773)
    at t.render (https://cdn.babylonjs.com/babylon.js:0:941741)
    at e._renderForCamera (https://cdn.babylonjs.com/babylon.js:0:2917619)
    at e._processSubCameras (https://cdn.babylonjs.com/babylon.js:0:2919674)
    at e.render (https://cdn.babylonjs.com/babylon.js:0:2927939)
    at renderScene (http://localhost:5500/js/graphics.js?v=79:1288:10)
    at animate (http://localhost:5500/js/main.js?v=79:377:2)
[  161741ms] Uncaught TypeError: Cannot read properties of undefined (reading '_currentLOD')
    at e._prepareRenderingManager (https://cdn.babylonjs.com/babylon.js:0:1473870)
    at e.render (https://cdn.babylonjs.com/babylon.js:0:1470701)
    at t._renderToTarget (https://cdn.babylonjs.com/babylon.js:0:944126)
    at t._render (https://cdn.babylonjs.com/babylon.js:0:942773)
    at t.render (https://cdn.babylonjs.com/babylon.js:0:941741)
    at e._renderForCamera (https://cdn.babylonjs.com/babylon.js:0:2917619)
    at e._processSubCameras (https://cdn.babylonjs.com/babylon.js:0:2919674)
    at e.render (https://cdn.babylonjs.com/babylon.js:0:2927939)
    at renderScene (http://localhost:5500/js/graphics.js?v=79:1288:10)
    at animate (http://localhost:5500/js/main.js?v=79:377:2)
[  161807ms] Uncaught TypeError: Cannot read properties of undefined (reading '_currentLOD')
    at e._prepareRenderingManager (https://cdn.babylonjs.com/babylon.js:0:1473870)
    at e.render (https://cdn.babylonjs.com/babylon.js:0:1470701)
    at t._renderToTarget (https://cdn.babylonjs.com/babylon.js:0:944126)
    at t._render (https://cdn.babylonjs.com/babylon.js:0:942773)
    at t.render (https://cdn.babylonjs.com/babylon.js:0:941741)
    at e._renderForCamera (https://cdn.babylonjs.com/babylon.js:0:2917619)
    at e._processSubCameras (https://cdn.babylonjs.com/babylon.js:0:2919674)
    at e.render (https://cdn.babylonjs.com/babylon.js:0:2927939)
    at renderScene (http://localhost:5500/js/graphics.js?v=79:1288:10)
    at animate (http://localhost:5500/js/main.js?v=79:377:2)
[  161878ms] Uncaught TypeError: Cannot read properties of undefined (reading '_currentLOD')
    at e._prepareRenderingManager (https://cdn.babylonjs.com/babylon.js:0:1473870)
    at e.render (https://cdn.babylonjs.com/babylon.js:0:1470701)
    at t._renderToTarget (https://cdn.babylonjs.com/babylon.js:0:944126)
    at t._render (https://cdn.babylonjs.com/babylon.js:0:942773)
    at t.render (https://cdn.babylonjs.com/babylon.js:0:941741)
    at e._renderForCamera (https://cdn.babylonjs.com/babylon.js:0:2917619)
    at e._processSubCameras (https://cdn.babylonjs.com/babylon.js:0:2919674)
    at e.render (https://cdn.babylonjs.com/babylon.js:0:2927939)
    at renderScene (http://localhost:5500/js/graphics.js?v=79:1288:10)
    at animate (http://localhost:5500/js/main.js?v=79:377:2)
[  161908ms] Uncaught TypeError: Cannot read properties of undefined (reading '_currentLOD')
    at e._prepareRenderingManager (https://cdn.babylonjs.com/babylon.js:0:1473870)
    at e.render (https://cdn.babylonjs.com/babylon.js:0:1470701)
    at t._renderToTarget (https://cdn.babylonjs.com/babylon.js:0:944126)
    at t._render (https://cdn.babylonjs.com/babylon.js:0:942773)
    at t.render (https://cdn.babylonjs.com/babylon.js:0:941741)
    at e._renderForCamera (https://cdn.babylonjs.com/babylon.js:0:2917619)
    at e._processSubCameras (https://cdn.babylonjs.com/babylon.js:0:2919674)
    at e.render (https://cdn.babylonjs.com/babylon.js:0:2927939)
    at renderScene (http://localhost:5500/js/graphics.js?v=79:1288:10)
    at animate (http://localhost:5500/js/main.js?v=79:377:2)
[  161941ms] Uncaught TypeError: Cannot read properties of undefined (reading '_currentLOD')
    at e._prepareRenderingManager (https://cdn.babylonjs.com/babylon.js:0:1473870)
    at e.render (https://cdn.babylonjs.com/babylon.js:0:1470701)
    at t._renderToTarget (https://cdn.babylonjs.com/babylon.js:0:944126)
    at t._render (https://cdn.babylonjs.com/babylon.js:0:942773)
    at t.render (https://cdn.babylonjs.com/babylon.js:0:941741)
    at e._renderForCamera (https://cdn.babylonjs.com/babylon.js:0:2917619)
    at e._processSubCameras (https://cdn.babylonjs.com/babylon.js:0:2919674)
    at e.render (https://cdn.babylonjs.com/babylon.js:0:2927939)
    at renderScene (http://localhost:5500/js/graphics.js?v=79:1288:10)
    at animate (http://localhost:5500/js/main.js?v=79:377:2)
[  161974ms] Uncaught TypeError: Cannot read properties of undefined (reading '_currentLOD')
    at e._prepareRenderingManager (https://cdn.babylonjs.com/babylon.js:0:1473870)
    at e.render (https://cdn.babylonjs.com/babylon.js:0:1470701)
    at t._renderToTarget (https://cdn.babylonjs.com/babylon.js:0:944126)
    at t._render (https://cdn.babylonjs.com/babylon.js:0:942773)
    at t.render (https://cdn.babylonjs.com/babylon.js:0:941741)
    at e._renderForCamera (https://cdn.babylonjs.com/babylon.js:0:2917619)
    at e._processSubCameras (https://cdn.babylonjs.com/babylon.js:0:2919674)
    at e.render (https://cdn.babylonjs.com/babylon.js:0:2927939)
    at renderScene (http://localhost:5500/js/graphics.js?v=79:1288:10)
    at animate (http://localhost:5500/js/main.js?v=79:377:2)
[  162086ms] Uncaught TypeError: Cannot read properties of undefined (reading '_currentLOD')
    at e._prepareRenderingManager (https://cdn.babylonjs.com/babylon.js:0:1473870)
    at e.render (https://cdn.babylonjs.com/babylon.js:0:1470701)
    at t._renderToTarget (https://cdn.babylonjs.com/babylon.js:0:944126)
    at t._render (https://cdn.babylonjs.com/babylon.js:0:942773)
    at t.render (https://cdn.babylonjs.com/babylon.js:0:941741)
    at e._renderForCamera (https://cdn.babylonjs.com/babylon.js:0:2917619)
    at e._processSubCameras (https://cdn.babylonjs.com/babylon.js:0:2919674)
    at e.render (https://cdn.babylonjs.com/babylon.js:0:2927939)
    at renderScene (http://localhost:5500/js/graphics.js?v=79:1288:10)
    at animate (http://localhost:5500/js/main.js?v=79:377:2)
[  162278ms] Uncaught TypeError: Cannot read properties of undefined (reading '_currentLOD')
    at e._prepareRenderingManager (https://cdn.babylonjs.com/babylon.js:0:1473870)
    at e.render (https://cdn.babylonjs.com/babylon.js:0:1470701)
    at t._renderToTarget (https://cdn.babylonjs.com/babylon.js:0:944126)
    at t._render (https://cdn.babylonjs.com/babylon.js:0:942773)
    at t.render (https://cdn.babylonjs.com/babylon.js:0:941741)
    at e._renderForCamera (https://cdn.babylonjs.com/babylon.js:0:2917619)
    at e._processSubCameras (https://cdn.babylonjs.com/babylon.js:0:2919674)
    at e.render (https://cdn.babylonjs.com/babylon.js:0:2927939)
    at renderScene (http://localhost:5500/js/graphics.js?v=79:1288:10)
    at animate (http://localhost:5500/js/main.js?v=79:377:2)
[  162311ms] Uncaught TypeError: Cannot read properties of undefined (reading '_currentLOD')
    at e._prepareRenderingManager (https://cdn.babylonjs.com/babylon.js:0:1473870)
    at e.render (https://cdn.babylonjs.com/babylon.js:0:1470701)
    at t._renderToTarget (https://cdn.babylonjs.com/babylon.js:0:944126)
    at t._render (https://cdn.babylonjs.com/babylon.js:0:942773)
    at t.render (https://cdn.babylonjs.com/babylon.js:0:941741)
    at e._renderForCamera (https://cdn.babylonjs.com/babylon.js:0:2917619)
    at e._processSubCameras (https://cdn.babylonjs.com/babylon.js:0:2919674)
    at e.render (https://cdn.babylonjs.com/babylon.js:0:2927939)
    at renderScene (http://localhost:5500/js/graphics.js?v=79:1288:10)
    at animate (http://localhost:5500/js/main.js?v=79:377:2)
[  162344ms] Uncaught TypeError: Cannot read properties of undefined (reading '_currentLOD')
    at e._prepareRenderingManager (https://cdn.babylonjs.com/babylon.js:0:1473870)
    at e.render (https://cdn.babylonjs.com/babylon.js:0:1470701)
    at t._renderToTarget (https://cdn.babylonjs.com/babylon.js:0:944126)
    at t._render (https://cdn.babylonjs.com/babylon.js:0:942773)
    at t.render (https://cdn.babylonjs.com/babylon.js:0:941741)
    at e._renderForCamera (https://cdn.babylonjs.com/babylon.js:0:2917619)
    at e._processSubCameras (https://cdn.babylonjs.com/babylon.js:0:2919674)
    at e.render (https://cdn.babylonjs.com/babylon.js:0:2927939)
    at renderScene (http://localhost:5500/js/graphics.js?v=79:1288:10)
    at animate (http://localhost:5500/js/main.js?v=79:377:2)
[  162380ms] Uncaught TypeError: Cannot read properties of undefined (reading '_currentLOD')
    at e._prepareRenderingManager (https://cdn.babylonjs.com/babylon.js:0:1473870)
    at e.render (https://cdn.babylonjs.com/babylon.js:0:1470701)
    at t._renderToTarget (https://cdn.babylonjs.com/babylon.js:0:944126)
    at t._render (https://cdn.babylonjs.com/babylon.js:0:942773)
    at t.render (https://cdn.babylonjs.com/babylon.js:0:941741)
    at e._renderForCamera (https://cdn.babylonjs.com/babylon.js:0:2917619)
    at e._processSubCameras (https://cdn.babylonjs.com/babylon.js:0:2919674)
    at e.render (https://cdn.babylonjs.com/babylon.js:0:2927939)
    at renderScene (http://localhost:5500/js/graphics.js?v=79:1288:10)
    at animate (http://localhost:5500/js/main.js?v=79:377:2)
[  162407ms] Uncaught TypeError: Cannot read properties of undefined (reading '_currentLOD')
    at e._prepareRenderingManager (https://cdn.babylonjs.com/babylon.js:0:1473870)
    at e.render (https://cdn.babylonjs.com/babylon.js:0:1470701)
    at t._renderToTarget (https://cdn.babylonjs.com/babylon.js:0:944126)
    at t._render (https://cdn.babylonjs.com/babylon.js:0:942773)
    at t.render (https://cdn.babylonjs.com/babylon.js:0:941741)
    at e._renderForCamera (https://cdn.babylonjs.com/babylon.js:0:2917619)
    at e._processSubCameras (https://cdn.babylonjs.com/babylon.js:0:2919674)
    at e.render (https://cdn.babylonjs.com/babylon.js:0:2927939)
    at renderScene (http://localhost:5500/js/graphics.js?v=79:1288:10)
    at animate (http://localhost:5500/js/main.js?v=79:377:2)
[  162442ms] Uncaught TypeError: Cannot read properties of undefined (reading '_currentLOD')
    at e._prepareRenderingManager (https://cdn.babylonjs.com/babylon.js:0:1473870)
    at e.render (https://cdn.babylonjs.com/babylon.js:0:1470701)
    at t._renderToTarget (https://cdn.babylonjs.com/babylon.js:0:944126)
    at t._render (https://cdn.babylonjs.com/babylon.js:0:942773)
    at t.render (https://cdn.babylonjs.com/babylon.js:0:941741)
    at e._renderForCamera (https://cdn.babylonjs.com/babylon.js:0:2917619)
    at e._processSubCameras (https://cdn.babylonjs.com/babylon.js:0:2919674)
    at e.render (https://cdn.babylonjs.com/babylon.js:0:2927939)
    at renderScene (http://localhost:5500/js/graphics.js?v=79:1288:10)
    at animate (http://localhost:5500/js/main.js?v=79:377:2)
[  162479ms] Uncaught TypeError: Cannot read properties of undefined (reading '_currentLOD')
    at e._prepareRenderingManager (https://cdn.babylonjs.com/babylon.js:0:1473870)
    at e.render (https://cdn.babylonjs.com/babylon.js:0:1470701)
    at t._renderToTarget (https://cdn.babylonjs.com/babylon.js:0:944126)
    at t._render (https://cdn.babylonjs.com/babylon.js:0:942773)
    at t.render (https://cdn.babylonjs.com/babylon.js:0:941741)
    at e._renderForCamera (https://cdn.babylonjs.com/babylon.js:0:2917619)
    at e._processSubCameras (https://cdn.babylonjs.com/babylon.js:0:2919674)
    at e.render (https://cdn.babylonjs.com/babylon.js:0:2927939)
    at renderScene (http://localhost:5500/js/graphics.js?v=79:1288:10)
    at animate (http://localhost:5500/js/main.js?v=79:377:2)
[  162507ms] Uncaught TypeError: Cannot read properties of undefined (reading '_currentLOD')
    at e._prepareRenderingManager (https://cdn.babylonjs.com/babylon.js:0:1473870)
    at e.render (https://cdn.babylonjs.com/babylon.js:0:1470701)
    at t._renderToTarget (https://cdn.babylonjs.com/babylon.js:0:944126)
    at t._render (https://cdn.babylonjs.com/babylon.js:0:942773)
    at t.render (https://cdn.babylonjs.com/babylon.js:0:941741)
    at e._renderForCamera (https://cdn.babylonjs.com/babylon.js:0:2917619)
    at e._processSubCameras (https://cdn.babylonjs.com/babylon.js:0:2919674)
    at e.render (https://cdn.babylonjs.com/babylon.js:0:2927939)
    at renderScene (http://localhost:5500/js/graphics.js?v=79:1288:10)
    at animate (http://localhost:5500/js/main.js?v=79:377:2)
[  163312ms] Uncaught TypeError: Cannot read properties of undefined (reading '_currentLOD')
    at e._prepareRenderingManager (https://cdn.babylonjs.com/babylon.js:0:1473870)
    at e.render (https://cdn.babylonjs.com/babylon.js:0:1470701)
    at t._renderToTarget (https://cdn.babylonjs.com/babylon.js:0:944126)
    at t._render (https://cdn.babylonjs.com/babylon.js:0:942773)
    at t.render (https://cdn.babylonjs.com/babylon.js:0:941741)
    at e._renderForCamera (https://cdn.babylonjs.com/babylon.js:0:2917619)
    at e._processSubCameras (https://cdn.babylonjs.com/babylon.js:0:2919674)
    at e.render (https://cdn.babylonjs.com/babylon.js:0:2927939)
    at renderScene (http://localhost:5500/js/graphics.js?v=79:1288:10)
    at animate (http://localhost:5500/js/main.js?v=79:377:2)
[  163658ms] Uncaught TypeError: Cannot read properties of undefined (reading '_currentLOD')
    at e._prepareRenderingManager (https://cdn.babylonjs.com/babylon.js:0:1473870)
    at e.render (https://cdn.babylonjs.com/babylon.js:0:1470701)
    at t._renderToTarget (https://cdn.babylonjs.com/babylon.js:0:944126)
    at t._render (https://cdn.babylonjs.com/babylon.js:0:942773)
    at t.render (https://cdn.babylonjs.com/babylon.js:0:941741)
    at e._renderForCamera (https://cdn.babylonjs.com/babylon.js:0:2917619)
    at e._processSubCameras (https://cdn.babylonjs.com/babylon.js:0:2919674)
    at e.render (https://cdn.babylonjs.com/babylon.js:0:2927939)
    at renderScene (http://localhost:5500/js/graphics.js?v=79:1288:10)
    at animate (http://localhost:5500/js/main.js?v=79:377:2)
[  164063ms] Uncaught TypeError: Cannot read properties of undefined (reading '_currentLOD')
    at e._prepareRenderingManager (https://cdn.babylonjs.com/babylon.js:0:1473870)
    at e.render (https://cdn.babylonjs.com/babylon.js:0:1470701)
    at t._renderToTarget (https://cdn.babylonjs.com/babylon.js:0:944126)
    at t._render (https://cdn.babylonjs.com/babylon.js:0:942773)
    at t.render (https://cdn.babylonjs.com/babylon.js:0:941741)
    at e._renderForCamera (https://cdn.babylonjs.com/babylon.js:0:2917619)
    at e._processSubCameras (https://cdn.babylonjs.com/babylon.js:0:2919674)
    at e.render (https://cdn.babylonjs.com/babylon.js:0:2927939)
    at renderScene (http://localhost:5500/js/graphics.js?v=79:1288:10)
    at animate (http://localhost:5500/js/main.js?v=79:377:2)
[  164126ms] Uncaught TypeError: Cannot read properties of undefined (reading '_currentLOD')
    at e._prepareRenderingManager (https://cdn.babylonjs.com/babylon.js:0:1473870)
    at e.render (https://cdn.babylonjs.com/babylon.js:0:1470701)
    at t._renderToTarget (https://cdn.babylonjs.com/babylon.js:0:944126)
    at t._render (https://cdn.babylonjs.com/babylon.js:0:942773)
    at t.render (https://cdn.babylonjs.com/babylon.js:0:941741)
    at e._renderForCamera (https://cdn.babylonjs.com/babylon.js:0:2917619)
    at e._processSubCameras (https://cdn.babylonjs.com/babylon.js:0:2919674)
    at e.render (https://cdn.babylonjs.com/babylon.js:0:2927939)
    at renderScene (http://localhost:5500/js/graphics.js?v=79:1288:10)
    at animate (http://localhost:5500/js/main.js?v=79:377:2)
[  164224ms] Uncaught TypeError: Cannot read properties of undefined (reading '_currentLOD')
    at e._prepareRenderingManager (https://cdn.babylonjs.com/babylon.js:0:1473870)
    at e.render (https://cdn.babylonjs.com/babylon.js:0:1470701)
    at t._renderToTarget (https://cdn.babylonjs.com/babylon.js:0:944126)
    at t._render (https://cdn.babylonjs.com/babylon.js:0:942773)
    at t.render (https://cdn.babylonjs.com/babylon.js:0:941741)
    at e._renderForCamera (https://cdn.babylonjs.com/babylon.js:0:2917619)
    at e._processSubCameras (https://cdn.babylonjs.com/babylon.js:0:2919674)
    at e.render (https://cdn.babylonjs.com/babylon.js:0:2927939)
    at renderScene (http://localhost:5500/js/graphics.js?v=79:1288:10)
    at animate (http://localhost:5500/js/main.js?v=79:377:2)
[  164509ms] Uncaught TypeError: Cannot read properties of undefined (reading '_currentLOD')
    at e._prepareRenderingManager (https://cdn.babylonjs.com/babylon.js:0:1473870)
    at e.render (https://cdn.babylonjs.com/babylon.js:0:1470701)
    at t._renderToTarget (https://cdn.babylonjs.com/babylon.js:0:944126)
    at t._render (https://cdn.babylonjs.com/babylon.js:0:942773)
    at t.render (https://cdn.babylonjs.com/babylon.js:0:941741)
    at e._renderForCamera (https://cdn.babylonjs.com/babylon.js:0:2917619)
    at e._processSubCameras (https://cdn.babylonjs.com/babylon.js:0:2919674)
    at e.render (https://cdn.babylonjs.com/babylon.js:0:2927939)
    at renderScene (http://localhost:5500/js/graphics.js?v=79:1288:10)
    at animate (http://localhost:5500/js/main.js?v=79:377:2)
[  164607ms] Uncaught TypeError: Cannot read properties of undefined (reading '_currentLOD')
    at e._prepareRenderingManager (https://cdn.babylonjs.com/babylon.js:0:1473870)
    at e.render (https://cdn.babylonjs.com/babylon.js:0:1470701)
    at t._renderToTarget (https://cdn.babylonjs.com/babylon.js:0:944126)
    at t._render (https://cdn.babylonjs.com/babylon.js:0:942773)
    at t.render (https://cdn.babylonjs.com/babylon.js:0:941741)
    at e._renderForCamera (https://cdn.babylonjs.com/babylon.js:0:2917619)
    at e._processSubCameras (https://cdn.babylonjs.com/babylon.js:0:2919674)
    at e.render (https://cdn.babylonjs.com/babylon.js:0:2927939)
    at renderScene (http://localhost:5500/js/graphics.js?v=79:1288:10)
    at animate (http://localhost:5500/js/main.js?v=79:377:2)
[  164675ms] Uncaught TypeError: Cannot read properties of undefined (reading '_currentLOD')
    at e._prepareRenderingManager (https://cdn.babylonjs.com/babylon.js:0:1473870)
    at e.render (https://cdn.babylonjs.com/babylon.js:0:1470701)
    at t._renderToTarget (https://cdn.babylonjs.com/babylon.js:0:944126)
    at t._render (https://cdn.babylonjs.com/babylon.js:0:942773)
    at t.render (https://cdn.babylonjs.com/babylon.js:0:941741)
    at e._renderForCamera (https://cdn.babylonjs.com/babylon.js:0:2917619)
    at e._processSubCameras (https://cdn.babylonjs.com/babylon.js:0:2919674)
    at e.render (https://cdn.babylonjs.com/babylon.js:0:2927939)
    at renderScene (http://localhost:5500/js/graphics.js?v=79:1288:10)
    at animate (http://localhost:5500/js/main.js?v=79:377:2)
[  164706ms] Uncaught TypeError: Cannot read properties of undefined (reading '_currentLOD')
    at e._prepareRenderingManager (https://cdn.babylonjs.com/babylon.js:0:1473870)
    at e.render (https://cdn.babylonjs.com/babylon.js:0:1470701)
    at t._renderToTarget (https://cdn.babylonjs.com/babylon.js:0:944126)
    at t._render (https://cdn.babylonjs.com/babylon.js:0:942773)
    at t.render (https://cdn.babylonjs.com/babylon.js:0:941741)
    at e._renderForCamera (https://cdn.babylonjs.com/babylon.js:0:2917619)
    at e._processSubCameras (https://cdn.babylonjs.com/babylon.js:0:2919674)
    at e.render (https://cdn.babylonjs.com/babylon.js:0:2927939)
    at renderScene (http://localhost:5500/js/graphics.js?v=79:1288:10)
    at animate (http://localhost:5500/js/main.js?v=79:377:2)
[  165091ms] Uncaught TypeError: Cannot read properties of undefined (reading '_currentLOD')
    at e._prepareRenderingManager (https://cdn.babylonjs.com/babylon.js:0:1473870)
    at e.render (https://cdn.babylonjs.com/babylon.js:0:1470701)
    at t._renderToTarget (https://cdn.babylonjs.com/babylon.js:0:944126)
    at t._render (https://cdn.babylonjs.com/babylon.js:0:942773)
    at t.render (https://cdn.babylonjs.com/babylon.js:0:941741)
    at e._renderForCamera (https://cdn.babylonjs.com/babylon.js:0:2917619)
    at e._processSubCameras (https://cdn.babylonjs.com/babylon.js:0:2919674)
    at e.render (https://cdn.babylonjs.com/babylon.js:0:2927939)
    at renderScene (http://localhost:5500/js/graphics.js?v=79:1288:10)
    at animate (http://localhost:5500/js/main.js?v=79:377:2)
[  165123ms] Uncaught TypeError: Cannot read properties of undefined (reading '_currentLOD')
    at e._prepareRenderingManager (https://cdn.babylonjs.com/babylon.js:0:1473870)
    at e.render (https://cdn.babylonjs.com/babylon.js:0:1470701)
    at t._renderToTarget (https://cdn.babylonjs.com/babylon.js:0:944126)
    at t._render (https://cdn.babylonjs.com/babylon.js:0:942773)
    at t.render (https://cdn.babylonjs.com/babylon.js:0:941741)
    at e._renderForCamera (https://cdn.babylonjs.com/babylon.js:0:2917619)
    at e._processSubCameras (https://cdn.babylonjs.com/babylon.js:0:2919674)
    at e.render (https://cdn.babylonjs.com/babylon.js:0:2927939)
    at renderScene (http://localhost:5500/js/graphics.js?v=79:1288:10)
    at animate (http://localhost:5500/js/main.js?v=79:377:2)
[  165223ms] Uncaught TypeError: Cannot read properties of undefined (reading '_currentLOD')
    at e._prepareRenderingManager (https://cdn.babylonjs.com/babylon.js:0:1473870)
    at e.render (https://cdn.babylonjs.com/babylon.js:0:1470701)
    at t._renderToTarget (https://cdn.babylonjs.com/babylon.js:0:944126)
    at t._render (https://cdn.babylonjs.com/babylon.js:0:942773)
    at t.render (https://cdn.babylonjs.com/babylon.js:0:941741)
    at e._renderForCamera (https://cdn.babylonjs.com/babylon.js:0:2917619)
    at e._processSubCameras (https://cdn.babylonjs.com/babylon.js:0:2919674)
    at e.render (https://cdn.babylonjs.com/babylon.js:0:2927939)
    at renderScene (http://localhost:5500/js/graphics.js?v=79:1288:10)
    at animate (http://localhost:5500/js/main.js?v=79:377:2)
[  165590ms] Uncaught TypeError: Cannot read properties of undefined (reading '_currentLOD')
    at e._prepareRenderingManager (https://cdn.babylonjs.com/babylon.js:0:1473870)
    at e.render (https://cdn.babylonjs.com/babylon.js:0:1470701)
    at t._renderToTarget (https://cdn.babylonjs.com/babylon.js:0:944126)
    at t._render (https://cdn.babylonjs.com/babylon.js:0:942773)
    at t.render (https://cdn.babylonjs.com/babylon.js:0:941741)
    at e._renderForCamera (https://cdn.babylonjs.com/babylon.js:0:2917619)
    at e._processSubCameras (https://cdn.babylonjs.com/babylon.js:0:2919674)
    at e.render (https://cdn.babylonjs.com/babylon.js:0:2927939)
    at renderScene (http://localhost:5500/js/graphics.js?v=79:1288:10)
    at animate (http://localhost:5500/js/main.js?v=79:377:2)
[  165706ms] Uncaught TypeError: Cannot read properties of undefined (reading '_currentLOD')
    at e._prepareRenderingManager (https://cdn.babylonjs.com/babylon.js:0:1473870)
    at e.render (https://cdn.babylonjs.com/babylon.js:0:1470701)
    at t._renderToTarget (https://cdn.babylonjs.com/babylon.js:0:944126)
    at t._render (https://cdn.babylonjs.com/babylon.js:0:942773)
    at t.render (https://cdn.babylonjs.com/babylon.js:0:941741)
    at e._renderForCamera (https://cdn.babylonjs.com/babylon.js:0:2917619)
    at e._processSubCameras (https://cdn.babylonjs.com/babylon.js:0:2919674)
    at e.render (https://cdn.babylonjs.com/babylon.js:0:2927939)
    at renderScene (http://localhost:5500/js/graphics.js?v=79:1288:10)
    at animate (http://localhost:5500/js/main.js?v=79:377:2)
[  166686ms] Uncaught TypeError: Cannot read properties of undefined (reading '_currentLOD')
    at e._prepareRenderingManager (https://cdn.babylonjs.com/babylon.js:0:1473870)
    at e.render (https://cdn.babylonjs.com/babylon.js:0:1470701)
    at t._renderToTarget (https://cdn.babylonjs.com/babylon.js:0:944126)
    at t._render (https://cdn.babylonjs.com/babylon.js:0:942773)
    at t.render (https://cdn.babylonjs.com/babylon.js:0:941741)
    at e._renderForCamera (https://cdn.babylonjs.com/babylon.js:0:2917619)
    at e._processSubCameras (https://cdn.babylonjs.com/babylon.js:0:2919674)
    at e.render (https://cdn.babylonjs.com/babylon.js:0:2927939)
    at renderScene (http://localhost:5500/js/graphics.js?v=79:1288:10)
    at animate (http://localhost:5500/js/main.js?v=79:377:2)
[  166787ms] Uncaught TypeError: Cannot read properties of undefined (reading '_currentLOD')
    at e._prepareRenderingManager (https://cdn.babylonjs.com/babylon.js:0:1473870)
    at e.render (https://cdn.babylonjs.com/babylon.js:0:1470701)
    at t._renderToTarget (https://cdn.babylonjs.com/babylon.js:0:944126)
    at t._render (https://cdn.babylonjs.com/babylon.js:0:942773)
    at t.render (https://cdn.babylonjs.com/babylon.js:0:941741)
    at e._renderForCamera (https://cdn.babylonjs.com/babylon.js:0:2917619)
    at e._processSubCameras (https://cdn.babylonjs.com/babylon.js:0:2919674)
    at e.render (https://cdn.babylonjs.com/babylon.js:0:2927939)
    at renderScene (http://localhost:5500/js/graphics.js?v=79:1288:10)
    at animate (http://localhost:5500/js/main.js?v=79:377:2)
[  167760ms] Uncaught TypeError: Cannot read properties of undefined (reading '_currentLOD')
    at e._prepareRenderingManager (https://cdn.babylonjs.com/babylon.js:0:1473870)
    at e.render (https://cdn.babylonjs.com/babylon.js:0:1470701)
    at t._renderToTarget (https://cdn.babylonjs.com/babylon.js:0:944126)
    at t._render (https://cdn.babylonjs.com/babylon.js:0:942773)
    at t.render (https://cdn.babylonjs.com/babylon.js:0:941741)
    at e._renderForCamera (https://cdn.babylonjs.com/babylon.js:0:2917619)
    at e._processSubCameras (https://cdn.babylonjs.com/babylon.js:0:2919674)
    at e.render (https://cdn.babylonjs.com/babylon.js:0:2927939)
    at renderScene (http://localhost:5500/js/graphics.js?v=79:1288:10)
    at animate (http://localhost:5500/js/main.js?v=79:377:2)
[  168198ms] Uncaught TypeError: Cannot read properties of undefined (reading '_currentLOD')
    at e._prepareRenderingManager (https://cdn.babylonjs.com/babylon.js:0:1473870)
    at e.render (https://cdn.babylonjs.com/babylon.js:0:1470701)
    at t._renderToTarget (https://cdn.babylonjs.com/babylon.js:0:944126)
    at t._render (https://cdn.babylonjs.com/babylon.js:0:942773)
    at t.render (https://cdn.babylonjs.com/babylon.js:0:941741)
    at e._renderForCamera (https://cdn.babylonjs.com/babylon.js:0:2917619)
    at e._processSubCameras (https://cdn.babylonjs.com/babylon.js:0:2919674)
    at e.render (https://cdn.babylonjs.com/babylon.js:0:2927939)
    at renderScene (http://localhost:5500/js/graphics.js?v=79:1288:10)
    at animate (http://localhost:5500/js/main.js?v=79:377:2)
[  169209ms] Uncaught TypeError: Cannot read properties of undefined (reading '_currentLOD')
    at e._prepareRenderingManager (https://cdn.babylonjs.com/babylon.js:0:1473870)
    at e.render (https://cdn.babylonjs.com/babylon.js:0:1470701)
    at t._renderToTarget (https://cdn.babylonjs.com/babylon.js:0:944126)
    at t._render (https://cdn.babylonjs.com/babylon.js:0:942773)
    at t.render (https://cdn.babylonjs.com/babylon.js:0:941741)
    at e._renderForCamera (https://cdn.babylonjs.com/babylon.js:0:2917619)
    at e._processSubCameras (https://cdn.babylonjs.com/babylon.js:0:2919674)
    at e.render (https://cdn.babylonjs.com/babylon.js:0:2927939)
    at renderScene (http://localhost:5500/js/graphics.js?v=79:1288:10)
    at animate (http://localhost:5500/js/main.js?v=79:377:2)
[  169778ms] Uncaught TypeError: Cannot read properties of undefined (reading '_currentLOD')
    at e._prepareRenderingManager (https://cdn.babylonjs.com/babylon.js:0:1473870)
    at e.render (https://cdn.babylonjs.com/babylon.js:0:1470701)
    at t._renderToTarget (https://cdn.babylonjs.com/babylon.js:0:944126)
    at t._render (https://cdn.babylonjs.com/babylon.js:0:942773)
    at t.render (https://cdn.babylonjs.com/babylon.js:0:941741)
    at e._renderForCamera (https://cdn.babylonjs.com/babylon.js:0:2917619)
    at e._processSubCameras (https://cdn.babylonjs.com/babylon.js:0:2919674)
    at e.render (https://cdn.babylonjs.com/babylon.js:0:2927939)
    at renderScene (http://localhost:5500/js/graphics.js?v=79:1288:10)
    at animate (http://localhost:5500/js/main.js?v=79:377:2)
[  169810ms] Uncaught TypeError: Cannot read properties of undefined (reading '_currentLOD')
    at e._prepareRenderingManager (https://cdn.babylonjs.com/babylon.js:0:1473870)
    at e.render (https://cdn.babylonjs.com/babylon.js:0:1470701)
    at t._renderToTarget (https://cdn.babylonjs.com/babylon.js:0:944126)
    at t._render (https://cdn.babylonjs.com/babylon.js:0:942773)
    at t.render (https://cdn.babylonjs.com/babylon.js:0:941741)
    at e._renderForCamera (https://cdn.babylonjs.com/babylon.js:0:2917619)
    at e._processSubCameras (https://cdn.babylonjs.com/babylon.js:0:2919674)
    at e.render (https://cdn.babylonjs.com/babylon.js:0:2927939)
    at renderScene (http://localhost:5500/js/graphics.js?v=79:1288:10)
    at animate (http://localhost:5500/js/main.js?v=79:377:2)
[  169842ms] Uncaught TypeError: Cannot read properties of undefined (reading '_currentLOD')
    at e._prepareRenderingManager (https://cdn.babylonjs.com/babylon.js:0:1473870)
    at e.render (https://cdn.babylonjs.com/babylon.js:0:1470701)
    at t._renderToTarget (https://cdn.babylonjs.com/babylon.js:0:944126)
    at t._render (https://cdn.babylonjs.com/babylon.js:0:942773)
    at t.render (https://cdn.babylonjs.com/babylon.js:0:941741)
    at e._renderForCamera (https://cdn.babylonjs.com/babylon.js:0:2917619)
    at e._processSubCameras (https://cdn.babylonjs.com/babylon.js:0:2919674)
    at e.render (https://cdn.babylonjs.com/babylon.js:0:2927939)
    at renderScene (http://localhost:5500/js/graphics.js?v=79:1288:10)
    at animate (http://localhost:5500/js/main.js?v=79:377:2)
[  169877ms] Uncaught TypeError: Cannot read properties of undefined (reading '_currentLOD')
    at e._prepareRenderingManager (https://cdn.babylonjs.com/babylon.js:0:1473870)
    at e.render (https://cdn.babylonjs.com/babylon.js:0:1470701)
    at t._renderToTarget (https://cdn.babylonjs.com/babylon.js:0:944126)
    at t._render (https://cdn.babylonjs.com/babylon.js:0:942773)
    at t.render (https://cdn.babylonjs.com/babylon.js:0:941741)
    at e._renderForCamera (https://cdn.babylonjs.com/babylon.js:0:2917619)
    at e._processSubCameras (https://cdn.babylonjs.com/babylon.js:0:2919674)
    at e.render (https://cdn.babylonjs.com/babylon.js:0:2927939)
    at renderScene (http://localhost:5500/js/graphics.js?v=79:1288:10)
    at animate (http://localhost:5500/js/main.js?v=79:377:2)
[  169910ms] Uncaught TypeError: Cannot read properties of undefined (reading '_currentLOD')
    at e._prepareRenderingManager (https://cdn.babylonjs.com/babylon.js:0:1473870)
    at e.render (https://cdn.babylonjs.com/babylon.js:0:1470701)
    at t._renderToTarget (https://cdn.babylonjs.com/babylon.js:0:944126)
    at t._render (https://cdn.babylonjs.com/babylon.js:0:942773)
    at t.render (https://cdn.babylonjs.com/babylon.js:0:941741)
    at e._renderForCamera (https://cdn.babylonjs.com/babylon.js:0:2917619)
    at e._processSubCameras (https://cdn.babylonjs.com/babylon.js:0:2919674)
    at e.render (https://cdn.babylonjs.com/babylon.js:0:2927939)
    at renderScene (http://localhost:5500/js/graphics.js?v=79:1288:10)
    at animate (http://localhost:5500/js/main.js?v=79:377:2)
[  169943ms] Uncaught TypeError: Cannot read properties of undefined (reading '_currentLOD')
    at e._prepareRenderingManager (https://cdn.babylonjs.com/babylon.js:0:1473870)
    at e.render (https://cdn.babylonjs.com/babylon.js:0:1470701)
    at t._renderToTarget (https://cdn.babylonjs.com/babylon.js:0:944126)
    at t._render (https://cdn.babylonjs.com/babylon.js:0:942773)
    at t.render (https://cdn.babylonjs.com/babylon.js:0:941741)
    at e._renderForCamera (https://cdn.babylonjs.com/babylon.js:0:2917619)
    at e._processSubCameras (https://cdn.babylonjs.com/babylon.js:0:2919674)
    at e.render (https://cdn.babylonjs.com/babylon.js:0:2927939)
    at renderScene (http://localhost:5500/js/graphics.js?v=79:1288:10)
    at animate (http://localhost:5500/js/main.js?v=79:377:2)
[  169976ms] Uncaught TypeError: Cannot read properties of undefined (reading '_currentLOD')
    at e._prepareRenderingManager (https://cdn.babylonjs.com/babylon.js:0:1473870)
    at e.render (https://cdn.babylonjs.com/babylon.js:0:1470701)
    at t._renderToTarget (https://cdn.babylonjs.com/babylon.js:0:944126)
    at t._render (https://cdn.babylonjs.com/babylon.js:0:942773)
    at t.render (https://cdn.babylonjs.com/babylon.js:0:941741)
    at e._renderForCamera (https://cdn.babylonjs.com/babylon.js:0:2917619)
    at e._processSubCameras (https://cdn.babylonjs.com/babylon.js:0:2919674)
    at e.render (https://cdn.babylonjs.com/babylon.js:0:2927939)
    at renderScene (http://localhost:5500/js/graphics.js?v=79:1288:10)
    at animate (http://localhost:5500/js/main.js?v=79:377:2)
[  170011ms] Uncaught TypeError: Cannot read properties of undefined (reading '_currentLOD')
    at e._prepareRenderingManager (https://cdn.babylonjs.com/babylon.js:0:1473870)
    at e.render (https://cdn.babylonjs.com/babylon.js:0:1470701)
    at t._renderToTarget (https://cdn.babylonjs.com/babylon.js:0:944126)
    at t._render (https://cdn.babylonjs.com/babylon.js:0:942773)
    at t.render (https://cdn.babylonjs.com/babylon.js:0:941741)
    at e._renderForCamera (https://cdn.babylonjs.com/babylon.js:0:2917619)
    at e._processSubCameras (https://cdn.babylonjs.com/babylon.js:0:2919674)
    at e.render (https://cdn.babylonjs.com/babylon.js:0:2927939)
    at renderScene (http://localhost:5500/js/graphics.js?v=79:1288:10)
    at animate (http://localhost:5500/js/main.js?v=79:377:2)
[  170044ms] Uncaught TypeError: Cannot read properties of undefined (reading '_currentLOD')
    at e._prepareRenderingManager (https://cdn.babylonjs.com/babylon.js:0:1473870)
    at e.render (https://cdn.babylonjs.com/babylon.js:0:1470701)
    at t._renderToTarget (https://cdn.babylonjs.com/babylon.js:0:944126)
    at t._render (https://cdn.babylonjs.com/babylon.js:0:942773)
    at t.render (https://cdn.babylonjs.com/babylon.js:0:941741)
    at e._renderForCamera (https://cdn.babylonjs.com/babylon.js:0:2917619)
    at e._processSubCameras (https://cdn.babylonjs.com/babylon.js:0:2919674)
    at e.render (https://cdn.babylonjs.com/babylon.js:0:2927939)
    at renderScene (http://localhost:5500/js/graphics.js?v=79:1288:10)
    at animate (http://localhost:5500/js/main.js?v=79:377:2)
[  170078ms] Uncaught TypeError: Cannot read properties of undefined (reading '_currentLOD')
    at e._prepareRenderingManager (https://cdn.babylonjs.com/babylon.js:0:1473870)
    at e.render (https://cdn.babylonjs.com/babylon.js:0:1470701)
    at t._renderToTarget (https://cdn.babylonjs.com/babylon.js:0:944126)
    at t._render (https://cdn.babylonjs.com/babylon.js:0:942773)
    at t.render (https://cdn.babylonjs.com/babylon.js:0:941741)
    at e._renderForCamera (https://cdn.babylonjs.com/babylon.js:0:2917619)
    at e._processSubCameras (https://cdn.babylonjs.com/babylon.js:0:2919674)
    at e.render (https://cdn.babylonjs.com/babylon.js:0:2927939)
    at renderScene (http://localhost:5500/js/graphics.js?v=79:1288:10)
    at animate (http://localhost:5500/js/main.js?v=79:377:2)
[  170111ms] Uncaught TypeError: Cannot read properties of undefined (reading '_currentLOD')
    at e._prepareRenderingManager (https://cdn.babylonjs.com/babylon.js:0:1473870)
    at e.render (https://cdn.babylonjs.com/babylon.js:0:1470701)
    at t._renderToTarget (https://cdn.babylonjs.com/babylon.js:0:944126)
    at t._render (https://cdn.babylonjs.com/babylon.js:0:942773)
    at t.render (https://cdn.babylonjs.com/babylon.js:0:941741)
    at e._renderForCamera (https://cdn.babylonjs.com/babylon.js:0:2917619)
    at e._processSubCameras (https://cdn.babylonjs.com/babylon.js:0:2919674)
    at e.render (https://cdn.babylonjs.com/babylon.js:0:2927939)
    at renderScene (http://localhost:5500/js/graphics.js?v=79:1288:10)
    at animate (http://localhost:5500/js/main.js?v=79:377:2)
[  170145ms] Uncaught TypeError: Cannot read properties of undefined (reading '_currentLOD')
    at e._prepareRenderingManager (https://cdn.babylonjs.com/babylon.js:0:1473870)
    at e.render (https://cdn.babylonjs.com/babylon.js:0:1470701)
    at t._renderToTarget (https://cdn.babylonjs.com/babylon.js:0:944126)
    at t._render (https://cdn.babylonjs.com/babylon.js:0:942773)
    at t.render (https://cdn.babylonjs.com/babylon.js:0:941741)
    at e._renderForCamera (https://cdn.babylonjs.com/babylon.js:0:2917619)
    at e._processSubCameras (https://cdn.babylonjs.com/babylon.js:0:2919674)
    at e.render (https://cdn.babylonjs.com/babylon.js:0:2927939)
    at renderScene (http://localhost:5500/js/graphics.js?v=79:1288:10)
    at animate (http://localhost:5500/js/main.js?v=79:377:2)
[  170179ms] Uncaught TypeError: Cannot read properties of undefined (reading '_currentLOD')
    at e._prepareRenderingManager (https://cdn.babylonjs.com/babylon.js:0:1473870)
    at e.render (https://cdn.babylonjs.com/babylon.js:0:1470701)
    at t._renderToTarget (https://cdn.babylonjs.com/babylon.js:0:944126)
    at t._render (https://cdn.babylonjs.com/babylon.js:0:942773)
    at t.render (https://cdn.babylonjs.com/babylon.js:0:941741)
    at e._renderForCamera (https://cdn.babylonjs.com/babylon.js:0:2917619)
    at e._processSubCameras (https://cdn.babylonjs.com/babylon.js:0:2919674)
    at e.render (https://cdn.babylonjs.com/babylon.js:0:2927939)
    at renderScene (http://localhost:5500/js/graphics.js?v=79:1288:10)
    at animate (http://localhost:5500/js/main.js?v=79:377:2)
[  170212ms] Uncaught TypeError: Cannot read properties of undefined (reading '_currentLOD')
    at e._prepareRenderingManager (https://cdn.babylonjs.com/babylon.js:0:1473870)
    at e.render (https://cdn.babylonjs.com/babylon.js:0:1470701)
    at t._renderToTarget (https://cdn.babylonjs.com/babylon.js:0:944126)
    at t._render (https://cdn.babylonjs.com/babylon.js:0:942773)
    at t.render (https://cdn.babylonjs.com/babylon.js:0:941741)
    at e._renderForCamera (https://cdn.babylonjs.com/babylon.js:0:2917619)
    at e._processSubCameras (https://cdn.babylonjs.com/babylon.js:0:2919674)
    at e.render (https://cdn.babylonjs.com/babylon.js:0:2927939)
    at renderScene (http://localhost:5500/js/graphics.js?v=79:1288:10)
    at animate (http://localhost:5500/js/main.js?v=79:377:2)
[  170245ms] Uncaught TypeError: Cannot read properties of undefined (reading '_currentLOD')
    at e._prepareRenderingManager (https://cdn.babylonjs.com/babylon.js:0:1473870)
    at e.render (https://cdn.babylonjs.com/babylon.js:0:1470701)
    at t._renderToTarget (https://cdn.babylonjs.com/babylon.js:0:944126)
    at t._render (https://cdn.babylonjs.com/babylon.js:0:942773)
    at t.render (https://cdn.babylonjs.com/babylon.js:0:941741)
    at e._renderForCamera (https://cdn.babylonjs.com/babylon.js:0:2917619)
    at e._processSubCameras (https://cdn.babylonjs.com/babylon.js:0:2919674)
    at e.render (https://cdn.babylonjs.com/babylon.js:0:2927939)
    at renderScene (http://localhost:5500/js/graphics.js?v=79:1288:10)
    at animate (http://localhost:5500/js/main.js?v=79:377:2)
[  170280ms] Uncaught TypeError: Cannot read properties of undefined (reading '_currentLOD')
    at e._prepareRenderingManager (https://cdn.babylonjs.com/babylon.js:0:1473870)
    at e.render (https://cdn.babylonjs.com/babylon.js:0:1470701)
    at t._renderToTarget (https://cdn.babylonjs.com/babylon.js:0:944126)
    at t._render (https://cdn.babylonjs.com/babylon.js:0:942773)
    at t.render (https://cdn.babylonjs.com/babylon.js:0:941741)
    at e._renderForCamera (https://cdn.babylonjs.com/babylon.js:0:2917619)
    at e._processSubCameras (https://cdn.babylonjs.com/babylon.js:0:2919674)
    at e.render (https://cdn.babylonjs.com/babylon.js:0:2927939)
    at renderScene (http://localhost:5500/js/graphics.js?v=79:1288:10)
    at animate (http://localhost:5500/js/main.js?v=79:377:2)
[  170314ms] Uncaught TypeError: Cannot read properties of undefined (reading '_currentLOD')
    at e._prepareRenderingManager (https://cdn.babylonjs.com/babylon.js:0:1473870)
    at e.render (https://cdn.babylonjs.com/babylon.js:0:1470701)
    at t._renderToTarget (https://cdn.babylonjs.com/babylon.js:0:944126)
    at t._render (https://cdn.babylonjs.com/babylon.js:0:942773)
    at t.render (https://cdn.babylonjs.com/babylon.js:0:941741)
    at e._renderForCamera (https://cdn.babylonjs.com/babylon.js:0:2917619)
    at e._processSubCameras (https://cdn.babylonjs.com/babylon.js:0:2919674)
    at e.render (https://cdn.babylonjs.com/babylon.js:0:2927939)
    at renderScene (http://localhost:5500/js/graphics.js?v=79:1288:10)
    at animate (http://localhost:5500/js/main.js?v=79:377:2)
[  170348ms] Uncaught TypeError: Cannot read properties of undefined (reading '_currentLOD')
    at e._prepareRenderingManager (https://cdn.babylonjs.com/babylon.js:0:1473870)
    at e.render (https://cdn.babylonjs.com/babylon.js:0:1470701)
    at t._renderToTarget (https://cdn.babylonjs.com/babylon.js:0:944126)
    at t._render (https://cdn.babylonjs.com/babylon.js:0:942773)
    at t.render (https://cdn.babylonjs.com/babylon.js:0:941741)
    at e._renderForCamera (https://cdn.babylonjs.com/babylon.js:0:2917619)
    at e._processSubCameras (https://cdn.babylonjs.com/babylon.js:0:2919674)
    at e.render (https://cdn.babylonjs.com/babylon.js:0:2927939)
    at renderScene (http://localhost:5500/js/graphics.js?v=79:1288:10)
    at animate (http://localhost:5500/js/main.js?v=79:377:2)
[  170379ms] Uncaught TypeError: Cannot read properties of undefined (reading '_currentLOD')
    at e._prepareRenderingManager (https://cdn.babylonjs.com/babylon.js:0:1473870)
    at e.render (https://cdn.babylonjs.com/babylon.js:0:1470701)
    at t._renderToTarget (https://cdn.babylonjs.com/babylon.js:0:944126)
    at t._render (https://cdn.babylonjs.com/babylon.js:0:942773)
    at t.render (https://cdn.babylonjs.com/babylon.js:0:941741)
    at e._renderForCamera (https://cdn.babylonjs.com/babylon.js:0:2917619)
    at e._processSubCameras (https://cdn.babylonjs.com/babylon.js:0:2919674)
    at e.render (https://cdn.babylonjs.com/babylon.js:0:2927939)
    at renderScene (http://localhost:5500/js/graphics.js?v=79:1288:10)
    at animate (http://localhost:5500/js/main.js?v=79:377:2)
[  170412ms] Uncaught TypeError: Cannot read properties of undefined (reading '_currentLOD')
    at e._prepareRenderingManager (https://cdn.babylonjs.com/babylon.js:0:1473870)
    at e.render (https://cdn.babylonjs.com/babylon.js:0:1470701)
    at t._renderToTarget (https://cdn.babylonjs.com/babylon.js:0:944126)
    at t._render (https://cdn.babylonjs.com/babylon.js:0:942773)
    at t.render (https://cdn.babylonjs.com/babylon.js:0:941741)
    at e._renderForCamera (https://cdn.babylonjs.com/babylon.js:0:2917619)
    at e._processSubCameras (https://cdn.babylonjs.com/babylon.js:0:2919674)
    at e.render (https://cdn.babylonjs.com/babylon.js:0:2927939)
    at renderScene (http://localhost:5500/js/graphics.js?v=79:1288:10)
    at animate (http://localhost:5500/js/main.js?v=79:377:2)
[  170445ms] Uncaught TypeError: Cannot read properties of undefined (reading '_currentLOD')
    at e._prepareRenderingManager (https://cdn.babylonjs.com/babylon.js:0:1473870)
    at e.render (https://cdn.babylonjs.com/babylon.js:0:1470701)
    at t._renderToTarget (https://cdn.babylonjs.com/babylon.js:0:944126)
    at t._render (https://cdn.babylonjs.com/babylon.js:0:942773)
    at t.render (https://cdn.babylonjs.com/babylon.js:0:941741)
    at e._renderForCamera (https://cdn.babylonjs.com/babylon.js:0:2917619)
    at e._processSubCameras (https://cdn.babylonjs.com/babylon.js:0:2919674)
    at e.render (https://cdn.babylonjs.com/babylon.js:0:2927939)
    at renderScene (http://localhost:5500/js/graphics.js?v=79:1288:10)
    at animate (http://localhost:5500/js/main.js?v=79:377:2)
[  170483ms] Uncaught TypeError: Cannot read properties of undefined (reading '_currentLOD')
    at e._prepareRenderingManager (https://cdn.babylonjs.com/babylon.js:0:1473870)
    at e.render (https://cdn.babylonjs.com/babylon.js:0:1470701)
    at t._renderToTarget (https://cdn.babylonjs.com/babylon.js:0:944126)
    at t._render (https://cdn.babylonjs.com/babylon.js:0:942773)
    at t.render (https://cdn.babylonjs.com/babylon.js:0:941741)
    at e._renderForCamera (https://cdn.babylonjs.com/babylon.js:0:2917619)
    at e._processSubCameras (https://cdn.babylonjs.com/babylon.js:0:2919674)
    at e.render (https://cdn.babylonjs.com/babylon.js:0:2927939)
    at renderScene (http://localhost:5500/js/graphics.js?v=79:1288:10)
    at animate (http://localhost:5500/js/main.js?v=79:377:2)
[  170515ms] Uncaught TypeError: Cannot read properties of undefined (reading '_currentLOD')
    at e._prepareRenderingManager (https://cdn.babylonjs.com/babylon.js:0:1473870)
    at e.render (https://cdn.babylonjs.com/babylon.js:0:1470701)
    at t._renderToTarget (https://cdn.babylonjs.com/babylon.js:0:944126)
    at t._render (https://cdn.babylonjs.com/babylon.js:0:942773)
    at t.render (https://cdn.babylonjs.com/babylon.js:0:941741)
    at e._renderForCamera (https://cdn.babylonjs.com/babylon.js:0:2917619)
    at e._processSubCameras (https://cdn.babylonjs.com/babylon.js:0:2919674)
    at e.render (https://cdn.babylonjs.com/babylon.js:0:2927939)
    at renderScene (http://localhost:5500/js/graphics.js?v=79:1288:10)
    at animate (http://localhost:5500/js/main.js?v=79:377:2)
[  171513ms] Uncaught TypeError: Cannot read properties of undefined (reading '_currentLOD')
    at e._prepareRenderingManager (https://cdn.babylonjs.com/babylon.js:0:1473870)
    at e.render (https://cdn.babylonjs.com/babylon.js:0:1470701)
    at t._renderToTarget (https://cdn.babylonjs.com/babylon.js:0:944126)
    at t._render (https://cdn.babylonjs.com/babylon.js:0:942773)
    at t.render (https://cdn.babylonjs.com/babylon.js:0:941741)
    at e._renderForCamera (https://cdn.babylonjs.com/babylon.js:0:2917619)
    at e._processSubCameras (https://cdn.babylonjs.com/babylon.js:0:2919674)
    at e.render (https://cdn.babylonjs.com/babylon.js:0:2927939)
    at renderScene (http://localhost:5500/js/graphics.js?v=79:1288:10)
    at animate (http://localhost:5500/js/main.js?v=79:377:2)
[  172529ms] Uncaught TypeError: Cannot read properties of undefined (reading '_currentLOD')
    at e._prepareRenderingManager (https://cdn.babylonjs.com/babylon.js:0:1473870)
    at e.render (https://cdn.babylonjs.com/babylon.js:0:1470701)
    at t._renderToTarget (https://cdn.babylonjs.com/babylon.js:0:944126)
    at t._render (https://cdn.babylonjs.com/babylon.js:0:942773)
    at t.render (https://cdn.babylonjs.com/babylon.js:0:941741)
    at e._renderForCamera (https://cdn.babylonjs.com/babylon.js:0:2917619)
    at e._processSubCameras (https://cdn.babylonjs.com/babylon.js:0:2919674)
    at e.render (https://cdn.babylonjs.com/babylon.js:0:2927939)
    at renderScene (http://localhost:5500/js/graphics.js?v=79:1288:10)
    at animate (http://localhost:5500/js/main.js?v=79:377:2)
[  172973ms] Uncaught TypeError: Cannot read properties of undefined (reading '_currentLOD')
    at e._prepareRenderingManager (https://cdn.babylonjs.com/babylon.js:0:1473870)
    at e.render (https://cdn.babylonjs.com/babylon.js:0:1470701)
    at t._renderToTarget (https://cdn.babylonjs.com/babylon.js:0:944126)
    at t._render (https://cdn.babylonjs.com/babylon.js:0:942773)
    at t.render (https://cdn.babylonjs.com/babylon.js:0:941741)
    at e._renderForCamera (https://cdn.babylonjs.com/babylon.js:0:2917619)
    at e._processSubCameras (https://cdn.babylonjs.com/babylon.js:0:2919674)
    at e.render (https://cdn.babylonjs.com/babylon.js:0:2927939)
    at renderScene (http://localhost:5500/js/graphics.js?v=79:1288:10)
    at animate (http://localhost:5500/js/main.js?v=79:377:2)
[  172997ms] Uncaught TypeError: Cannot read properties of undefined (reading '_currentLOD')
    at e._prepareRenderingManager (https://cdn.babylonjs.com/babylon.js:0:1473870)
    at e.render (https://cdn.babylonjs.com/babylon.js:0:1470701)
    at t._renderToTarget (https://cdn.babylonjs.com/babylon.js:0:944126)
    at t._render (https://cdn.babylonjs.com/babylon.js:0:942773)
    at t.render (https://cdn.babylonjs.com/babylon.js:0:941741)
    at e._renderForCamera (https://cdn.babylonjs.com/babylon.js:0:2917619)
    at e._processSubCameras (https://cdn.babylonjs.com/babylon.js:0:2919674)
    at e.render (https://cdn.babylonjs.com/babylon.js:0:2927939)
    at renderScene (http://localhost:5500/js/graphics.js?v=79:1288:10)
    at animate (http://localhost:5500/js/main.js?v=79:377:2)
[  173035ms] Uncaught TypeError: Cannot read properties of undefined (reading '_currentLOD')
    at e._prepareRenderingManager (https://cdn.babylonjs.com/babylon.js:0:1473870)
    at e.render (https://cdn.babylonjs.com/babylon.js:0:1470701)
    at t._renderToTarget (https://cdn.babylonjs.com/babylon.js:0:944126)
    at t._render (https://cdn.babylonjs.com/babylon.js:0:942773)
    at t.render (https://cdn.babylonjs.com/babylon.js:0:941741)
    at e._renderForCamera (https://cdn.babylonjs.com/babylon.js:0:2917619)
    at e._processSubCameras (https://cdn.babylonjs.com/babylon.js:0:2919674)
    at e.render (https://cdn.babylonjs.com/babylon.js:0:2927939)
    at renderScene (http://localhost:5500/js/graphics.js?v=79:1288:10)
    at animate (http://localhost:5500/js/main.js?v=79:377:2)
[  173072ms] Uncaught TypeError: Cannot read properties of undefined (reading '_currentLOD')
    at e._prepareRenderingManager (https://cdn.babylonjs.com/babylon.js:0:1473870)
    at e.render (https://cdn.babylonjs.com/babylon.js:0:1470701)
    at t._renderToTarget (https://cdn.babylonjs.com/babylon.js:0:944126)
    at t._render (https://cdn.babylonjs.com/babylon.js:0:942773)
    at t.render (https://cdn.babylonjs.com/babylon.js:0:941741)
    at e._renderForCamera (https://cdn.babylonjs.com/babylon.js:0:2917619)
    at e._processSubCameras (https://cdn.babylonjs.com/babylon.js:0:2919674)
    at e.render (https://cdn.babylonjs.com/babylon.js:0:2927939)
    at renderScene (http://localhost:5500/js/graphics.js?v=79:1288:10)
    at animate (http://localhost:5500/js/main.js?v=79:377:2)
[  173101ms] Uncaught TypeError: Cannot read properties of undefined (reading '_currentLOD')
    at e._prepareRenderingManager (https://cdn.babylonjs.com/babylon.js:0:1473870)
    at e.render (https://cdn.babylonjs.com/babylon.js:0:1470701)
    at t._renderToTarget (https://cdn.babylonjs.com/babylon.js:0:944126)
    at t._render (https://cdn.babylonjs.com/babylon.js:0:942773)
    at t.render (https://cdn.babylonjs.com/babylon.js:0:941741)
    at e._renderForCamera (https://cdn.babylonjs.com/babylon.js:0:2917619)
    at e._processSubCameras (https://cdn.babylonjs.com/babylon.js:0:2919674)
    at e.render (https://cdn.babylonjs.com/babylon.js:0:2927939)
    at renderScene (http://localhost:5500/js/graphics.js?v=79:1288:10)
    at animate (http://localhost:5500/js/main.js?v=79:377:2)
[  173136ms] Uncaught TypeError: Cannot read properties of undefined (reading '_currentLOD')
    at e._prepareRenderingManager (https://cdn.babylonjs.com/babylon.js:0:1473870)
    at e.render (https://cdn.babylonjs.com/babylon.js:0:1470701)
    at t._renderToTarget (https://cdn.babylonjs.com/babylon.js:0:944126)
    at t._render (https://cdn.babylonjs.com/babylon.js:0:942773)
    at t.render (https://cdn.babylonjs.com/babylon.js:0:941741)
    at e._renderForCamera (https://cdn.babylonjs.com/babylon.js:0:2917619)
    at e._processSubCameras (https://cdn.babylonjs.com/babylon.js:0:2919674)
    at e.render (https://cdn.babylonjs.com/babylon.js:0:2927939)
    at renderScene (http://localhost:5500/js/graphics.js?v=79:1288:10)
    at animate (http://localhost:5500/js/main.js?v=79:377:2)
[  173168ms] Uncaught TypeError: Cannot read properties of undefined (reading '_currentLOD')
    at e._prepareRenderingManager (https://cdn.babylonjs.com/babylon.js:0:1473870)
    at e.render (https://cdn.babylonjs.com/babylon.js:0:1470701)
    at t._renderToTarget (https://cdn.babylonjs.com/babylon.js:0:944126)
    at t._render (https://cdn.babylonjs.com/babylon.js:0:942773)
    at t.render (https://cdn.babylonjs.com/babylon.js:0:941741)
    at e._renderForCamera (https://cdn.babylonjs.com/babylon.js:0:2917619)
    at e._processSubCameras (https://cdn.babylonjs.com/babylon.js:0:2919674)
    at e.render (https://cdn.babylonjs.com/babylon.js:0:2927939)
    at renderScene (http://localhost:5500/js/graphics.js?v=79:1288:10)
    at animate (http://localhost:5500/js/main.js?v=79:377:2)
[  173209ms] Uncaught TypeError: Cannot read properties of undefined (reading '_currentLOD')
    at e._prepareRenderingManager (https://cdn.babylonjs.com/babylon.js:0:1473870)
    at e.render (https://cdn.babylonjs.com/babylon.js:0:1470701)
    at t._renderToTarget (https://cdn.babylonjs.com/babylon.js:0:944126)
    at t._render (https://cdn.babylonjs.com/babylon.js:0:942773)
    at t.render (https://cdn.babylonjs.com/babylon.js:0:941741)
    at e._renderForCamera (https://cdn.babylonjs.com/babylon.js:0:2917619)
    at e._processSubCameras (https://cdn.babylonjs.com/babylon.js:0:2919674)
    at e.render (https://cdn.babylonjs.com/babylon.js:0:2927939)
    at renderScene (http://localhost:5500/js/graphics.js?v=79:1288:10)
    at animate (http://localhost:5500/js/main.js?v=79:377:2)
[  173235ms] Uncaught TypeError: Cannot read properties of undefined (reading '_currentLOD')
    at e._prepareRenderingManager (https://cdn.babylonjs.com/babylon.js:0:1473870)
    at e.render (https://cdn.babylonjs.com/babylon.js:0:1470701)
    at t._renderToTarget (https://cdn.babylonjs.com/babylon.js:0:944126)
    at t._render (https://cdn.babylonjs.com/babylon.js:0:942773)
    at t.render (https://cdn.babylonjs.com/babylon.js:0:941741)
    at e._renderForCamera (https://cdn.babylonjs.com/babylon.js:0:2917619)
    at e._processSubCameras (https://cdn.babylonjs.com/babylon.js:0:2919674)
    at e.render (https://cdn.babylonjs.com/babylon.js:0:2927939)
    at renderScene (http://localhost:5500/js/graphics.js?v=79:1288:10)
    at animate (http://localhost:5500/js/main.js?v=79:377:2)
[  173268ms] Uncaught TypeError: Cannot read properties of undefined (reading '_currentLOD')
    at e._prepareRenderingManager (https://cdn.babylonjs.com/babylon.js:0:1473870)
    at e.render (https://cdn.babylonjs.com/babylon.js:0:1470701)
    at t._renderToTarget (https://cdn.babylonjs.com/babylon.js:0:944126)
    at t._render (https://cdn.babylonjs.com/babylon.js:0:942773)
    at t.render (https://cdn.babylonjs.com/babylon.js:0:941741)
    at e._renderForCamera (https://cdn.babylonjs.com/babylon.js:0:2917619)
    at e._processSubCameras (https://cdn.babylonjs.com/babylon.js:0:2919674)
    at e.render (https://cdn.babylonjs.com/babylon.js:0:2927939)
    at renderScene (http://localhost:5500/js/graphics.js?v=79:1288:10)
    at animate (http://localhost:5500/js/main.js?v=79:377:2)
[  173301ms] Uncaught TypeError: Cannot read properties of undefined (reading '_currentLOD')
    at e._prepareRenderingManager (https://cdn.babylonjs.com/babylon.js:0:1473870)
    at e.render (https://cdn.babylonjs.com/babylon.js:0:1470701)
    at t._renderToTarget (https://cdn.babylonjs.com/babylon.js:0:944126)
    at t._render (https://cdn.babylonjs.com/babylon.js:0:942773)
    at t.render (https://cdn.babylonjs.com/babylon.js:0:941741)
    at e._renderForCamera (https://cdn.babylonjs.com/babylon.js:0:2917619)
    at e._processSubCameras (https://cdn.babylonjs.com/babylon.js:0:2919674)
    at e.render (https://cdn.babylonjs.com/babylon.js:0:2927939)
    at renderScene (http://localhost:5500/js/graphics.js?v=79:1288:10)
    at animate (http://localhost:5500/js/main.js?v=79:377:2)
[  173333ms] Uncaught TypeError: Cannot read properties of undefined (reading '_currentLOD')
    at e._prepareRenderingManager (https://cdn.babylonjs.com/babylon.js:0:1473870)
    at e.render (https://cdn.babylonjs.com/babylon.js:0:1470701)
    at t._renderToTarget (https://cdn.babylonjs.com/babylon.js:0:944126)
    at t._render (https://cdn.babylonjs.com/babylon.js:0:942773)
    at t.render (https://cdn.babylonjs.com/babylon.js:0:941741)
    at e._renderForCamera (https://cdn.babylonjs.com/babylon.js:0:2917619)
    at e._processSubCameras (https://cdn.babylonjs.com/babylon.js:0:2919674)
    at e.render (https://cdn.babylonjs.com/babylon.js:0:2927939)
    at renderScene (http://localhost:5500/js/graphics.js?v=79:1288:10)
    at animate (http://localhost:5500/js/main.js?v=79:377:2)
[  173366ms] Uncaught TypeError: Cannot read properties of undefined (reading '_currentLOD')
    at e._prepareRenderingManager (https://cdn.babylonjs.com/babylon.js:0:1473870)
    at e.render (https://cdn.babylonjs.com/babylon.js:0:1470701)
    at t._renderToTarget (https://cdn.babylonjs.com/babylon.js:0:944126)
    at t._render (https://cdn.babylonjs.com/babylon.js:0:942773)
    at t.render (https://cdn.babylonjs.com/babylon.js:0:941741)
    at e._renderForCamera (https://cdn.babylonjs.com/babylon.js:0:2917619)
    at e._processSubCameras (https://cdn.babylonjs.com/babylon.js:0:2919674)
    at e.render (https://cdn.babylonjs.com/babylon.js:0:2927939)
    at renderScene (http://localhost:5500/js/graphics.js?v=79:1288:10)
    at animate (http://localhost:5500/js/main.js?v=79:377:2)
[  173398ms] Uncaught TypeError: Cannot read properties of undefined (reading '_currentLOD')
    at e._prepareRenderingManager (https://cdn.babylonjs.com/babylon.js:0:1473870)
    at e.render (https://cdn.babylonjs.com/babylon.js:0:1470701)
    at t._renderToTarget (https://cdn.babylonjs.com/babylon.js:0:944126)
    at t._render (https://cdn.babylonjs.com/babylon.js:0:942773)
    at t.render (https://cdn.babylonjs.com/babylon.js:0:941741)
    at e._renderForCamera (https://cdn.babylonjs.com/babylon.js:0:2917619)
    at e._processSubCameras (https://cdn.babylonjs.com/babylon.js:0:2919674)
    at e.render (https://cdn.babylonjs.com/babylon.js:0:2927939)
    at renderScene (http://localhost:5500/js/graphics.js?v=79:1288:10)
    at animate (http://localhost:5500/js/main.js?v=79:377:2)
[  173433ms] Uncaught TypeError: Cannot read properties of undefined (reading '_currentLOD')
    at e._prepareRenderingManager (https://cdn.babylonjs.com/babylon.js:0:1473870)
    at e.render (https://cdn.babylonjs.com/babylon.js:0:1470701)
    at t._renderToTarget (https://cdn.babylonjs.com/babylon.js:0:944126)
    at t._render (https://cdn.babylonjs.com/babylon.js:0:942773)
    at t.render (https://cdn.babylonjs.com/babylon.js:0:941741)
    at e._renderForCamera (https://cdn.babylonjs.com/babylon.js:0:2917619)
    at e._processSubCameras (https://cdn.babylonjs.com/babylon.js:0:2919674)
    at e.render (https://cdn.babylonjs.com/babylon.js:0:2927939)
    at renderScene (http://localhost:5500/js/graphics.js?v=79:1288:10)
    at animate (http://localhost:5500/js/main.js?v=79:377:2)
[  173464ms] Uncaught TypeError: Cannot read properties of undefined (reading '_currentLOD')
    at e._prepareRenderingManager (https://cdn.babylonjs.com/babylon.js:0:1473870)
    at e.render (https://cdn.babylonjs.com/babylon.js:0:1470701)
    at t._renderToTarget (https://cdn.babylonjs.com/babylon.js:0:944126)
    at t._render (https://cdn.babylonjs.com/babylon.js:0:942773)
    at t.render (https://cdn.babylonjs.com/babylon.js:0:941741)
    at e._renderForCamera (https://cdn.babylonjs.com/babylon.js:0:2917619)
    at e._processSubCameras (https://cdn.babylonjs.com/babylon.js:0:2919674)
    at e.render (https://cdn.babylonjs.com/babylon.js:0:2927939)
    at renderScene (http://localhost:5500/js/graphics.js?v=79:1288:10)
    at animate (http://localhost:5500/js/main.js?v=79:377:2)
[  173500ms] Uncaught TypeError: Cannot read properties of undefined (reading '_currentLOD')
    at e._prepareRenderingManager (https://cdn.babylonjs.com/babylon.js:0:1473870)
    at e.render (https://cdn.babylonjs.com/babylon.js:0:1470701)
    at t._renderToTarget (https://cdn.babylonjs.com/babylon.js:0:944126)
    at t._render (https://cdn.babylonjs.com/babylon.js:0:942773)
    at t.render (https://cdn.babylonjs.com/babylon.js:0:941741)
    at e._renderForCamera (https://cdn.babylonjs.com/babylon.js:0:2917619)
    at e._processSubCameras (https://cdn.babylonjs.com/babylon.js:0:2919674)
    at e.render (https://cdn.babylonjs.com/babylon.js:0:2927939)
    at renderScene (http://localhost:5500/js/graphics.js?v=79:1288:10)
    at animate (http://localhost:5500/js/main.js?v=79:377:2)
[  173530ms] Uncaught TypeError: Cannot read properties of undefined (reading '_currentLOD')
    at e._prepareRenderingManager (https://cdn.babylonjs.com/babylon.js:0:1473870)
    at e.render (https://cdn.babylonjs.com/babylon.js:0:1470701)
    at t._renderToTarget (https://cdn.babylonjs.com/babylon.js:0:944126)
    at t._render (https://cdn.babylonjs.com/babylon.js:0:942773)
    at t.render (https://cdn.babylonjs.com/babylon.js:0:941741)
    at e._renderForCamera (https://cdn.babylonjs.com/babylon.js:0:2917619)
    at e._processSubCameras (https://cdn.babylonjs.com/babylon.js:0:2919674)
    at e.render (https://cdn.babylonjs.com/babylon.js:0:2927939)
    at renderScene (http://localhost:5500/js/graphics.js?v=79:1288:10)
    at animate (http://localhost:5500/js/main.js?v=79:377:2)
[  173561ms] Uncaught TypeError: Cannot read properties of undefined (reading '_currentLOD')
    at e._prepareRenderingManager (https://cdn.babylonjs.com/babylon.js:0:1473870)
    at e.render (https://cdn.babylonjs.com/babylon.js:0:1470701)
    at t._renderToTarget (https://cdn.babylonjs.com/babylon.js:0:944126)
    at t._render (https://cdn.babylonjs.com/babylon.js:0:942773)
    at t.render (https://cdn.babylonjs.com/babylon.js:0:941741)
    at e._renderForCamera (https://cdn.babylonjs.com/babylon.js:0:2917619)
    at e._processSubCameras (https://cdn.babylonjs.com/babylon.js:0:2919674)
    at e.render (https://cdn.babylonjs.com/babylon.js:0:2927939)
    at renderScene (http://localhost:5500/js/graphics.js?v=79:1288:10)
    at animate (http://localhost:5500/js/main.js?v=79:377:2)
[  173595ms] Uncaught TypeError: Cannot read properties of undefined (reading '_currentLOD')
    at e._prepareRenderingManager (https://cdn.babylonjs.com/babylon.js:0:1473870)
    at e.render (https://cdn.babylonjs.com/babylon.js:0:1470701)
    at t._renderToTarget (https://cdn.babylonjs.com/babylon.js:0:944126)
    at t._render (https://cdn.babylonjs.com/babylon.js:0:942773)
    at t.render (https://cdn.babylonjs.com/babylon.js:0:941741)
    at e._renderForCamera (https://cdn.babylonjs.com/babylon.js:0:2917619)
    at e._processSubCameras (https://cdn.babylonjs.com/babylon.js:0:2919674)
    at e.render (https://cdn.babylonjs.com/babylon.js:0:2927939)
    at renderScene (http://localhost:5500/js/graphics.js?v=79:1288:10)
    at animate (http://localhost:5500/js/main.js?v=79:377:2)
[  173628ms] Uncaught TypeError: Cannot read properties of undefined (reading '_currentLOD')
    at e._prepareRenderingManager (https://cdn.babylonjs.com/babylon.js:0:1473870)
    at e.render (https://cdn.babylonjs.com/babylon.js:0:1470701)
    at t._renderToTarget (https://cdn.babylonjs.com/babylon.js:0:944126)
    at t._render (https://cdn.babylonjs.com/babylon.js:0:942773)
    at t.render (https://cdn.babylonjs.com/babylon.js:0:941741)
    at e._renderForCamera (https://cdn.babylonjs.com/babylon.js:0:2917619)
    at e._processSubCameras (https://cdn.babylonjs.com/babylon.js:0:2919674)
    at e.render (https://cdn.babylonjs.com/babylon.js:0:2927939)
    at renderScene (http://localhost:5500/js/graphics.js?v=79:1288:10)
    at animate (http://localhost:5500/js/main.js?v=79:377:2)
[  173661ms] Uncaught TypeError: Cannot read properties of undefined (reading '_currentLOD')
    at e._prepareRenderingManager (https://cdn.babylonjs.com/babylon.js:0:1473870)
    at e.render (https://cdn.babylonjs.com/babylon.js:0:1470701)
    at t._renderToTarget (https://cdn.babylonjs.com/babylon.js:0:944126)
    at t._render (https://cdn.babylonjs.com/babylon.js:0:942773)
    at t.render (https://cdn.babylonjs.com/babylon.js:0:941741)
    at e._renderForCamera (https://cdn.babylonjs.com/babylon.js:0:2917619)
    at e._processSubCameras (https://cdn.babylonjs.com/babylon.js:0:2919674)
    at e.render (https://cdn.babylonjs.com/babylon.js:0:2927939)
    at renderScene (http://localhost:5500/js/graphics.js?v=79:1288:10)
    at animate (http://localhost:5500/js/main.js?v=79:377:2)
[  173696ms] Uncaught TypeError: Cannot read properties of undefined (reading '_currentLOD')
    at e._prepareRenderingManager (https://cdn.babylonjs.com/babylon.js:0:1473870)
    at e.render (https://cdn.babylonjs.com/babylon.js:0:1470701)
    at t._renderToTarget (https://cdn.babylonjs.com/babylon.js:0:944126)
    at t._render (https://cdn.babylonjs.com/babylon.js:0:942773)
    at t.render (https://cdn.babylonjs.com/babylon.js:0:941741)
    at e._renderForCamera (https://cdn.babylonjs.com/babylon.js:0:2917619)
    at e._processSubCameras (https://cdn.babylonjs.com/babylon.js:0:2919674)
    at e.render (https://cdn.babylonjs.com/babylon.js:0:2927939)
    at renderScene (http://localhost:5500/js/graphics.js?v=79:1288:10)
    at animate (http://localhost:5500/js/main.js?v=79:377:2)
[  173729ms] Uncaught TypeError: Cannot read properties of undefined (reading '_currentLOD')
    at e._prepareRenderingManager (https://cdn.babylonjs.com/babylon.js:0:1473870)
    at e.render (https://cdn.babylonjs.com/babylon.js:0:1470701)
    at t._renderToTarget (https://cdn.babylonjs.com/babylon.js:0:944126)
    at t._render (https://cdn.babylonjs.com/babylon.js:0:942773)
    at t.render (https://cdn.babylonjs.com/babylon.js:0:941741)
    at e._renderForCamera (https://cdn.babylonjs.com/babylon.js:0:2917619)
    at e._processSubCameras (https://cdn.babylonjs.com/babylon.js:0:2919674)
    at e.render (https://cdn.babylonjs.com/babylon.js:0:2927939)
    at renderScene (http://localhost:5500/js/graphics.js?v=79:1288:10)
    at animate (http://localhost:5500/js/main.js?v=79:377:2)
[  174726ms] Uncaught TypeError: Cannot read properties of undefined (reading '_currentLOD')
    at e._prepareRenderingManager (https://cdn.babylonjs.com/babylon.js:0:1473870)
    at e.render (https://cdn.babylonjs.com/babylon.js:0:1470701)
    at t._renderToTarget (https://cdn.babylonjs.com/babylon.js:0:944126)
    at t._render (https://cdn.babylonjs.com/babylon.js:0:942773)
    at t.render (https://cdn.babylonjs.com/babylon.js:0:941741)
    at e._renderForCamera (https://cdn.babylonjs.com/babylon.js:0:2917619)
    at e._processSubCameras (https://cdn.babylonjs.com/babylon.js:0:2919674)
    at e.render (https://cdn.babylonjs.com/babylon.js:0:2927939)
    at renderScene (http://localhost:5500/js/graphics.js?v=79:1288:10)
    at animate (http://localhost:5500/js/main.js?v=79:377:2)
[  175729ms] Uncaught TypeError: Cannot read properties of undefined (reading '_currentLOD')
    at e._prepareRenderingManager (https://cdn.babylonjs.com/babylon.js:0:1473870)
    at e.render (https://cdn.babylonjs.com/babylon.js:0:1470701)
    at t._renderToTarget (https://cdn.babylonjs.com/babylon.js:0:944126)
    at t._render (https://cdn.babylonjs.com/babylon.js:0:942773)
    at t.render (https://cdn.babylonjs.com/babylon.js:0:941741)
    at e._renderForCamera (https://cdn.babylonjs.com/babylon.js:0:2917619)
    at e._processSubCameras (https://cdn.babylonjs.com/babylon.js:0:2919674)
    at e.render (https://cdn.babylonjs.com/babylon.js:0:2927939)
    at renderScene (http://localhost:5500/js/graphics.js?v=79:1288:10)
    at animate (http://localhost:5500/js/main.js?v=79:377:2)
[  176144ms] Uncaught TypeError: Cannot read properties of undefined (reading '_currentLOD')
    at e._prepareRenderingManager (https://cdn.babylonjs.com/babylon.js:0:1473870)
    at e.render (https://cdn.babylonjs.com/babylon.js:0:1470701)
    at t._renderToTarget (https://cdn.babylonjs.com/babylon.js:0:944126)
    at t._render (https://cdn.babylonjs.com/babylon.js:0:942773)
    at t.render (https://cdn.babylonjs.com/babylon.js:0:941741)
    at e._renderForCamera (https://cdn.babylonjs.com/babylon.js:0:2917619)
    at e._processSubCameras (https://cdn.babylonjs.com/babylon.js:0:2919674)
    at e.render (https://cdn.babylonjs.com/babylon.js:0:2927939)
    at renderScene (http://localhost:5500/js/graphics.js?v=79:1288:10)
    at animate (http://localhost:5500/js/main.js?v=79:377:2)
[  176177ms] Uncaught TypeError: Cannot read properties of undefined (reading '_currentLOD')
    at e._prepareRenderingManager (https://cdn.babylonjs.com/babylon.js:0:1473870)
    at e.render (https://cdn.babylonjs.com/babylon.js:0:1470701)
    at t._renderToTarget (https://cdn.babylonjs.com/babylon.js:0:944126)
    at t._render (https://cdn.babylonjs.com/babylon.js:0:942773)
    at t.render (https://cdn.babylonjs.com/babylon.js:0:941741)
    at e._renderForCamera (https://cdn.babylonjs.com/babylon.js:0:2917619)
    at e._processSubCameras (https://cdn.babylonjs.com/babylon.js:0:2919674)
    at e.render (https://cdn.babylonjs.com/babylon.js:0:2927939)
    at renderScene (http://localhost:5500/js/graphics.js?v=79:1288:10)
    at animate (http://localhost:5500/js/main.js?v=79:377:2)
[  176210ms] Uncaught TypeError: Cannot read properties of undefined (reading '_currentLOD')
    at e._prepareRenderingManager (https://cdn.babylonjs.com/babylon.js:0:1473870)
    at e.render (https://cdn.babylonjs.com/babylon.js:0:1470701)
    at t._renderToTarget (https://cdn.babylonjs.com/babylon.js:0:944126)
    at t._render (https://cdn.babylonjs.com/babylon.js:0:942773)
    at t.render (https://cdn.babylonjs.com/babylon.js:0:941741)
    at e._renderForCamera (https://cdn.babylonjs.com/babylon.js:0:2917619)
    at e._processSubCameras (https://cdn.babylonjs.com/babylon.js:0:2919674)
    at e.render (https://cdn.babylonjs.com/babylon.js:0:2927939)
    at renderScene (http://localhost:5500/js/graphics.js?v=79:1288:10)
    at animate (http://localhost:5500/js/main.js?v=79:377:2)
[  176244ms] Uncaught TypeError: Cannot read properties of undefined (reading '_currentLOD')
    at e._prepareRenderingManager (https://cdn.babylonjs.com/babylon.js:0:1473870)
    at e.render (https://cdn.babylonjs.com/babylon.js:0:1470701)
    at t._renderToTarget (https://cdn.babylonjs.com/babylon.js:0:944126)
    at t._render (https://cdn.babylonjs.com/babylon.js:0:942773)
    at t.render (https://cdn.babylonjs.com/babylon.js:0:941741)
    at e._renderForCamera (https://cdn.babylonjs.com/babylon.js:0:2917619)
    at e._processSubCameras (https://cdn.babylonjs.com/babylon.js:0:2919674)
    at e.render (https://cdn.babylonjs.com/babylon.js:0:2927939)
    at renderScene (http://localhost:5500/js/graphics.js?v=79:1288:10)
    at animate (http://localhost:5500/js/main.js?v=79:377:2)
[  176277ms] Uncaught TypeError: Cannot read properties of undefined (reading '_currentLOD')
    at e._prepareRenderingManager (https://cdn.babylonjs.com/babylon.js:0:1473870)
    at e.render (https://cdn.babylonjs.com/babylon.js:0:1470701)
    at t._renderToTarget (https://cdn.babylonjs.com/babylon.js:0:944126)
    at t._render (https://cdn.babylonjs.com/babylon.js:0:942773)
    at t.render (https://cdn.babylonjs.com/babylon.js:0:941741)
    at e._renderForCamera (https://cdn.babylonjs.com/babylon.js:0:2917619)
    at e._processSubCameras (https://cdn.babylonjs.com/babylon.js:0:2919674)
    at e.render (https://cdn.babylonjs.com/babylon.js:0:2927939)
    at renderScene (http://localhost:5500/js/graphics.js?v=79:1288:10)
    at animate (http://localhost:5500/js/main.js?v=79:377:2)
[  176311ms] Uncaught TypeError: Cannot read properties of undefined (reading '_currentLOD')
    at e._prepareRenderingManager (https://cdn.babylonjs.com/babylon.js:0:1473870)
    at e.render (https://cdn.babylonjs.com/babylon.js:0:1470701)
    at t._renderToTarget (https://cdn.babylonjs.com/babylon.js:0:944126)
    at t._render (https://cdn.babylonjs.com/babylon.js:0:942773)
    at t.render (https://cdn.babylonjs.com/babylon.js:0:941741)
    at e._renderForCamera (https://cdn.babylonjs.com/babylon.js:0:2917619)
    at e._processSubCameras (https://cdn.babylonjs.com/babylon.js:0:2919674)
    at e.render (https://cdn.babylonjs.com/babylon.js:0:2927939)
    at renderScene (http://localhost:5500/js/graphics.js?v=79:1288:10)
    at animate (http://localhost:5500/js/main.js?v=79:377:2)
[  176345ms] Uncaught TypeError: Cannot read properties of undefined (reading '_currentLOD')
    at e._prepareRenderingManager (https://cdn.babylonjs.com/babylon.js:0:1473870)
    at e.render (https://cdn.babylonjs.com/babylon.js:0:1470701)
    at t._renderToTarget (https://cdn.babylonjs.com/babylon.js:0:944126)
    at t._render (https://cdn.babylonjs.com/babylon.js:0:942773)
    at t.render (https://cdn.babylonjs.com/babylon.js:0:941741)
    at e._renderForCamera (https://cdn.babylonjs.com/babylon.js:0:2917619)
    at e._processSubCameras (https://cdn.babylonjs.com/babylon.js:0:2919674)
    at e.render (https://cdn.babylonjs.com/babylon.js:0:2927939)
    at renderScene (http://localhost:5500/js/graphics.js?v=79:1288:10)
    at animate (http://localhost:5500/js/main.js?v=79:377:2)
[  176379ms] Uncaught TypeError: Cannot read properties of undefined (reading '_currentLOD')
    at e._prepareRenderingManager (https://cdn.babylonjs.com/babylon.js:0:1473870)
    at e.render (https://cdn.babylonjs.com/babylon.js:0:1470701)
    at t._renderToTarget (https://cdn.babylonjs.com/babylon.js:0:944126)
    at t._render (https://cdn.babylonjs.com/babylon.js:0:942773)
    at t.render (https://cdn.babylonjs.com/babylon.js:0:941741)
    at e._renderForCamera (https://cdn.babylonjs.com/babylon.js:0:2917619)
    at e._processSubCameras (https://cdn.babylonjs.com/babylon.js:0:2919674)
    at e.render (https://cdn.babylonjs.com/babylon.js:0:2927939)
    at renderScene (http://localhost:5500/js/graphics.js?v=79:1288:10)
    at animate (http://localhost:5500/js/main.js?v=79:377:2)
[  176414ms] Uncaught TypeError: Cannot read properties of undefined (reading '_currentLOD')
    at e._prepareRenderingManager (https://cdn.babylonjs.com/babylon.js:0:1473870)
    at e.render (https://cdn.babylonjs.com/babylon.js:0:1470701)
    at t._renderToTarget (https://cdn.babylonjs.com/babylon.js:0:944126)
    at t._render (https://cdn.babylonjs.com/babylon.js:0:942773)
    at t.render (https://cdn.babylonjs.com/babylon.js:0:941741)
    at e._renderForCamera (https://cdn.babylonjs.com/babylon.js:0:2917619)
    at e._processSubCameras (https://cdn.babylonjs.com/babylon.js:0:2919674)
    at e.render (https://cdn.babylonjs.com/babylon.js:0:2927939)
    at renderScene (http://localhost:5500/js/graphics.js?v=79:1288:10)
    at animate (http://localhost:5500/js/main.js?v=79:377:2)
[  176444ms] Uncaught TypeError: Cannot read properties of undefined (reading '_currentLOD')
    at e._prepareRenderingManager (https://cdn.babylonjs.com/babylon.js:0:1473870)
    at e.render (https://cdn.babylonjs.com/babylon.js:0:1470701)
    at t._renderToTarget (https://cdn.babylonjs.com/babylon.js:0:944126)
    at t._render (https://cdn.babylonjs.com/babylon.js:0:942773)
    at t.render (https://cdn.babylonjs.com/babylon.js:0:941741)
    at e._renderForCamera (https://cdn.babylonjs.com/babylon.js:0:2917619)
    at e._processSubCameras (https://cdn.babylonjs.com/babylon.js:0:2919674)
    at e.render (https://cdn.babylonjs.com/babylon.js:0:2927939)
    at renderScene (http://localhost:5500/js/graphics.js?v=79:1288:10)
    at animate (http://localhost:5500/js/main.js?v=79:377:2)
[  176478ms] Uncaught TypeError: Cannot read properties of undefined (reading '_currentLOD')
    at e._prepareRenderingManager (https://cdn.babylonjs.com/babylon.js:0:1473870)
    at e.render (https://cdn.babylonjs.com/babylon.js:0:1470701)
    at t._renderToTarget (https://cdn.babylonjs.com/babylon.js:0:944126)
    at t._render (https://cdn.babylonjs.com/babylon.js:0:942773)
    at t.render (https://cdn.babylonjs.com/babylon.js:0:941741)
    at e._renderForCamera (https://cdn.babylonjs.com/babylon.js:0:2917619)
    at e._processSubCameras (https://cdn.babylonjs.com/babylon.js:0:2919674)
    at e.render (https://cdn.babylonjs.com/babylon.js:0:2927939)
    at renderScene (http://localhost:5500/js/graphics.js?v=79:1288:10)
    at animate (http://localhost:5500/js/main.js?v=79:377:2)
[  176511ms] Uncaught TypeError: Cannot read properties of undefined (reading '_currentLOD')
    at e._prepareRenderingManager (https://cdn.babylonjs.com/babylon.js:0:1473870)
    at e.render (https://cdn.babylonjs.com/babylon.js:0:1470701)
    at t._renderToTarget (https://cdn.babylonjs.com/babylon.js:0:944126)
    at t._render (https://cdn.babylonjs.com/babylon.js:0:942773)
    at t.render (https://cdn.babylonjs.com/babylon.js:0:941741)
    at e._renderForCamera (https://cdn.babylonjs.com/babylon.js:0:2917619)
    at e._processSubCameras (https://cdn.babylonjs.com/babylon.js:0:2919674)
    at e.render (https://cdn.babylonjs.com/babylon.js:0:2927939)
    at renderScene (http://localhost:5500/js/graphics.js?v=79:1288:10)
    at animate (http://localhost:5500/js/main.js?v=79:377:2)
[  176543ms] Uncaught TypeError: Cannot read properties of undefined (reading '_currentLOD')
    at e._prepareRenderingManager (https://cdn.babylonjs.com/babylon.js:0:1473870)
    at e.render (https://cdn.babylonjs.com/babylon.js:0:1470701)
    at t._renderToTarget (https://cdn.babylonjs.com/babylon.js:0:944126)
    at t._render (https://cdn.babylonjs.com/babylon.js:0:942773)
    at t.render (https://cdn.babylonjs.com/babylon.js:0:941741)
    at e._renderForCamera (https://cdn.babylonjs.com/babylon.js:0:2917619)
    at e._processSubCameras (https://cdn.babylonjs.com/babylon.js:0:2919674)
    at e.render (https://cdn.babylonjs.com/babylon.js:0:2927939)
    at renderScene (http://localhost:5500/js/graphics.js?v=79:1288:10)
    at animate (http://localhost:5500/js/main.js?v=79:377:2)
[  176577ms] Uncaught TypeError: Cannot read properties of undefined (reading '_currentLOD')
    at e._prepareRenderingManager (https://cdn.babylonjs.com/babylon.js:0:1473870)
    at e.render (https://cdn.babylonjs.com/babylon.js:0:1470701)
    at t._renderToTarget (https://cdn.babylonjs.com/babylon.js:0:944126)
    at t._render (https://cdn.babylonjs.com/babylon.js:0:942773)
    at t.render (https://cdn.babylonjs.com/babylon.js:0:941741)
    at e._renderForCamera (https://cdn.babylonjs.com/babylon.js:0:2917619)
    at e._processSubCameras (https://cdn.babylonjs.com/babylon.js:0:2919674)
    at e.render (https://cdn.babylonjs.com/babylon.js:0:2927939)
    at renderScene (http://localhost:5500/js/graphics.js?v=79:1288:10)
    at animate (http://localhost:5500/js/main.js?v=79:377:2)
[  176611ms] Uncaught TypeError: Cannot read properties of undefined (reading '_currentLOD')
    at e._prepareRenderingManager (https://cdn.babylonjs.com/babylon.js:0:1473870)
    at e.render (https://cdn.babylonjs.com/babylon.js:0:1470701)
    at t._renderToTarget (https://cdn.babylonjs.com/babylon.js:0:944126)
    at t._render (https://cdn.babylonjs.com/babylon.js:0:942773)
    at t.render (https://cdn.babylonjs.com/babylon.js:0:941741)
    at e._renderForCamera (https://cdn.babylonjs.com/babylon.js:0:2917619)
    at e._processSubCameras (https://cdn.babylonjs.com/babylon.js:0:2919674)
    at e.render (https://cdn.babylonjs.com/babylon.js:0:2927939)
    at renderScene (http://localhost:5500/js/graphics.js?v=79:1288:10)
    at animate (http://localhost:5500/js/main.js?v=79:377:2)
[  176643ms] Uncaught TypeError: Cannot read properties of undefined (reading '_currentLOD')
    at e._prepareRenderingManager (https://cdn.babylonjs.com/babylon.js:0:1473870)
    at e.render (https://cdn.babylonjs.com/babylon.js:0:1470701)
    at t._renderToTarget (https://cdn.babylonjs.com/babylon.js:0:944126)
    at t._render (https://cdn.babylonjs.com/babylon.js:0:942773)
    at t.render (https://cdn.babylonjs.com/babylon.js:0:941741)
    at e._renderForCamera (https://cdn.babylonjs.com/babylon.js:0:2917619)
    at e._processSubCameras (https://cdn.babylonjs.com/babylon.js:0:2919674)
    at e.render (https://cdn.babylonjs.com/babylon.js:0:2927939)
    at renderScene (http://localhost:5500/js/graphics.js?v=79:1288:10)
    at animate (http://localhost:5500/js/main.js?v=79:377:2)
[  176677ms] Uncaught TypeError: Cannot read properties of undefined (reading '_currentLOD')
    at e._prepareRenderingManager (https://cdn.babylonjs.com/babylon.js:0:1473870)
    at e.render (https://cdn.babylonjs.com/babylon.js:0:1470701)
    at t._renderToTarget (https://cdn.babylonjs.com/babylon.js:0:944126)
    at t._render (https://cdn.babylonjs.com/babylon.js:0:942773)
    at t.render (https://cdn.babylonjs.com/babylon.js:0:941741)
    at e._renderForCamera (https://cdn.babylonjs.com/babylon.js:0:2917619)
    at e._processSubCameras (https://cdn.babylonjs.com/babylon.js:0:2919674)
    at e.render (https://cdn.babylonjs.com/babylon.js:0:2927939)
    at renderScene (http://localhost:5500/js/graphics.js?v=79:1288:10)
    at animate (http://localhost:5500/js/main.js?v=79:377:2)
[  176710ms] Uncaught TypeError: Cannot read properties of undefined (reading '_currentLOD')
    at e._prepareRenderingManager (https://cdn.babylonjs.com/babylon.js:0:1473870)
    at e.render (https://cdn.babylonjs.com/babylon.js:0:1470701)
    at t._renderToTarget (https://cdn.babylonjs.com/babylon.js:0:944126)
    at t._render (https://cdn.babylonjs.com/babylon.js:0:942773)
    at t.render (https://cdn.babylonjs.com/babylon.js:0:941741)
    at e._renderForCamera (https://cdn.babylonjs.com/babylon.js:0:2917619)
    at e._processSubCameras (https://cdn.babylonjs.com/babylon.js:0:2919674)
    at e.render (https://cdn.babylonjs.com/babylon.js:0:2927939)
    at renderScene (http://localhost:5500/js/graphics.js?v=79:1288:10)
    at animate (http://localhost:5500/js/main.js?v=79:377:2)
[  176743ms] Uncaught TypeError: Cannot read properties of undefined (reading '_currentLOD')
    at e._prepareRenderingManager (https://cdn.babylonjs.com/babylon.js:0:1473870)
    at e.render (https://cdn.babylonjs.com/babylon.js:0:1470701)
    at t._renderToTarget (https://cdn.babylonjs.com/babylon.js:0:944126)
    at t._render (https://cdn.babylonjs.com/babylon.js:0:942773)
    at t.render (https://cdn.babylonjs.com/babylon.js:0:941741)
    at e._renderForCamera (https://cdn.babylonjs.com/babylon.js:0:2917619)
    at e._processSubCameras (https://cdn.babylonjs.com/babylon.js:0:2919674)
    at e.render (https://cdn.babylonjs.com/babylon.js:0:2927939)
    at renderScene (http://localhost:5500/js/graphics.js?v=79:1288:10)
    at animate (http://localhost:5500/js/main.js?v=79:377:2)
[  176776ms] Uncaught TypeError: Cannot read properties of undefined (reading '_currentLOD')
    at e._prepareRenderingManager (https://cdn.babylonjs.com/babylon.js:0:1473870)
    at e.render (https://cdn.babylonjs.com/babylon.js:0:1470701)
    at t._renderToTarget (https://cdn.babylonjs.com/babylon.js:0:944126)
    at t._render (https://cdn.babylonjs.com/babylon.js:0:942773)
    at t.render (https://cdn.babylonjs.com/babylon.js:0:941741)
    at e._renderForCamera (https://cdn.babylonjs.com/babylon.js:0:2917619)
    at e._processSubCameras (https://cdn.babylonjs.com/babylon.js:0:2919674)
    at e.render (https://cdn.babylonjs.com/babylon.js:0:2927939)
    at renderScene (http://localhost:5500/js/graphics.js?v=79:1288:10)
    at animate (http://localhost:5500/js/main.js?v=79:377:2)
[  176811ms] Uncaught TypeError: Cannot read properties of undefined (reading '_currentLOD')
    at e._prepareRenderingManager (https://cdn.babylonjs.com/babylon.js:0:1473870)
    at e.render (https://cdn.babylonjs.com/babylon.js:0:1470701)
    at t._renderToTarget (https://cdn.babylonjs.com/babylon.js:0:944126)
    at t._render (https://cdn.babylonjs.com/babylon.js:0:942773)
    at t.render (https://cdn.babylonjs.com/babylon.js:0:941741)
    at e._renderForCamera (https://cdn.babylonjs.com/babylon.js:0:2917619)
    at e._processSubCameras (https://cdn.babylonjs.com/babylon.js:0:2919674)
    at e.render (https://cdn.babylonjs.com/babylon.js:0:2927939)
    at renderScene (http://localhost:5500/js/graphics.js?v=79:1288:10)
    at animate (http://localhost:5500/js/main.js?v=79:377:2)
[  176843ms] Uncaught TypeError: Cannot read properties of undefined (reading '_currentLOD')
    at e._prepareRenderingManager (https://cdn.babylonjs.com/babylon.js:0:1473870)
    at e.render (https://cdn.babylonjs.com/babylon.js:0:1470701)
    at t._renderToTarget (https://cdn.babylonjs.com/babylon.js:0:944126)
    at t._render (https://cdn.babylonjs.com/babylon.js:0:942773)
    at t.render (https://cdn.babylonjs.com/babylon.js:0:941741)
    at e._renderForCamera (https://cdn.babylonjs.com/babylon.js:0:2917619)
    at e._processSubCameras (https://cdn.babylonjs.com/babylon.js:0:2919674)
    at e.render (https://cdn.babylonjs.com/babylon.js:0:2927939)
    at renderScene (http://localhost:5500/js/graphics.js?v=79:1288:10)
    at animate (http://localhost:5500/js/main.js?v=79:377:2)
[  176877ms] Uncaught TypeError: Cannot read properties of undefined (reading '_currentLOD')
    at e._prepareRenderingManager (https://cdn.babylonjs.com/babylon.js:0:1473870)
    at e.render (https://cdn.babylonjs.com/babylon.js:0:1470701)
    at t._renderToTarget (https://cdn.babylonjs.com/babylon.js:0:944126)
    at t._render (https://cdn.babylonjs.com/babylon.js:0:942773)
    at t.render (https://cdn.babylonjs.com/babylon.js:0:941741)
    at e._renderForCamera (https://cdn.babylonjs.com/babylon.js:0:2917619)
    at e._processSubCameras (https://cdn.babylonjs.com/babylon.js:0:2919674)
    at e.render (https://cdn.babylonjs.com/babylon.js:0:2927939)
    at renderScene (http://localhost:5500/js/graphics.js?v=79:1288:10)
    at animate (http://localhost:5500/js/main.js?v=79:377:2)
[  176909ms] Uncaught TypeError: Cannot read properties of undefined (reading '_currentLOD')
    at e._prepareRenderingManager (https://cdn.babylonjs.com/babylon.js:0:1473870)
    at e.render (https://cdn.babylonjs.com/babylon.js:0:1470701)
    at t._renderToTarget (https://cdn.babylonjs.com/babylon.js:0:944126)
    at t._render (https://cdn.babylonjs.com/babylon.js:0:942773)
    at t.render (https://cdn.babylonjs.com/babylon.js:0:941741)
    at e._renderForCamera (https://cdn.babylonjs.com/babylon.js:0:2917619)
    at e._processSubCameras (https://cdn.babylonjs.com/babylon.js:0:2919674)
    at e.render (https://cdn.babylonjs.com/babylon.js:0:2927939)
    at renderScene (http://localhost:5500/js/graphics.js?v=79:1288:10)
    at animate (http://localhost:5500/js/main.js?v=79:377:2)
[  176944ms] Uncaught TypeError: Cannot read properties of undefined (reading '_currentLOD')
    at e._prepareRenderingManager (https://cdn.babylonjs.com/babylon.js:0:1473870)
    at e.render (https://cdn.babylonjs.com/babylon.js:0:1470701)
    at t._renderToTarget (https://cdn.babylonjs.com/babylon.js:0:944126)
    at t._render (https://cdn.babylonjs.com/babylon.js:0:942773)
    at t.render (https://cdn.babylonjs.com/babylon.js:0:941741)
    at e._renderForCamera (https://cdn.babylonjs.com/babylon.js:0:2917619)
    at e._processSubCameras (https://cdn.babylonjs.com/babylon.js:0:2919674)
    at e.render (https://cdn.babylonjs.com/babylon.js:0:2927939)
    at renderScene (http://localhost:5500/js/graphics.js?v=79:1288:10)
    at animate (http://localhost:5500/js/main.js?v=79:377:2)
[  176976ms] Uncaught TypeError: Cannot read properties of undefined (reading '_currentLOD')
    at e._prepareRenderingManager (https://cdn.babylonjs.com/babylon.js:0:1473870)
    at e.render (https://cdn.babylonjs.com/babylon.js:0:1470701)
    at t._renderToTarget (https://cdn.babylonjs.com/babylon.js:0:944126)
    at t._render (https://cdn.babylonjs.com/babylon.js:0:942773)
    at t.render (https://cdn.babylonjs.com/babylon.js:0:941741)
    at e._renderForCamera (https://cdn.babylonjs.com/babylon.js:0:2917619)
    at e._processSubCameras (https://cdn.babylonjs.com/babylon.js:0:2919674)
    at e.render (https://cdn.babylonjs.com/babylon.js:0:2927939)
    at renderScene (http://localhost:5500/js/graphics.js?v=79:1288:10)
    at animate (http://localhost:5500/js/main.js?v=79:377:2)
[  177009ms] Uncaught TypeError: Cannot read properties of undefined (reading '_currentLOD')
    at e._prepareRenderingManager (https://cdn.babylonjs.com/babylon.js:0:1473870)
    at e.render (https://cdn.babylonjs.com/babylon.js:0:1470701)
    at t._renderToTarget (https://cdn.babylonjs.com/babylon.js:0:944126)
    at t._render (https://cdn.babylonjs.com/babylon.js:0:942773)
    at t.render (https://cdn.babylonjs.com/babylon.js:0:941741)
    at e._renderForCamera (https://cdn.babylonjs.com/babylon.js:0:2917619)
    at e._processSubCameras (https://cdn.babylonjs.com/babylon.js:0:2919674)
    at e.render (https://cdn.babylonjs.com/babylon.js:0:2927939)
    at renderScene (http://localhost:5500/js/graphics.js?v=79:1288:10)
    at animate (http://localhost:5500/js/main.js?v=79:377:2)
[  177043ms] Uncaught TypeError: Cannot read properties of undefined (reading '_currentLOD')
    at e._prepareRenderingManager (https://cdn.babylonjs.com/babylon.js:0:1473870)
    at e.render (https://cdn.babylonjs.com/babylon.js:0:1470701)
    at t._renderToTarget (https://cdn.babylonjs.com/babylon.js:0:944126)
    at t._render (https://cdn.babylonjs.com/babylon.js:0:942773)
    at t.render (https://cdn.babylonjs.com/babylon.js:0:941741)
    at e._renderForCamera (https://cdn.babylonjs.com/babylon.js:0:2917619)
    at e._processSubCameras (https://cdn.babylonjs.com/babylon.js:0:2919674)
    at e.render (https://cdn.babylonjs.com/babylon.js:0:2927939)
    at renderScene (http://localhost:5500/js/graphics.js?v=79:1288:10)
    at animate (http://localhost:5500/js/main.js?v=79:377:2)
[  177077ms] Uncaught TypeError: Cannot read properties of undefined (reading '_currentLOD')
    at e._prepareRenderingManager (https://cdn.babylonjs.com/babylon.js:0:1473870)
    at e.render (https://cdn.babylonjs.com/babylon.js:0:1470701)
    at t._renderToTarget (https://cdn.babylonjs.com/babylon.js:0:944126)
    at t._render (https://cdn.babylonjs.com/babylon.js:0:942773)
    at t.render (https://cdn.babylonjs.com/babylon.js:0:941741)
    at e._renderForCamera (https://cdn.babylonjs.com/babylon.js:0:2917619)
    at e._processSubCameras (https://cdn.babylonjs.com/babylon.js:0:2919674)
    at e.render (https://cdn.babylonjs.com/babylon.js:0:2927939)
    at renderScene (http://localhost:5500/js/graphics.js?v=79:1288:10)
    at animate (http://localhost:5500/js/main.js?v=79:377:2)
[  177111ms] Uncaught TypeError: Cannot read properties of undefined (reading '_currentLOD')
    at e._prepareRenderingManager (https://cdn.babylonjs.com/babylon.js:0:1473870)
    at e.render (https://cdn.babylonjs.com/babylon.js:0:1470701)
    at t._renderToTarget (https://cdn.babylonjs.com/babylon.js:0:944126)
    at t._render (https://cdn.babylonjs.com/babylon.js:0:942773)
    at t.render (https://cdn.babylonjs.com/babylon.js:0:941741)
    at e._renderForCamera (https://cdn.babylonjs.com/babylon.js:0:2917619)
    at e._processSubCameras (https://cdn.babylonjs.com/babylon.js:0:2919674)
    at e.render (https://cdn.babylonjs.com/babylon.js:0:2927939)
    at renderScene (http://localhost:5500/js/graphics.js?v=79:1288:10)
    at animate (http://localhost:5500/js/main.js?v=79:377:2)
[  177143ms] Uncaught TypeError: Cannot read properties of undefined (reading '_currentLOD')
    at e._prepareRenderingManager (https://cdn.babylonjs.com/babylon.js:0:1473870)
    at e.render (https://cdn.babylonjs.com/babylon.js:0:1470701)
    at t._renderToTarget (https://cdn.babylonjs.com/babylon.js:0:944126)
    at t._render (https://cdn.babylonjs.com/babylon.js:0:942773)
    at t.render (https://cdn.babylonjs.com/babylon.js:0:941741)
    at e._renderForCamera (https://cdn.babylonjs.com/babylon.js:0:2917619)
    at e._processSubCameras (https://cdn.babylonjs.com/babylon.js:0:2919674)
    at e.render (https://cdn.babylonjs.com/babylon.js:0:2927939)
    at renderScene (http://localhost:5500/js/graphics.js?v=79:1288:10)
    at animate (http://localhost:5500/js/main.js?v=79:377:2)
[  178156ms] Uncaught TypeError: Cannot read properties of undefined (reading '_currentLOD')
    at e._prepareRenderingManager (https://cdn.babylonjs.com/babylon.js:0:1473870)
    at e.render (https://cdn.babylonjs.com/babylon.js:0:1470701)
    at t._renderToTarget (https://cdn.babylonjs.com/babylon.js:0:944126)
    at t._render (https://cdn.babylonjs.com/babylon.js:0:942773)
    at t.render (https://cdn.babylonjs.com/babylon.js:0:941741)
    at e._renderForCamera (https://cdn.babylonjs.com/babylon.js:0:2917619)
    at e._processSubCameras (https://cdn.babylonjs.com/babylon.js:0:2919674)
    at e.render (https://cdn.babylonjs.com/babylon.js:0:2927939)
    at renderScene (http://localhost:5500/js/graphics.js?v=79:1288:10)
    at animate (http://localhost:5500/js/main.js?v=79:377:2)
[  179161ms] Uncaught TypeError: Cannot read properties of undefined (reading '_currentLOD')
    at e._prepareRenderingManager (https://cdn.babylonjs.com/babylon.js:0:1473870)
    at e.render (https://cdn.babylonjs.com/babylon.js:0:1470701)
    at t._renderToTarget (https://cdn.babylonjs.com/babylon.js:0:944126)
    at t._render (https://cdn.babylonjs.com/babylon.js:0:942773)
    at t.render (https://cdn.babylonjs.com/babylon.js:0:941741)
    at e._renderForCamera (https://cdn.babylonjs.com/babylon.js:0:2917619)
    at e._processSubCameras (https://cdn.babylonjs.com/babylon.js:0:2919674)
    at e.render (https://cdn.babylonjs.com/babylon.js:0:2927939)
    at renderScene (http://localhost:5500/js/graphics.js?v=79:1288:10)
    at animate (http://localhost:5500/js/main.js?v=79:377:2)
[  180164ms] Uncaught TypeError: Cannot read properties of undefined (reading '_currentLOD')
    at e._prepareRenderingManager (https://cdn.babylonjs.com/babylon.js:0:1473870)
    at e.render (https://cdn.babylonjs.com/babylon.js:0:1470701)
    at t._renderToTarget (https://cdn.babylonjs.com/babylon.js:0:944126)
    at t._render (https://cdn.babylonjs.com/babylon.js:0:942773)
    at t.render (https://cdn.babylonjs.com/babylon.js:0:941741)
    at e._renderForCamera (https://cdn.babylonjs.com/babylon.js:0:2917619)
    at e._processSubCameras (https://cdn.babylonjs.com/babylon.js:0:2919674)
    at e.render (https://cdn.babylonjs.com/babylon.js:0:2927939)
    at renderScene (http://localhost:5500/js/graphics.js?v=79:1288:10)
    at animate (http://localhost:5500/js/main.js?v=79:377:2)
[  181177ms] Uncaught TypeError: Cannot read properties of undefined (reading '_currentLOD')
    at e._prepareRenderingManager (https://cdn.babylonjs.com/babylon.js:0:1473870)
    at e.render (https://cdn.babylonjs.com/babylon.js:0:1470701)
    at t._renderToTarget (https://cdn.babylonjs.com/babylon.js:0:944126)
    at t._render (https://cdn.babylonjs.com/babylon.js:0:942773)
    at t.render (https://cdn.babylonjs.com/babylon.js:0:941741)
    at e._renderForCamera (https://cdn.babylonjs.com/babylon.js:0:2917619)
    at e._processSubCameras (https://cdn.babylonjs.com/babylon.js:0:2919674)
    at e.render (https://cdn.babylonjs.com/babylon.js:0:2927939)
    at renderScene (http://localhost:5500/js/graphics.js?v=79:1288:10)
    at animate (http://localhost:5500/js/main.js?v=79:377:2)
[  182179ms] Uncaught TypeError: Cannot read properties of undefined (reading '_currentLOD')
    at e._prepareRenderingManager (https://cdn.babylonjs.com/babylon.js:0:1473870)
    at e.render (https://cdn.babylonjs.com/babylon.js:0:1470701)
    at t._renderToTarget (https://cdn.babylonjs.com/babylon.js:0:944126)
    at t._render (https://cdn.babylonjs.com/babylon.js:0:942773)
    at t.render (https://cdn.babylonjs.com/babylon.js:0:941741)
    at e._renderForCamera (https://cdn.babylonjs.com/babylon.js:0:2917619)
    at e._processSubCameras (https://cdn.babylonjs.com/babylon.js:0:2919674)
    at e.render (https://cdn.babylonjs.com/babylon.js:0:2927939)
    at renderScene (http://localhost:5500/js/graphics.js?v=79:1288:10)
    at animate (http://localhost:5500/js/main.js?v=79:377:2)
[  183178ms] Uncaught TypeError: Cannot read properties of undefined (reading '_currentLOD')
    at e._prepareRenderingManager (https://cdn.babylonjs.com/babylon.js:0:1473870)
    at e.render (https://cdn.babylonjs.com/babylon.js:0:1470701)
    at t._renderToTarget (https://cdn.babylonjs.com/babylon.js:0:944126)
    at t._render (https://cdn.babylonjs.com/babylon.js:0:942773)
    at t.render (https://cdn.babylonjs.com/babylon.js:0:941741)
    at e._renderForCamera (https://cdn.babylonjs.com/babylon.js:0:2917619)
    at e._processSubCameras (https://cdn.babylonjs.com/babylon.js:0:2919674)
    at e.render (https://cdn.babylonjs.com/babylon.js:0:2927939)
    at renderScene (http://localhost:5500/js/graphics.js?v=79:1288:10)
    at animate (http://localhost:5500/js/main.js?v=79:377:2)
[  184196ms] Uncaught TypeError: Cannot read properties of undefined (reading '_currentLOD')
    at e._prepareRenderingManager (https://cdn.babylonjs.com/babylon.js:0:1473870)
    at e.render (https://cdn.babylonjs.com/babylon.js:0:1470701)
    at t._renderToTarget (https://cdn.babylonjs.com/babylon.js:0:944126)
    at t._render (https://cdn.babylonjs.com/babylon.js:0:942773)
    at t.render (https://cdn.babylonjs.com/babylon.js:0:941741)
    at e._renderForCamera (https://cdn.babylonjs.com/babylon.js:0:2917619)
    at e._processSubCameras (https://cdn.babylonjs.com/babylon.js:0:2919674)
    at e.render (https://cdn.babylonjs.com/babylon.js:0:2927939)
    at renderScene (http://localhost:5500/js/graphics.js?v=79:1288:10)
    at animate (http://localhost:5500/js/main.js?v=79:377:2)
[  185270ms] Uncaught TypeError: Cannot read properties of undefined (reading '_currentLOD')
    at e._prepareRenderingManager (https://cdn.babylonjs.com/babylon.js:0:1473870)
    at e.render (https://cdn.babylonjs.com/babylon.js:0:1470701)
    at t._renderToTarget (https://cdn.babylonjs.com/babylon.js:0:944126)
    at t._render (https://cdn.babylonjs.com/babylon.js:0:942773)
    at t.render (https://cdn.babylonjs.com/babylon.js:0:941741)
    at e._renderForCamera (https://cdn.babylonjs.com/babylon.js:0:2917619)
    at e._processSubCameras (https://cdn.babylonjs.com/babylon.js:0:2919674)
    at e.render (https://cdn.babylonjs.com/babylon.js:0:2927939)
    at renderScene (http://localhost:5500/js/graphics.js?v=79:1288:10)
    at animate (http://localhost:5500/js/main.js?v=79:377:2)
[  186204ms] Uncaught TypeError: Cannot read properties of undefined (reading '_currentLOD')
    at e._prepareRenderingManager (https://cdn.babylonjs.com/babylon.js:0:1473870)
    at e.render (https://cdn.babylonjs.com/babylon.js:0:1470701)
    at t._renderToTarget (https://cdn.babylonjs.com/babylon.js:0:944126)
    at t._render (https://cdn.babylonjs.com/babylon.js:0:942773)
    at t.render (https://cdn.babylonjs.com/babylon.js:0:941741)
    at e._renderForCamera (https://cdn.babylonjs.com/babylon.js:0:2917619)
    at e._processSubCameras (https://cdn.babylonjs.com/babylon.js:0:2919674)
    at e.render (https://cdn.babylonjs.com/babylon.js:0:2927939)
    at renderScene (http://localhost:5500/js/graphics.js?v=79:1288:10)
    at animate (http://localhost:5500/js/main.js?v=79:377:2)
[  187196ms] Uncaught TypeError: Cannot read properties of undefined (reading '_currentLOD')
    at e._prepareRenderingManager (https://cdn.babylonjs.com/babylon.js:0:1473870)
    at e.render (https://cdn.babylonjs.com/babylon.js:0:1470701)
    at t._renderToTarget (https://cdn.babylonjs.com/babylon.js:0:944126)
    at t._render (https://cdn.babylonjs.com/babylon.js:0:942773)
    at t.render (https://cdn.babylonjs.com/babylon.js:0:941741)
    at e._renderForCamera (https://cdn.babylonjs.com/babylon.js:0:2917619)
    at e._processSubCameras (https://cdn.babylonjs.com/babylon.js:0:2919674)
    at e.render (https://cdn.babylonjs.com/babylon.js:0:2927939)
    at renderScene (http://localhost:5500/js/graphics.js?v=79:1288:10)
    at animate (http://localhost:5500/js/main.js?v=79:377:2)
[  188211ms] Uncaught TypeError: Cannot read properties of undefined (reading '_currentLOD')
    at e._prepareRenderingManager (https://cdn.babylonjs.com/babylon.js:0:1473870)
    at e.render (https://cdn.babylonjs.com/babylon.js:0:1470701)
    at t._renderToTarget (https://cdn.babylonjs.com/babylon.js:0:944126)
    at t._render (https://cdn.babylonjs.com/babylon.js:0:942773)
    at t.render (https://cdn.babylonjs.com/babylon.js:0:941741)
    at e._renderForCamera (https://cdn.babylonjs.com/babylon.js:0:2917619)
    at e._processSubCameras (https://cdn.babylonjs.com/babylon.js:0:2919674)
    at e.render (https://cdn.babylonjs.com/babylon.js:0:2927939)
    at renderScene (http://localhost:5500/js/graphics.js?v=79:1288:10)
    at animate (http://localhost:5500/js/main.js?v=79:377:2)
[  189229ms] Uncaught TypeError: Cannot read properties of undefined (reading '_currentLOD')
    at e._prepareRenderingManager (https://cdn.babylonjs.com/babylon.js:0:1473870)
    at e.render (https://cdn.babylonjs.com/babylon.js:0:1470701)
    at t._renderToTarget (https://cdn.babylonjs.com/babylon.js:0:944126)
    at t._render (https://cdn.babylonjs.com/babylon.js:0:942773)
    at t.render (https://cdn.babylonjs.com/babylon.js:0:941741)
    at e._renderForCamera (https://cdn.babylonjs.com/babylon.js:0:2917619)
    at e._processSubCameras (https://cdn.babylonjs.com/babylon.js:0:2919674)
    at e.render (https://cdn.babylonjs.com/babylon.js:0:2927939)
    at renderScene (http://localhost:5500/js/graphics.js?v=79:1288:10)
    at animate (http://localhost:5500/js/main.js?v=79:377:2)
[  190249ms] Uncaught TypeError: Cannot read properties of undefined (reading '_currentLOD')
    at e._prepareRenderingManager (https://cdn.babylonjs.com/babylon.js:0:1473870)
    at e.render (https://cdn.babylonjs.com/babylon.js:0:1470701)
    at t._renderToTarget (https://cdn.babylonjs.com/babylon.js:0:944126)
    at t._render (https://cdn.babylonjs.com/babylon.js:0:942773)
    at t.render (https://cdn.babylonjs.com/babylon.js:0:941741)
    at e._renderForCamera (https://cdn.babylonjs.com/babylon.js:0:2917619)
    at e._processSubCameras (https://cdn.babylonjs.com/babylon.js:0:2919674)
    at e.render (https://cdn.babylonjs.com/babylon.js:0:2927939)
    at renderScene (http://localhost:5500/js/graphics.js?v=79:1288:10)
    at animate (http://localhost:5500/js/main.js?v=79:377:2)
[  191305ms] Uncaught TypeError: Cannot read properties of undefined (reading '_currentLOD')
    at e._prepareRenderingManager (https://cdn.babylonjs.com/babylon.js:0:1473870)
    at e.render (https://cdn.babylonjs.com/babylon.js:0:1470701)
    at t._renderToTarget (https://cdn.babylonjs.com/babylon.js:0:944126)
    at t._render (https://cdn.babylonjs.com/babylon.js:0:942773)
    at t.render (https://cdn.babylonjs.com/babylon.js:0:941741)
    at e._renderForCamera (https://cdn.babylonjs.com/babylon.js:0:2917619)
    at e._processSubCameras (https://cdn.babylonjs.com/babylon.js:0:2919674)
    at e.render (https://cdn.babylonjs.com/babylon.js:0:2927939)
    at renderScene (http://localhost:5500/js/graphics.js?v=79:1288:10)
    at animate (http://localhost:5500/js/main.js?v=79:377:2)
[  192268ms] Uncaught TypeError: Cannot read properties of undefined (reading '_currentLOD')
    at e._prepareRenderingManager (https://cdn.babylonjs.com/babylon.js:0:1473870)
    at e.render (https://cdn.babylonjs.com/babylon.js:0:1470701)
    at t._renderToTarget (https://cdn.babylonjs.com/babylon.js:0:944126)
    at t._render (https://cdn.babylonjs.com/babylon.js:0:942773)
    at t.render (https://cdn.babylonjs.com/babylon.js:0:941741)
    at e._renderForCamera (https://cdn.babylonjs.com/babylon.js:0:2917619)
    at e._processSubCameras (https://cdn.babylonjs.com/babylon.js:0:2919674)
    at e.render (https://cdn.babylonjs.com/babylon.js:0:2927939)
    at renderScene (http://localhost:5500/js/graphics.js?v=79:1288:10)
    at animate (http://localhost:5500/js/main.js?v=79:377:2)
[  193323ms] Uncaught TypeError: Cannot read properties of undefined (reading '_currentLOD')
    at e._prepareRenderingManager (https://cdn.babylonjs.com/babylon.js:0:1473870)
    at e.render (https://cdn.babylonjs.com/babylon.js:0:1470701)
    at t._renderToTarget (https://cdn.babylonjs.com/babylon.js:0:944126)
    at t._render (https://cdn.babylonjs.com/babylon.js:0:942773)
    at t.render (https://cdn.babylonjs.com/babylon.js:0:941741)
    at e._renderForCamera (https://cdn.babylonjs.com/babylon.js:0:2917619)
    at e._processSubCameras (https://cdn.babylonjs.com/babylon.js:0:2919674)
    at e.render (https://cdn.babylonjs.com/babylon.js:0:2927939)
    at renderScene (http://localhost:5500/js/graphics.js?v=79:1288:10)
    at animate (http://localhost:5500/js/main.js?v=79:377:2)
[  194353ms] Uncaught TypeError: Cannot read properties of undefined (reading '_currentLOD')
    at e._prepareRenderingManager (https://cdn.babylonjs.com/babylon.js:0:1473870)
    at e.render (https://cdn.babylonjs.com/babylon.js:0:1470701)
    at t._renderToTarget (https://cdn.babylonjs.com/babylon.js:0:944126)
    at t._render (https://cdn.babylonjs.com/babylon.js:0:942773)
    at t.render (https://cdn.babylonjs.com/babylon.js:0:941741)
    at e._renderForCamera (https://cdn.babylonjs.com/babylon.js:0:2917619)
    at e._processSubCameras (https://cdn.babylonjs.com/babylon.js:0:2919674)
    at e.render (https://cdn.babylonjs.com/babylon.js:0:2927939)
    at renderScene (http://localhost:5500/js/graphics.js?v=79:1288:10)
    at animate (http://localhost:5500/js/main.js?v=79:377:2)
[  195305ms] Uncaught TypeError: Cannot read properties of undefined (reading '_currentLOD')
    at e._prepareRenderingManager (https://cdn.babylonjs.com/babylon.js:0:1473870)
    at e.render (https://cdn.babylonjs.com/babylon.js:0:1470701)
    at t._renderToTarget (https://cdn.babylonjs.com/babylon.js:0:944126)
    at t._render (https://cdn.babylonjs.com/babylon.js:0:942773)
    at t.render (https://cdn.babylonjs.com/babylon.js:0:941741)
    at e._renderForCamera (https://cdn.babylonjs.com/babylon.js:0:2917619)
    at e._processSubCameras (https://cdn.babylonjs.com/babylon.js:0:2919674)
    at e.render (https://cdn.babylonjs.com/babylon.js:0:2927939)
    at renderScene (http://localhost:5500/js/graphics.js?v=79:1288:10)
    at animate (http://localhost:5500/js/main.js?v=79:377:2)
[  196318ms] Uncaught TypeError: Cannot read properties of undefined (reading '_currentLOD')
    at e._prepareRenderingManager (https://cdn.babylonjs.com/babylon.js:0:1473870)
    at e.render (https://cdn.babylonjs.com/babylon.js:0:1470701)
    at t._renderToTarget (https://cdn.babylonjs.com/babylon.js:0:944126)
    at t._render (https://cdn.babylonjs.com/babylon.js:0:942773)
    at t.render (https://cdn.babylonjs.com/babylon.js:0:941741)
    at e._renderForCamera (https://cdn.babylonjs.com/babylon.js:0:2917619)
    at e._processSubCameras (https://cdn.babylonjs.com/babylon.js:0:2919674)
    at e.render (https://cdn.babylonjs.com/babylon.js:0:2927939)
    at renderScene (http://localhost:5500/js/graphics.js?v=79:1288:10)
    at animate (http://localhost:5500/js/main.js?v=79:377:2)
[  197335ms] Uncaught TypeError: Cannot read properties of undefined (reading '_currentLOD')
    at e._prepareRenderingManager (https://cdn.babylonjs.com/babylon.js:0:1473870)
    at e.render (https://cdn.babylonjs.com/babylon.js:0:1470701)
    at t._renderToTarget (https://cdn.babylonjs.com/babylon.js:0:944126)
    at t._render (https://cdn.babylonjs.com/babylon.js:0:942773)
    at t.render (https://cdn.babylonjs.com/babylon.js:0:941741)
    at e._renderForCamera (https://cdn.babylonjs.com/babylon.js:0:2917619)
    at e._processSubCameras (https://cdn.babylonjs.com/babylon.js:0:2919674)
    at e.render (https://cdn.babylonjs.com/babylon.js:0:2927939)
    at renderScene (http://localhost:5500/js/graphics.js?v=79:1288:10)
    at animate (http://localhost:5500/js/main.js?v=79:377:2)
