[     624ms] [ERROR] Failed to load resource: the server responded with a status of 404 (Not Found) @ http://localhost:8890/favicon.ico:0
[    6224ms] [ERROR] Failed to load resource: the server responded with a status of 404 (Not Found) @ http://localhost:8890/models/env-windmill.glb:0
[    6225ms] [WARNING] Failed to load env model windmill: undefined @ http://localhost:8890/js/kart.js?v=12:153
[    6992ms] [WARNING] THREE.MeshLambertMaterial: 'metalness' is not a property of this material. @ https://cdnjs.cloudflare.com/ajax/libs/three.js/r128/three.min.js:5
[    6993ms] [WARNING] THREE.MeshLambertMaterial: 'roughness' is not a property of this material. @ https://cdnjs.cloudflare.com/ajax/libs/three.js/r128/three.min.js:5
[    6993ms] [WARNING] THREE.MeshLambertMaterial: 'metalness' is not a property of this material. @ https://cdnjs.cloudflare.com/ajax/libs/three.js/r128/three.min.js:5
[    6993ms] [WARNING] THREE.MeshLambertMaterial: 'roughness' is not a property of this material. @ https://cdnjs.cloudflare.com/ajax/libs/three.js/r128/three.min.js:5
[    6993ms] [WARNING] THREE.MeshLambertMaterial: 'metalness' is not a property of this material. @ https://cdnjs.cloudflare.com/ajax/libs/three.js/r128/three.min.js:5
[    6993ms] [WARNING] THREE.MeshLambertMaterial: 'roughness' is not a property of this material. @ https://cdnjs.cloudflare.com/ajax/libs/three.js/r128/three.min.js:5
[    6993ms] [WARNING] THREE.MeshLambertMaterial: 'metalness' is not a property of this material. @ https://cdnjs.cloudflare.com/ajax/libs/three.js/r128/three.min.js:5
[    6993ms] [WARNING] THREE.MeshLambertMaterial: 'roughness' is not a property of this material. @ https://cdnjs.cloudflare.com/ajax/libs/three.js/r128/three.min.js:5
[    6993ms] [WARNING] THREE.MeshLambertMaterial: 'metalness' is not a property of this material. @ https://cdnjs.cloudflare.com/ajax/libs/three.js/r128/three.min.js:5
[    6994ms] [WARNING] THREE.MeshLambertMaterial: 'roughness' is not a property of this material. @ https://cdnjs.cloudflare.com/ajax/libs/three.js/r128/three.min.js:5
[    6994ms] [WARNING] THREE.MeshLambertMaterial: 'metalness' is not a property of this material. @ https://cdnjs.cloudflare.com/ajax/libs/three.js/r128/three.min.js:5
[    6994ms] [WARNING] THREE.MeshLambertMaterial: 'roughness' is not a property of this material. @ https://cdnjs.cloudflare.com/ajax/libs/three.js/r128/three.min.js:5
[    6994ms] [WARNING] THREE.MeshLambertMaterial: 'metalness' is not a property of this material. @ https://cdnjs.cloudflare.com/ajax/libs/three.js/r128/three.min.js:5
[    6994ms] [WARNING] THREE.MeshLambertMaterial: 'roughness' is not a property of this material. @ https://cdnjs.cloudflare.com/ajax/libs/three.js/r128/three.min.js:5
[    6994ms] [WARNING] THREE.MeshLambertMaterial: 'metalness' is not a property of this material. @ https://cdnjs.cloudflare.com/ajax/libs/three.js/r128/three.min.js:5
[    6994ms] [WARNING] THREE.MeshLambertMaterial: 'roughness' is not a property of this material. @ https://cdnjs.cloudflare.com/ajax/libs/three.js/r128/three.min.js:5
[    6994ms] [WARNING] THREE.MeshLambertMaterial: 'metalness' is not a property of this material. @ https://cdnjs.cloudflare.com/ajax/libs/three.js/r128/three.min.js:5
[    6994ms] [WARNING] THREE.MeshLambertMaterial: 'roughness' is not a property of this material. @ https://cdnjs.cloudflare.com/ajax/libs/three.js/r128/three.min.js:5
[    6995ms] [WARNING] THREE.MeshLambertMaterial: 'metalness' is not a property of this material. @ https://cdnjs.cloudflare.com/ajax/libs/three.js/r128/three.min.js:5
[    6995ms] [WARNING] THREE.MeshLambertMaterial: 'roughness' is not a property of this material. @ https://cdnjs.cloudflare.com/ajax/libs/three.js/r128/three.min.js:5
[    6995ms] [WARNING] THREE.MeshLambertMaterial: 'metalness' is not a property of this material. @ https://cdnjs.cloudflare.com/ajax/libs/three.js/r128/three.min.js:5
[    6995ms] [WARNING] THREE.MeshLambertMaterial: 'roughness' is not a property of this material. @ https://cdnjs.cloudflare.com/ajax/libs/three.js/r128/three.min.js:5
[    6995ms] [WARNING] THREE.MeshLambertMaterial: 'metalness' is not a property of this material. @ https://cdnjs.cloudflare.com/ajax/libs/three.js/r128/three.min.js:5
[    6995ms] [WARNING] THREE.MeshLambertMaterial: 'roughness' is not a property of this material. @ https://cdnjs.cloudflare.com/ajax/libs/three.js/r128/three.min.js:5
[    6995ms] [WARNING] THREE.MeshLambertMaterial: 'metalness' is not a property of this material. @ https://cdnjs.cloudflare.com/ajax/libs/three.js/r128/three.min.js:5
[    6995ms] [WARNING] THREE.MeshLambertMaterial: 'roughness' is not a property of this material. @ https://cdnjs.cloudflare.com/ajax/libs/three.js/r128/three.min.js:5
[    6995ms] [WARNING] THREE.MeshLambertMaterial: 'metalness' is not a property of this material. @ https://cdnjs.cloudflare.com/ajax/libs/three.js/r128/three.min.js:5
[    6995ms] [WARNING] THREE.MeshLambertMaterial: 'roughness' is not a property of this material. @ https://cdnjs.cloudflare.com/ajax/libs/three.js/r128/three.min.js:5
[    6995ms] [WARNING] THREE.MeshLambertMaterial: 'metalness' is not a property of this material. @ https://cdnjs.cloudflare.com/ajax/libs/three.js/r128/three.min.js:5
[    6995ms] [WARNING] THREE.MeshLambertMaterial: 'roughness' is not a property of this material. @ https://cdnjs.cloudflare.com/ajax/libs/three.js/r128/three.min.js:5
[    6995ms] [WARNING] THREE.MeshLambertMaterial: 'metalness' is not a property of this material. @ https://cdnjs.cloudflare.com/ajax/libs/three.js/r128/three.min.js:5
[    6995ms] [WARNING] THREE.MeshLambertMaterial: 'roughness' is not a property of this material. @ https://cdnjs.cloudflare.com/ajax/libs/three.js/r128/three.min.js:5
[    6995ms] [WARNING] THREE.MeshLambertMaterial: 'metalness' is not a property of this material. @ https://cdnjs.cloudflare.com/ajax/libs/three.js/r128/three.min.js:5
[    6996ms] [WARNING] THREE.MeshLambertMaterial: 'roughness' is not a property of this material. @ https://cdnjs.cloudflare.com/ajax/libs/three.js/r128/three.min.js:5
[    6996ms] [WARNING] THREE.MeshLambertMaterial: 'metalness' is not a property of this material. @ https://cdnjs.cloudflare.com/ajax/libs/three.js/r128/three.min.js:5
[    6996ms] [WARNING] THREE.MeshLambertMaterial: 'roughness' is not a property of this material. @ https://cdnjs.cloudflare.com/ajax/libs/three.js/r128/three.min.js:5
[    6996ms] [WARNING] THREE.MeshLambertMaterial: 'metalness' is not a property of this material. @ https://cdnjs.cloudflare.com/ajax/libs/three.js/r128/three.min.js:5
[    6996ms] [WARNING] THREE.MeshLambertMaterial: 'roughness' is not a property of this material. @ https://cdnjs.cloudflare.com/ajax/libs/three.js/r128/three.min.js:5
[    6996ms] [WARNING] THREE.MeshLambertMaterial: 'metalness' is not a property of this material. @ https://cdnjs.cloudflare.com/ajax/libs/three.js/r128/three.min.js:5
[    6996ms] [WARNING] THREE.MeshLambertMaterial: 'roughness' is not a property of this material. @ https://cdnjs.cloudflare.com/ajax/libs/three.js/r128/three.min.js:5
[    6996ms] [WARNING] THREE.MeshLambertMaterial: 'metalness' is not a property of this material. @ https://cdnjs.cloudflare.com/ajax/libs/three.js/r128/three.min.js:5
[    6996ms] [WARNING] THREE.MeshLambertMaterial: 'roughness' is not a property of this material. @ https://cdnjs.cloudflare.com/ajax/libs/three.js/r128/three.min.js:5
[    6996ms] [WARNING] THREE.MeshLambertMaterial: 'metalness' is not a property of this material. @ https://cdnjs.cloudflare.com/ajax/libs/three.js/r128/three.min.js:5
[    6996ms] [WARNING] THREE.MeshLambertMaterial: 'roughness' is not a property of this material. @ https://cdnjs.cloudflare.com/ajax/libs/three.js/r128/three.min.js:5
[    6997ms] [WARNING] THREE.MeshLambertMaterial: 'metalness' is not a property of this material. @ https://cdnjs.cloudflare.com/ajax/libs/three.js/r128/three.min.js:5
[    6997ms] [WARNING] THREE.MeshLambertMaterial: 'roughness' is not a property of this material. @ https://cdnjs.cloudflare.com/ajax/libs/three.js/r128/three.min.js:5
[    6997ms] [WARNING] THREE.MeshLambertMaterial: 'metalness' is not a property of this material. @ https://cdnjs.cloudflare.com/ajax/libs/three.js/r128/three.min.js:5
[    6997ms] [WARNING] THREE.MeshLambertMaterial: 'roughness' is not a property of this material. @ https://cdnjs.cloudflare.com/ajax/libs/three.js/r128/three.min.js:5
[    6997ms] [WARNING] THREE.MeshLambertMaterial: 'metalness' is not a property of this material. @ https://cdnjs.cloudflare.com/ajax/libs/three.js/r128/three.min.js:5
[    6997ms] [WARNING] THREE.MeshLambertMaterial: 'roughness' is not a property of this material. @ https://cdnjs.cloudflare.com/ajax/libs/three.js/r128/three.min.js:5
[    6997ms] [WARNING] THREE.MeshLambertMaterial: 'metalness' is not a property of this material. @ https://cdnjs.cloudflare.com/ajax/libs/three.js/r128/three.min.js:5
[    6997ms] [WARNING] THREE.MeshLambertMaterial: 'roughness' is not a property of this material. @ https://cdnjs.cloudflare.com/ajax/libs/three.js/r128/three.min.js:5
[    6997ms] [WARNING] THREE.MeshLambertMaterial: 'metalness' is not a property of this material. @ https://cdnjs.cloudflare.com/ajax/libs/three.js/r128/three.min.js:5
[    6997ms] [WARNING] THREE.MeshLambertMaterial: 'roughness' is not a property of this material. @ https://cdnjs.cloudflare.com/ajax/libs/three.js/r128/three.min.js:5
[    6998ms] [WARNING] THREE.MeshLambertMaterial: 'metalness' is not a property of this material. @ https://cdnjs.cloudflare.com/ajax/libs/three.js/r128/three.min.js:5
[    6998ms] [WARNING] THREE.MeshLambertMaterial: 'roughness' is not a property of this material. @ https://cdnjs.cloudflare.com/ajax/libs/three.js/r128/three.min.js:5
[    6998ms] [WARNING] THREE.MeshLambertMaterial: 'metalness' is not a property of this material. @ https://cdnjs.cloudflare.com/ajax/libs/three.js/r128/three.min.js:5
[    6998ms] [WARNING] THREE.MeshLambertMaterial: 'roughness' is not a property of this material. @ https://cdnjs.cloudflare.com/ajax/libs/three.js/r128/three.min.js:5
[    6998ms] [WARNING] THREE.MeshLambertMaterial: 'metalness' is not a property of this material. @ https://cdnjs.cloudflare.com/ajax/libs/three.js/r128/three.min.js:5
[    6998ms] [WARNING] THREE.MeshLambertMaterial: 'roughness' is not a property of this material. @ https://cdnjs.cloudflare.com/ajax/libs/three.js/r128/three.min.js:5
[    6998ms] [WARNING] THREE.MeshLambertMaterial: 'metalness' is not a property of this material. @ https://cdnjs.cloudflare.com/ajax/libs/three.js/r128/three.min.js:5
[    6998ms] [WARNING] THREE.MeshLambertMaterial: 'roughness' is not a property of this material. @ https://cdnjs.cloudflare.com/ajax/libs/three.js/r128/three.min.js:5
[    6998ms] [WARNING] THREE.MeshLambertMaterial: 'metalness' is not a property of this material. @ https://cdnjs.cloudflare.com/ajax/libs/three.js/r128/three.min.js:5
[    6998ms] [WARNING] THREE.MeshLambertMaterial: 'roughness' is not a property of this material. @ https://cdnjs.cloudflare.com/ajax/libs/three.js/r128/three.min.js:5
[    6998ms] [WARNING] THREE.MeshLambertMaterial: 'metalness' is not a property of this material. @ https://cdnjs.cloudflare.com/ajax/libs/three.js/r128/three.min.js:5
[    6998ms] [WARNING] THREE.MeshLambertMaterial: 'roughness' is not a property of this material. @ https://cdnjs.cloudflare.com/ajax/libs/three.js/r128/three.min.js:5
[    6998ms] [WARNING] THREE.MeshLambertMaterial: 'metalness' is not a property of this material. @ https://cdnjs.cloudflare.com/ajax/libs/three.js/r128/three.min.js:5
[    6998ms] [WARNING] THREE.MeshLambertMaterial: 'roughness' is not a property of this material. @ https://cdnjs.cloudflare.com/ajax/libs/three.js/r128/three.min.js:5
[    6998ms] [WARNING] THREE.MeshLambertMaterial: 'metalness' is not a property of this material. @ https://cdnjs.cloudflare.com/ajax/libs/three.js/r128/three.min.js:5
[    6999ms] [WARNING] THREE.MeshLambertMaterial: 'roughness' is not a property of this material. @ https://cdnjs.cloudflare.com/ajax/libs/three.js/r128/three.min.js:5
[    6999ms] [WARNING] THREE.MeshLambertMaterial: 'metalness' is not a property of this material. @ https://cdnjs.cloudflare.com/ajax/libs/three.js/r128/three.min.js:5
[    6999ms] [WARNING] THREE.MeshLambertMaterial: 'roughness' is not a property of this material. @ https://cdnjs.cloudflare.com/ajax/libs/three.js/r128/three.min.js:5
[    6999ms] [WARNING] THREE.MeshLambertMaterial: 'metalness' is not a property of this material. @ https://cdnjs.cloudflare.com/ajax/libs/three.js/r128/three.min.js:5
[    6999ms] [WARNING] THREE.MeshLambertMaterial: 'roughness' is not a property of this material. @ https://cdnjs.cloudflare.com/ajax/libs/three.js/r128/three.min.js:5
[    6999ms] [WARNING] THREE.MeshLambertMaterial: 'metalness' is not a property of this material. @ https://cdnjs.cloudflare.com/ajax/libs/three.js/r128/three.min.js:5
[    6999ms] [WARNING] THREE.MeshLambertMaterial: 'roughness' is not a property of this material. @ https://cdnjs.cloudflare.com/ajax/libs/three.js/r128/three.min.js:5
[    6999ms] [WARNING] THREE.MeshLambertMaterial: 'metalness' is not a property of this material. @ https://cdnjs.cloudflare.com/ajax/libs/three.js/r128/three.min.js:5
[    6999ms] [WARNING] THREE.MeshLambertMaterial: 'roughness' is not a property of this material. @ https://cdnjs.cloudflare.com/ajax/libs/three.js/r128/three.min.js:5
[    6999ms] [WARNING] THREE.MeshLambertMaterial: 'metalness' is not a property of this material. @ https://cdnjs.cloudflare.com/ajax/libs/three.js/r128/three.min.js:5
[    6999ms] [WARNING] THREE.MeshLambertMaterial: 'roughness' is not a property of this material. @ https://cdnjs.cloudflare.com/ajax/libs/three.js/r128/three.min.js:5
[    6999ms] [WARNING] THREE.MeshLambertMaterial: 'metalness' is not a property of this material. @ https://cdnjs.cloudflare.com/ajax/libs/three.js/r128/three.min.js:5
[    6999ms] [WARNING] THREE.MeshLambertMaterial: 'roughness' is not a property of this material. @ https://cdnjs.cloudflare.com/ajax/libs/three.js/r128/three.min.js:5
[    7000ms] [WARNING] THREE.MeshLambertMaterial: 'metalness' is not a property of this material. @ https://cdnjs.cloudflare.com/ajax/libs/three.js/r128/three.min.js:5
[    7000ms] [WARNING] THREE.MeshLambertMaterial: 'roughness' is not a property of this material. @ https://cdnjs.cloudflare.com/ajax/libs/three.js/r128/three.min.js:5
[    7000ms] [WARNING] THREE.MeshLambertMaterial: 'metalness' is not a property of this material. @ https://cdnjs.cloudflare.com/ajax/libs/three.js/r128/three.min.js:5
[    7000ms] [WARNING] THREE.MeshLambertMaterial: 'roughness' is not a property of this material. @ https://cdnjs.cloudflare.com/ajax/libs/three.js/r128/three.min.js:5
[    7000ms] [WARNING] THREE.MeshLambertMaterial: 'metalness' is not a property of this material. @ https://cdnjs.cloudflare.com/ajax/libs/three.js/r128/three.min.js:5
[    7000ms] [WARNING] THREE.MeshLambertMaterial: 'roughness' is not a property of this material. @ https://cdnjs.cloudflare.com/ajax/libs/three.js/r128/three.min.js:5
[    7000ms] [WARNING] THREE.MeshLambertMaterial: 'metalness' is not a property of this material. @ https://cdnjs.cloudflare.com/ajax/libs/three.js/r128/three.min.js:5
[    7000ms] [WARNING] THREE.MeshLambertMaterial: 'roughness' is not a property of this material. @ https://cdnjs.cloudflare.com/ajax/libs/three.js/r128/three.min.js:5
[    7000ms] [WARNING] THREE.MeshLambertMaterial: 'metalness' is not a property of this material. @ https://cdnjs.cloudflare.com/ajax/libs/three.js/r128/three.min.js:5
[    7000ms] [WARNING] THREE.MeshLambertMaterial: 'roughness' is not a property of this material. @ https://cdnjs.cloudflare.com/ajax/libs/three.js/r128/three.min.js:5
[    7000ms] [WARNING] THREE.MeshLambertMaterial: 'metalness' is not a property of this material. @ https://cdnjs.cloudflare.com/ajax/libs/three.js/r128/three.min.js:5
[    7000ms] [WARNING] THREE.MeshLambertMaterial: 'roughness' is not a property of this material. @ https://cdnjs.cloudflare.com/ajax/libs/three.js/r128/three.min.js:5
[    7001ms] [WARNING] THREE.MeshLambertMaterial: 'metalness' is not a property of this material. @ https://cdnjs.cloudflare.com/ajax/libs/three.js/r128/three.min.js:5
[    7001ms] [WARNING] THREE.MeshLambertMaterial: 'roughness' is not a property of this material. @ https://cdnjs.cloudflare.com/ajax/libs/three.js/r128/three.min.js:5
[    7001ms] [WARNING] THREE.MeshLambertMaterial: 'metalness' is not a property of this material. @ https://cdnjs.cloudflare.com/ajax/libs/three.js/r128/three.min.js:5
[    7001ms] [WARNING] THREE.MeshLambertMaterial: 'roughness' is not a property of this material. @ https://cdnjs.cloudflare.com/ajax/libs/three.js/r128/three.min.js:5
[    7001ms] [WARNING] THREE.MeshLambertMaterial: 'metalness' is not a property of this material. @ https://cdnjs.cloudflare.com/ajax/libs/three.js/r128/three.min.js:5
[    7001ms] [WARNING] THREE.MeshLambertMaterial: 'roughness' is not a property of this material. @ https://cdnjs.cloudflare.com/ajax/libs/three.js/r128/three.min.js:5
[    7001ms] [WARNING] THREE.MeshLambertMaterial: 'metalness' is not a property of this material. @ https://cdnjs.cloudflare.com/ajax/libs/three.js/r128/three.min.js:5
[    7001ms] [WARNING] THREE.MeshLambertMaterial: 'roughness' is not a property of this material. @ https://cdnjs.cloudflare.com/ajax/libs/three.js/r128/three.min.js:5
[    7001ms] [WARNING] THREE.MeshLambertMaterial: 'metalness' is not a property of this material. @ https://cdnjs.cloudflare.com/ajax/libs/three.js/r128/three.min.js:5
[    7001ms] [WARNING] THREE.MeshLambertMaterial: 'roughness' is not a property of this material. @ https://cdnjs.cloudflare.com/ajax/libs/three.js/r128/three.min.js:5
[    7001ms] [WARNING] THREE.MeshLambertMaterial: 'metalness' is not a property of this material. @ https://cdnjs.cloudflare.com/ajax/libs/three.js/r128/three.min.js:5
[    7001ms] [WARNING] THREE.MeshLambertMaterial: 'roughness' is not a property of this material. @ https://cdnjs.cloudflare.com/ajax/libs/three.js/r128/three.min.js:5
[    7001ms] [WARNING] THREE.MeshLambertMaterial: 'metalness' is not a property of this material. @ https://cdnjs.cloudflare.com/ajax/libs/three.js/r128/three.min.js:5
[    7001ms] [WARNING] THREE.MeshLambertMaterial: 'roughness' is not a property of this material. @ https://cdnjs.cloudflare.com/ajax/libs/three.js/r128/three.min.js:5
[    7001ms] [WARNING] THREE.MeshLambertMaterial: 'metalness' is not a property of this material. @ https://cdnjs.cloudflare.com/ajax/libs/three.js/r128/three.min.js:5
[    7001ms] [WARNING] THREE.MeshLambertMaterial: 'roughness' is not a property of this material. @ https://cdnjs.cloudflare.com/ajax/libs/three.js/r128/three.min.js:5
[    7002ms] [WARNING] THREE.MeshLambertMaterial: 'metalness' is not a property of this material. @ https://cdnjs.cloudflare.com/ajax/libs/three.js/r128/three.min.js:5
[    7002ms] [WARNING] THREE.MeshLambertMaterial: 'roughness' is not a property of this material. @ https://cdnjs.cloudflare.com/ajax/libs/three.js/r128/three.min.js:5
[    7002ms] [WARNING] THREE.MeshLambertMaterial: 'metalness' is not a property of this material. @ https://cdnjs.cloudflare.com/ajax/libs/three.js/r128/three.min.js:5
[    7002ms] [WARNING] THREE.MeshLambertMaterial: 'roughness' is not a property of this material. @ https://cdnjs.cloudflare.com/ajax/libs/three.js/r128/three.min.js:5
[    7002ms] [WARNING] THREE.MeshLambertMaterial: 'metalness' is not a property of this material. @ https://cdnjs.cloudflare.com/ajax/libs/three.js/r128/three.min.js:5
[    7002ms] [WARNING] THREE.MeshLambertMaterial: 'roughness' is not a property of this material. @ https://cdnjs.cloudflare.com/ajax/libs/three.js/r128/three.min.js:5
[    7002ms] [WARNING] THREE.MeshLambertMaterial: 'metalness' is not a property of this material. @ https://cdnjs.cloudflare.com/ajax/libs/three.js/r128/three.min.js:5
[    7002ms] [WARNING] THREE.MeshLambertMaterial: 'roughness' is not a property of this material. @ https://cdnjs.cloudflare.com/ajax/libs/three.js/r128/three.min.js:5
[    7002ms] [WARNING] THREE.MeshLambertMaterial: 'metalness' is not a property of this material. @ https://cdnjs.cloudflare.com/ajax/libs/three.js/r128/three.min.js:5
[    7002ms] [WARNING] THREE.MeshLambertMaterial: 'roughness' is not a property of this material. @ https://cdnjs.cloudflare.com/ajax/libs/three.js/r128/three.min.js:5
[    7002ms] [WARNING] THREE.MeshLambertMaterial: 'metalness' is not a property of this material. @ https://cdnjs.cloudflare.com/ajax/libs/three.js/r128/three.min.js:5
[    7002ms] [WARNING] THREE.MeshLambertMaterial: 'roughness' is not a property of this material. @ https://cdnjs.cloudflare.com/ajax/libs/three.js/r128/three.min.js:5
[    7002ms] [WARNING] THREE.MeshLambertMaterial: 'metalness' is not a property of this material. @ https://cdnjs.cloudflare.com/ajax/libs/three.js/r128/three.min.js:5
[    7003ms] [WARNING] THREE.MeshLambertMaterial: 'roughness' is not a property of this material. @ https://cdnjs.cloudflare.com/ajax/libs/three.js/r128/three.min.js:5
[    7003ms] [WARNING] THREE.MeshLambertMaterial: 'metalness' is not a property of this material. @ https://cdnjs.cloudflare.com/ajax/libs/three.js/r128/three.min.js:5
[    7003ms] [WARNING] THREE.MeshLambertMaterial: 'roughness' is not a property of this material. @ https://cdnjs.cloudflare.com/ajax/libs/three.js/r128/three.min.js:5
[    7003ms] [WARNING] THREE.MeshLambertMaterial: 'metalness' is not a property of this material. @ https://cdnjs.cloudflare.com/ajax/libs/three.js/r128/three.min.js:5
[    7003ms] [WARNING] THREE.MeshLambertMaterial: 'roughness' is not a property of this material. @ https://cdnjs.cloudflare.com/ajax/libs/three.js/r128/three.min.js:5
[    7004ms] [WARNING] THREE.MeshLambertMaterial: 'metalness' is not a property of this material. @ https://cdnjs.cloudflare.com/ajax/libs/three.js/r128/three.min.js:5
[    7004ms] [WARNING] THREE.MeshLambertMaterial: 'roughness' is not a property of this material. @ https://cdnjs.cloudflare.com/ajax/libs/three.js/r128/three.min.js:5
[    7004ms] [WARNING] THREE.MeshLambertMaterial: 'metalness' is not a property of this material. @ https://cdnjs.cloudflare.com/ajax/libs/three.js/r128/three.min.js:5
[    7004ms] [WARNING] THREE.MeshLambertMaterial: 'roughness' is not a property of this material. @ https://cdnjs.cloudflare.com/ajax/libs/three.js/r128/three.min.js:5
[    7004ms] [WARNING] THREE.MeshLambertMaterial: 'metalness' is not a property of this material. @ https://cdnjs.cloudflare.com/ajax/libs/three.js/r128/three.min.js:5
[    7004ms] [WARNING] THREE.MeshLambertMaterial: 'roughness' is not a property of this material. @ https://cdnjs.cloudflare.com/ajax/libs/three.js/r128/three.min.js:5
[    7004ms] [WARNING] THREE.MeshLambertMaterial: 'metalness' is not a property of this material. @ https://cdnjs.cloudflare.com/ajax/libs/three.js/r128/three.min.js:5
[    7004ms] [WARNING] THREE.MeshLambertMaterial: 'roughness' is not a property of this material. @ https://cdnjs.cloudflare.com/ajax/libs/three.js/r128/three.min.js:5
[    7005ms] [WARNING] THREE.MeshLambertMaterial: 'metalness' is not a property of this material. @ https://cdnjs.cloudflare.com/ajax/libs/three.js/r128/three.min.js:5
[    7005ms] [WARNING] THREE.MeshLambertMaterial: 'roughness' is not a property of this material. @ https://cdnjs.cloudflare.com/ajax/libs/three.js/r128/three.min.js:5
[    7006ms] [WARNING] THREE.MeshLambertMaterial: 'metalness' is not a property of this material. @ https://cdnjs.cloudflare.com/ajax/libs/three.js/r128/three.min.js:5
[    7006ms] [WARNING] THREE.MeshLambertMaterial: 'roughness' is not a property of this material. @ https://cdnjs.cloudflare.com/ajax/libs/three.js/r128/three.min.js:5
[    7007ms] [WARNING] THREE.MeshLambertMaterial: 'metalness' is not a property of this material. @ https://cdnjs.cloudflare.com/ajax/libs/three.js/r128/three.min.js:5
[    7007ms] [WARNING] THREE.MeshLambertMaterial: 'roughness' is not a property of this material. @ https://cdnjs.cloudflare.com/ajax/libs/three.js/r128/three.min.js:5
[    7007ms] [WARNING] THREE.MeshLambertMaterial: 'metalness' is not a property of this material. @ https://cdnjs.cloudflare.com/ajax/libs/three.js/r128/three.min.js:5
[    7007ms] [WARNING] THREE.MeshLambertMaterial: 'roughness' is not a property of this material. @ https://cdnjs.cloudflare.com/ajax/libs/three.js/r128/three.min.js:5
[    7007ms] [WARNING] THREE.MeshLambertMaterial: 'metalness' is not a property of this material. @ https://cdnjs.cloudflare.com/ajax/libs/three.js/r128/three.min.js:5
[    7007ms] [WARNING] THREE.MeshLambertMaterial: 'roughness' is not a property of this material. @ https://cdnjs.cloudflare.com/ajax/libs/three.js/r128/three.min.js:5
[    7007ms] [WARNING] THREE.MeshLambertMaterial: 'metalness' is not a property of this material. @ https://cdnjs.cloudflare.com/ajax/libs/three.js/r128/three.min.js:5
[    7007ms] [WARNING] THREE.MeshLambertMaterial: 'roughness' is not a property of this material. @ https://cdnjs.cloudflare.com/ajax/libs/three.js/r128/three.min.js:5
[    7008ms] [WARNING] THREE.MeshLambertMaterial: 'metalness' is not a property of this material. @ https://cdnjs.cloudflare.com/ajax/libs/three.js/r128/three.min.js:5
[    7008ms] [WARNING] THREE.MeshLambertMaterial: 'roughness' is not a property of this material. @ https://cdnjs.cloudflare.com/ajax/libs/three.js/r128/three.min.js:5
[    7008ms] [WARNING] THREE.MeshLambertMaterial: 'metalness' is not a property of this material. @ https://cdnjs.cloudflare.com/ajax/libs/three.js/r128/three.min.js:5
[    7008ms] [WARNING] THREE.MeshLambertMaterial: 'roughness' is not a property of this material. @ https://cdnjs.cloudflare.com/ajax/libs/three.js/r128/three.min.js:5
[    7008ms] [WARNING] THREE.MeshLambertMaterial: 'metalness' is not a property of this material. @ https://cdnjs.cloudflare.com/ajax/libs/three.js/r128/three.min.js:5
[    7008ms] [WARNING] THREE.MeshLambertMaterial: 'roughness' is not a property of this material. @ https://cdnjs.cloudflare.com/ajax/libs/three.js/r128/three.min.js:5
[    7008ms] [WARNING] THREE.MeshLambertMaterial: 'metalness' is not a property of this material. @ https://cdnjs.cloudflare.com/ajax/libs/three.js/r128/three.min.js:5
[    7009ms] [WARNING] THREE.MeshLambertMaterial: 'roughness' is not a property of this material. @ https://cdnjs.cloudflare.com/ajax/libs/three.js/r128/three.min.js:5
[    7010ms] [WARNING] THREE.MeshLambertMaterial: 'metalness' is not a property of this material. @ https://cdnjs.cloudflare.com/ajax/libs/three.js/r128/three.min.js:5
[    7010ms] [WARNING] THREE.MeshLambertMaterial: 'roughness' is not a property of this material. @ https://cdnjs.cloudflare.com/ajax/libs/three.js/r128/three.min.js:5
[    7016ms] [WARNING] THREE.MeshLambertMaterial: 'roughness' is not a property of this material. @ https://cdnjs.cloudflare.com/ajax/libs/three.js/r128/three.min.js:5
[    7016ms] [WARNING] THREE.MeshLambertMaterial: 'roughness' is not a property of this material. @ https://cdnjs.cloudflare.com/ajax/libs/three.js/r128/three.min.js:5
[    7016ms] [WARNING] THREE.MeshLambertMaterial: 'roughness' is not a property of this material. @ https://cdnjs.cloudflare.com/ajax/libs/three.js/r128/three.min.js:5
[    7016ms] [WARNING] THREE.MeshLambertMaterial: 'roughness' is not a property of this material. @ https://cdnjs.cloudflare.com/ajax/libs/three.js/r128/three.min.js:5
[    7017ms] [WARNING] THREE.MeshLambertMaterial: 'roughness' is not a property of this material. @ https://cdnjs.cloudflare.com/ajax/libs/three.js/r128/three.min.js:5
[    7017ms] [WARNING] THREE.MeshLambertMaterial: 'roughness' is not a property of this material. @ https://cdnjs.cloudflare.com/ajax/libs/three.js/r128/three.min.js:5
[    7017ms] [WARNING] THREE.MeshLambertMaterial: 'roughness' is not a property of this material. @ https://cdnjs.cloudflare.com/ajax/libs/three.js/r128/three.min.js:5
[    7017ms] [WARNING] THREE.MeshLambertMaterial: 'roughness' is not a property of this material. @ https://cdnjs.cloudflare.com/ajax/libs/three.js/r128/three.min.js:5
[    7017ms] [WARNING] THREE.MeshLambertMaterial: 'roughness' is not a property of this material. @ https://cdnjs.cloudflare.com/ajax/libs/three.js/r128/three.min.js:5
[    7017ms] [WARNING] THREE.MeshLambertMaterial: 'roughness' is not a property of this material. @ https://cdnjs.cloudflare.com/ajax/libs/three.js/r128/three.min.js:5
[    7017ms] [WARNING] THREE.MeshLambertMaterial: 'roughness' is not a property of this material. @ https://cdnjs.cloudflare.com/ajax/libs/three.js/r128/three.min.js:5
[    7017ms] [WARNING] THREE.MeshLambertMaterial: 'roughness' is not a property of this material. @ https://cdnjs.cloudflare.com/ajax/libs/three.js/r128/three.min.js:5
[    7017ms] [WARNING] THREE.MeshLambertMaterial: 'roughness' is not a property of this material. @ https://cdnjs.cloudflare.com/ajax/libs/three.js/r128/three.min.js:5
[    7017ms] [WARNING] THREE.MeshLambertMaterial: 'roughness' is not a property of this material. @ https://cdnjs.cloudflare.com/ajax/libs/three.js/r128/three.min.js:5
[    7017ms] [WARNING] THREE.MeshLambertMaterial: 'roughness' is not a property of this material. @ https://cdnjs.cloudflare.com/ajax/libs/three.js/r128/three.min.js:5
[    7017ms] [WARNING] THREE.MeshLambertMaterial: 'roughness' is not a property of this material. @ https://cdnjs.cloudflare.com/ajax/libs/three.js/r128/three.min.js:5
[    7018ms] [WARNING] THREE.MeshLambertMaterial: 'roughness' is not a property of this material. @ https://cdnjs.cloudflare.com/ajax/libs/three.js/r128/three.min.js:5
[    7018ms] [WARNING] THREE.MeshLambertMaterial: 'roughness' is not a property of this material. @ https://cdnjs.cloudflare.com/ajax/libs/three.js/r128/three.min.js:5
[    7018ms] [WARNING] THREE.MeshLambertMaterial: 'roughness' is not a property of this material. @ https://cdnjs.cloudflare.com/ajax/libs/three.js/r128/three.min.js:5
[    7018ms] [WARNING] THREE.MeshLambertMaterial: 'roughness' is not a property of this material. @ https://cdnjs.cloudflare.com/ajax/libs/three.js/r128/three.min.js:5
[    7018ms] [WARNING] THREE.MeshLambertMaterial: 'roughness' is not a property of this material. @ https://cdnjs.cloudflare.com/ajax/libs/three.js/r128/three.min.js:5
[    7019ms] [WARNING] THREE.MeshLambertMaterial: 'roughness' is not a property of this material. @ https://cdnjs.cloudflare.com/ajax/libs/three.js/r128/three.min.js:5
[    7019ms] [WARNING] THREE.MeshLambertMaterial: 'roughness' is not a property of this material. @ https://cdnjs.cloudflare.com/ajax/libs/three.js/r128/three.min.js:5
[    7019ms] [WARNING] THREE.MeshLambertMaterial: 'roughness' is not a property of this material. @ https://cdnjs.cloudflare.com/ajax/libs/three.js/r128/three.min.js:5
[    7019ms] [WARNING] THREE.MeshLambertMaterial: 'roughness' is not a property of this material. @ https://cdnjs.cloudflare.com/ajax/libs/three.js/r128/three.min.js:5
[    7019ms] [WARNING] THREE.MeshLambertMaterial: 'roughness' is not a property of this material. @ https://cdnjs.cloudflare.com/ajax/libs/three.js/r128/three.min.js:5
[    7019ms] [WARNING] THREE.MeshLambertMaterial: 'roughness' is not a property of this material. @ https://cdnjs.cloudflare.com/ajax/libs/three.js/r128/three.min.js:5
[    7019ms] [WARNING] THREE.MeshLambertMaterial: 'roughness' is not a property of this material. @ https://cdnjs.cloudflare.com/ajax/libs/three.js/r128/three.min.js:5
[    7019ms] [WARNING] THREE.MeshLambertMaterial: 'roughness' is not a property of this material. @ https://cdnjs.cloudflare.com/ajax/libs/three.js/r128/three.min.js:5
[    7020ms] [WARNING] THREE.MeshLambertMaterial: 'roughness' is not a property of this material. @ https://cdnjs.cloudflare.com/ajax/libs/three.js/r128/three.min.js:5
[    7020ms] [WARNING] THREE.MeshLambertMaterial: 'roughness' is not a property of this material. @ https://cdnjs.cloudflare.com/ajax/libs/three.js/r128/three.min.js:5
[    7020ms] [WARNING] THREE.MeshLambertMaterial: 'roughness' is not a property of this material. @ https://cdnjs.cloudflare.com/ajax/libs/three.js/r128/three.min.js:5
[    7020ms] [WARNING] THREE.MeshLambertMaterial: 'roughness' is not a property of this material. @ https://cdnjs.cloudflare.com/ajax/libs/three.js/r128/three.min.js:5
[    7020ms] [WARNING] THREE.MeshLambertMaterial: 'roughness' is not a property of this material. @ https://cdnjs.cloudflare.com/ajax/libs/three.js/r128/three.min.js:5
[    7020ms] [WARNING] THREE.MeshLambertMaterial: 'roughness' is not a property of this material. @ https://cdnjs.cloudflare.com/ajax/libs/three.js/r128/three.min.js:5
[    7020ms] [WARNING] THREE.MeshLambertMaterial: 'roughness' is not a property of this material. @ https://cdnjs.cloudflare.com/ajax/libs/three.js/r128/three.min.js:5
[    7020ms] [WARNING] THREE.MeshLambertMaterial: 'roughness' is not a property of this material. @ https://cdnjs.cloudflare.com/ajax/libs/three.js/r128/three.min.js:5
[    7020ms] [WARNING] THREE.MeshLambertMaterial: 'roughness' is not a property of this material. @ https://cdnjs.cloudflare.com/ajax/libs/three.js/r128/three.min.js:5
[    7020ms] [WARNING] THREE.MeshLambertMaterial: 'roughness' is not a property of this material. @ https://cdnjs.cloudflare.com/ajax/libs/three.js/r128/three.min.js:5
[    7020ms] [WARNING] THREE.MeshLambertMaterial: 'roughness' is not a property of this material. @ https://cdnjs.cloudflare.com/ajax/libs/three.js/r128/three.min.js:5
[    7020ms] [WARNING] THREE.MeshLambertMaterial: 'roughness' is not a property of this material. @ https://cdnjs.cloudflare.com/ajax/libs/three.js/r128/three.min.js:5
[    7021ms] [WARNING] THREE.MeshLambertMaterial: 'roughness' is not a property of this material. @ https://cdnjs.cloudflare.com/ajax/libs/three.js/r128/three.min.js:5
[    7021ms] [WARNING] THREE.MeshLambertMaterial: 'roughness' is not a property of this material. @ https://cdnjs.cloudflare.com/ajax/libs/three.js/r128/three.min.js:5
[    7021ms] [WARNING] THREE.MeshLambertMaterial: 'roughness' is not a property of this material. @ https://cdnjs.cloudflare.com/ajax/libs/three.js/r128/three.min.js:5
[    7021ms] [WARNING] THREE.MeshLambertMaterial: 'roughness' is not a property of this material. @ https://cdnjs.cloudflare.com/ajax/libs/three.js/r128/three.min.js:5
[    7021ms] [WARNING] THREE.MeshLambertMaterial: 'roughness' is not a property of this material. @ https://cdnjs.cloudflare.com/ajax/libs/three.js/r128/three.min.js:5
[    7021ms] [WARNING] THREE.MeshLambertMaterial: 'roughness' is not a property of this material. @ https://cdnjs.cloudflare.com/ajax/libs/three.js/r128/three.min.js:5
[    7021ms] [WARNING] THREE.MeshLambertMaterial: 'roughness' is not a property of this material. @ https://cdnjs.cloudflare.com/ajax/libs/three.js/r128/three.min.js:5
[    7021ms] [WARNING] THREE.MeshLambertMaterial: 'roughness' is not a property of this material. @ https://cdnjs.cloudflare.com/ajax/libs/three.js/r128/three.min.js:5
[    7021ms] [WARNING] THREE.MeshLambertMaterial: 'roughness' is not a property of this material. @ https://cdnjs.cloudflare.com/ajax/libs/three.js/r128/three.min.js:5
[    7021ms] [WARNING] THREE.MeshLambertMaterial: 'roughness' is not a property of this material. @ https://cdnjs.cloudflare.com/ajax/libs/three.js/r128/three.min.js:5
[    7021ms] [WARNING] THREE.MeshLambertMaterial: 'roughness' is not a property of this material. @ https://cdnjs.cloudflare.com/ajax/libs/three.js/r128/three.min.js:5
[    7021ms] [WARNING] THREE.MeshLambertMaterial: 'roughness' is not a property of this material. @ https://cdnjs.cloudflare.com/ajax/libs/three.js/r128/three.min.js:5
[    7022ms] [WARNING] THREE.MeshLambertMaterial: 'roughness' is not a property of this material. @ https://cdnjs.cloudflare.com/ajax/libs/three.js/r128/three.min.js:5
[    7022ms] [WARNING] THREE.MeshLambertMaterial: 'roughness' is not a property of this material. @ https://cdnjs.cloudflare.com/ajax/libs/three.js/r128/three.min.js:5
[    7022ms] [WARNING] THREE.MeshLambertMaterial: 'roughness' is not a property of this material. @ https://cdnjs.cloudflare.com/ajax/libs/three.js/r128/three.min.js:5
[    7022ms] [WARNING] THREE.MeshLambertMaterial: 'roughness' is not a property of this material. @ https://cdnjs.cloudflare.com/ajax/libs/three.js/r128/three.min.js:5
[    7022ms] [WARNING] THREE.MeshLambertMaterial: 'roughness' is not a property of this material. @ https://cdnjs.cloudflare.com/ajax/libs/three.js/r128/three.min.js:5
[    7022ms] [WARNING] THREE.MeshLambertMaterial: 'roughness' is not a property of this material. @ https://cdnjs.cloudflare.com/ajax/libs/three.js/r128/three.min.js:5
[    7022ms] [WARNING] THREE.MeshLambertMaterial: 'roughness' is not a property of this material. @ https://cdnjs.cloudflare.com/ajax/libs/three.js/r128/three.min.js:5
[    7022ms] [WARNING] THREE.MeshLambertMaterial: 'roughness' is not a property of this material. @ https://cdnjs.cloudflare.com/ajax/libs/three.js/r128/three.min.js:5
[    7022ms] [WARNING] THREE.MeshLambertMaterial: 'roughness' is not a property of this material. @ https://cdnjs.cloudflare.com/ajax/libs/three.js/r128/three.min.js:5
[    7022ms] [WARNING] THREE.MeshLambertMaterial: 'roughness' is not a property of this material. @ https://cdnjs.cloudflare.com/ajax/libs/three.js/r128/three.min.js:5
[    7022ms] [WARNING] THREE.MeshLambertMaterial: 'roughness' is not a property of this material. @ https://cdnjs.cloudflare.com/ajax/libs/three.js/r128/three.min.js:5
[    7022ms] [WARNING] THREE.MeshLambertMaterial: 'roughness' is not a property of this material. @ https://cdnjs.cloudflare.com/ajax/libs/three.js/r128/three.min.js:5
[    7022ms] [WARNING] THREE.MeshLambertMaterial: 'roughness' is not a property of this material. @ https://cdnjs.cloudflare.com/ajax/libs/three.js/r128/three.min.js:5
[    7023ms] [WARNING] THREE.MeshLambertMaterial: 'roughness' is not a property of this material. @ https://cdnjs.cloudflare.com/ajax/libs/three.js/r128/three.min.js:5
[    7023ms] [WARNING] THREE.MeshLambertMaterial: 'roughness' is not a property of this material. @ https://cdnjs.cloudflare.com/ajax/libs/three.js/r128/three.min.js:5
[    7023ms] [WARNING] THREE.MeshLambertMaterial: 'roughness' is not a property of this material. @ https://cdnjs.cloudflare.com/ajax/libs/three.js/r128/three.min.js:5
[    7023ms] [WARNING] THREE.MeshLambertMaterial: 'roughness' is not a property of this material. @ https://cdnjs.cloudflare.com/ajax/libs/three.js/r128/three.min.js:5
[    7023ms] [WARNING] THREE.MeshLambertMaterial: 'roughness' is not a property of this material. @ https://cdnjs.cloudflare.com/ajax/libs/three.js/r128/three.min.js:5
[    7023ms] [WARNING] THREE.MeshLambertMaterial: 'roughness' is not a property of this material. @ https://cdnjs.cloudflare.com/ajax/libs/three.js/r128/three.min.js:5
[    7023ms] [WARNING] THREE.MeshLambertMaterial: 'roughness' is not a property of this material. @ https://cdnjs.cloudflare.com/ajax/libs/three.js/r128/three.min.js:5
[    7023ms] [WARNING] THREE.MeshLambertMaterial: 'roughness' is not a property of this material. @ https://cdnjs.cloudflare.com/ajax/libs/three.js/r128/three.min.js:5
[    7023ms] [WARNING] THREE.MeshLambertMaterial: 'roughness' is not a property of this material. @ https://cdnjs.cloudflare.com/ajax/libs/three.js/r128/three.min.js:5
[    7023ms] [WARNING] THREE.MeshLambertMaterial: 'roughness' is not a property of this material. @ https://cdnjs.cloudflare.com/ajax/libs/three.js/r128/three.min.js:5
[    7023ms] [WARNING] THREE.MeshLambertMaterial: 'roughness' is not a property of this material. @ https://cdnjs.cloudflare.com/ajax/libs/three.js/r128/three.min.js:5
[    7024ms] [WARNING] THREE.MeshLambertMaterial: 'roughness' is not a property of this material. @ https://cdnjs.cloudflare.com/ajax/libs/three.js/r128/three.min.js:5
[    7024ms] [WARNING] THREE.MeshLambertMaterial: 'roughness' is not a property of this material. @ https://cdnjs.cloudflare.com/ajax/libs/three.js/r128/three.min.js:5
[    7024ms] [WARNING] THREE.MeshLambertMaterial: 'roughness' is not a property of this material. @ https://cdnjs.cloudflare.com/ajax/libs/three.js/r128/three.min.js:5
[    7024ms] [WARNING] THREE.MeshLambertMaterial: 'roughness' is not a property of this material. @ https://cdnjs.cloudflare.com/ajax/libs/three.js/r128/three.min.js:5
[    7024ms] [WARNING] THREE.MeshLambertMaterial: 'roughness' is not a property of this material. @ https://cdnjs.cloudflare.com/ajax/libs/three.js/r128/three.min.js:5
[    7024ms] [WARNING] THREE.MeshLambertMaterial: 'roughness' is not a property of this material. @ https://cdnjs.cloudflare.com/ajax/libs/three.js/r128/three.min.js:5
[    7024ms] [WARNING] THREE.MeshLambertMaterial: 'roughness' is not a property of this material. @ https://cdnjs.cloudflare.com/ajax/libs/three.js/r128/three.min.js:5
[    7024ms] [WARNING] THREE.MeshLambertMaterial: 'roughness' is not a property of this material. @ https://cdnjs.cloudflare.com/ajax/libs/three.js/r128/three.min.js:5
[    7024ms] [WARNING] THREE.MeshLambertMaterial: 'roughness' is not a property of this material. @ https://cdnjs.cloudflare.com/ajax/libs/three.js/r128/three.min.js:5
[    7024ms] [WARNING] THREE.MeshLambertMaterial: 'roughness' is not a property of this material. @ https://cdnjs.cloudflare.com/ajax/libs/three.js/r128/three.min.js:5
[    7024ms] [WARNING] THREE.MeshLambertMaterial: 'roughness' is not a property of this material. @ https://cdnjs.cloudflare.com/ajax/libs/three.js/r128/three.min.js:5
[    7024ms] [WARNING] THREE.MeshLambertMaterial: 'roughness' is not a property of this material. @ https://cdnjs.cloudflare.com/ajax/libs/three.js/r128/three.min.js:5
[    7024ms] [WARNING] THREE.MeshLambertMaterial: 'roughness' is not a property of this material. @ https://cdnjs.cloudflare.com/ajax/libs/three.js/r128/three.min.js:5
[    7025ms] [WARNING] THREE.MeshLambertMaterial: 'roughness' is not a property of this material. @ https://cdnjs.cloudflare.com/ajax/libs/three.js/r128/three.min.js:5
[    7025ms] [WARNING] THREE.MeshLambertMaterial: 'roughness' is not a property of this material. @ https://cdnjs.cloudflare.com/ajax/libs/three.js/r128/three.min.js:5
[    7025ms] [WARNING] THREE.MeshLambertMaterial: 'roughness' is not a property of this material. @ https://cdnjs.cloudflare.com/ajax/libs/three.js/r128/three.min.js:5
[    7025ms] [WARNING] THREE.MeshLambertMaterial: 'roughness' is not a property of this material. @ https://cdnjs.cloudflare.com/ajax/libs/three.js/r128/three.min.js:5
[    7025ms] [WARNING] THREE.MeshLambertMaterial: 'roughness' is not a property of this material. @ https://cdnjs.cloudflare.com/ajax/libs/three.js/r128/three.min.js:5
[    7025ms] [WARNING] THREE.MeshLambertMaterial: 'roughness' is not a property of this material. @ https://cdnjs.cloudflare.com/ajax/libs/three.js/r128/three.min.js:5
[    7025ms] [WARNING] THREE.MeshLambertMaterial: 'roughness' is not a property of this material. @ https://cdnjs.cloudflare.com/ajax/libs/three.js/r128/three.min.js:5
[    7026ms] [WARNING] THREE.MeshLambertMaterial: 'roughness' is not a property of this material. @ https://cdnjs.cloudflare.com/ajax/libs/three.js/r128/three.min.js:5
[    7026ms] [WARNING] THREE.MeshLambertMaterial: 'roughness' is not a property of this material. @ https://cdnjs.cloudflare.com/ajax/libs/three.js/r128/three.min.js:5
[    7026ms] [WARNING] THREE.MeshLambertMaterial: 'roughness' is not a property of this material. @ https://cdnjs.cloudflare.com/ajax/libs/three.js/r128/three.min.js:5
[    7027ms] [WARNING] THREE.MeshLambertMaterial: 'roughness' is not a property of this material. @ https://cdnjs.cloudflare.com/ajax/libs/three.js/r128/three.min.js:5
[    7027ms] [WARNING] THREE.MeshLambertMaterial: 'roughness' is not a property of this material. @ https://cdnjs.cloudflare.com/ajax/libs/three.js/r128/three.min.js:5
[    7028ms] [WARNING] THREE.MeshLambertMaterial: 'roughness' is not a property of this material. @ https://cdnjs.cloudflare.com/ajax/libs/three.js/r128/three.min.js:5
[    7028ms] [WARNING] THREE.MeshLambertMaterial: 'roughness' is not a property of this material. @ https://cdnjs.cloudflare.com/ajax/libs/three.js/r128/three.min.js:5
[    7028ms] [WARNING] THREE.MeshLambertMaterial: 'roughness' is not a property of this material. @ https://cdnjs.cloudflare.com/ajax/libs/three.js/r128/three.min.js:5
[    7028ms] [WARNING] THREE.MeshLambertMaterial: 'roughness' is not a property of this material. @ https://cdnjs.cloudflare.com/ajax/libs/three.js/r128/three.min.js:5
[    7028ms] [WARNING] THREE.MeshLambertMaterial: 'roughness' is not a property of this material. @ https://cdnjs.cloudflare.com/ajax/libs/three.js/r128/three.min.js:5
[    7028ms] [WARNING] THREE.MeshLambertMaterial: 'roughness' is not a property of this material. @ https://cdnjs.cloudflare.com/ajax/libs/three.js/r128/three.min.js:5
[    7028ms] [WARNING] THREE.MeshLambertMaterial: 'roughness' is not a property of this material. @ https://cdnjs.cloudflare.com/ajax/libs/three.js/r128/three.min.js:5
[    7029ms] [WARNING] THREE.MeshLambertMaterial: 'roughness' is not a property of this material. @ https://cdnjs.cloudflare.com/ajax/libs/three.js/r128/three.min.js:5
[    7029ms] [WARNING] THREE.MeshLambertMaterial: 'roughness' is not a property of this material. @ https://cdnjs.cloudflare.com/ajax/libs/three.js/r128/three.min.js:5
[    7029ms] [WARNING] THREE.MeshLambertMaterial: 'roughness' is not a property of this material. @ https://cdnjs.cloudflare.com/ajax/libs/three.js/r128/three.min.js:5
[    7029ms] [WARNING] THREE.MeshLambertMaterial: 'roughness' is not a property of this material. @ https://cdnjs.cloudflare.com/ajax/libs/three.js/r128/three.min.js:5
[    7030ms] [WARNING] THREE.MeshLambertMaterial: 'roughness' is not a property of this material. @ https://cdnjs.cloudflare.com/ajax/libs/three.js/r128/three.min.js:5
[    7030ms] [WARNING] THREE.MeshLambertMaterial: 'roughness' is not a property of this material. @ https://cdnjs.cloudflare.com/ajax/libs/three.js/r128/three.min.js:5
[    7030ms] [WARNING] THREE.MeshLambertMaterial: 'roughness' is not a property of this material. @ https://cdnjs.cloudflare.com/ajax/libs/three.js/r128/three.min.js:5
[    7031ms] [WARNING] THREE.MeshLambertMaterial: 'roughness' is not a property of this material. @ https://cdnjs.cloudflare.com/ajax/libs/three.js/r128/three.min.js:5
[    7031ms] [WARNING] THREE.MeshLambertMaterial: 'roughness' is not a property of this material. @ https://cdnjs.cloudflare.com/ajax/libs/three.js/r128/three.min.js:5
[    7031ms] [WARNING] THREE.MeshLambertMaterial: 'roughness' is not a property of this material. @ https://cdnjs.cloudflare.com/ajax/libs/three.js/r128/three.min.js:5
[    7031ms] [WARNING] THREE.MeshLambertMaterial: 'roughness' is not a property of this material. @ https://cdnjs.cloudflare.com/ajax/libs/three.js/r128/three.min.js:5
[    7031ms] [WARNING] THREE.MeshLambertMaterial: 'roughness' is not a property of this material. @ https://cdnjs.cloudflare.com/ajax/libs/three.js/r128/three.min.js:5
[    7031ms] [WARNING] THREE.MeshLambertMaterial: 'roughness' is not a property of this material. @ https://cdnjs.cloudflare.com/ajax/libs/three.js/r128/three.min.js:5
[    7031ms] [WARNING] THREE.MeshLambertMaterial: 'roughness' is not a property of this material. @ https://cdnjs.cloudflare.com/ajax/libs/three.js/r128/three.min.js:5
[    7031ms] [WARNING] THREE.MeshLambertMaterial: 'roughness' is not a property of this material. @ https://cdnjs.cloudflare.com/ajax/libs/three.js/r128/three.min.js:5
[    7032ms] [WARNING] THREE.MeshLambertMaterial: 'roughness' is not a property of this material. @ https://cdnjs.cloudflare.com/ajax/libs/three.js/r128/three.min.js:5
[    7032ms] [WARNING] THREE.MeshLambertMaterial: 'roughness' is not a property of this material. @ https://cdnjs.cloudflare.com/ajax/libs/three.js/r128/three.min.js:5
[    7032ms] [WARNING] THREE.MeshLambertMaterial: 'roughness' is not a property of this material. @ https://cdnjs.cloudflare.com/ajax/libs/three.js/r128/three.min.js:5
[    7032ms] [WARNING] THREE.MeshLambertMaterial: 'roughness' is not a property of this material. @ https://cdnjs.cloudflare.com/ajax/libs/three.js/r128/three.min.js:5
[    7032ms] [WARNING] THREE.MeshLambertMaterial: 'roughness' is not a property of this material. @ https://cdnjs.cloudflare.com/ajax/libs/three.js/r128/three.min.js:5
[    7032ms] [WARNING] THREE.MeshLambertMaterial: 'roughness' is not a property of this material. @ https://cdnjs.cloudflare.com/ajax/libs/three.js/r128/three.min.js:5
[    7033ms] [WARNING] THREE.MeshLambertMaterial: 'roughness' is not a property of this material. @ https://cdnjs.cloudflare.com/ajax/libs/three.js/r128/three.min.js:5
[    7033ms] [WARNING] THREE.MeshLambertMaterial: 'roughness' is not a property of this material. @ https://cdnjs.cloudflare.com/ajax/libs/three.js/r128/three.min.js:5
[    7033ms] [WARNING] THREE.MeshLambertMaterial: 'roughness' is not a property of this material. @ https://cdnjs.cloudflare.com/ajax/libs/three.js/r128/three.min.js:5
[    7033ms] [WARNING] THREE.MeshLambertMaterial: 'roughness' is not a property of this material. @ https://cdnjs.cloudflare.com/ajax/libs/three.js/r128/three.min.js:5
[    7033ms] [WARNING] THREE.MeshLambertMaterial: 'roughness' is not a property of this material. @ https://cdnjs.cloudflare.com/ajax/libs/three.js/r128/three.min.js:5
[    7033ms] [WARNING] THREE.MeshLambertMaterial: 'roughness' is not a property of this material. @ https://cdnjs.cloudflare.com/ajax/libs/three.js/r128/three.min.js:5
[    7033ms] [WARNING] THREE.MeshLambertMaterial: 'roughness' is not a property of this material. @ https://cdnjs.cloudflare.com/ajax/libs/three.js/r128/three.min.js:5
[    7033ms] [WARNING] THREE.MeshLambertMaterial: 'roughness' is not a property of this material. @ https://cdnjs.cloudflare.com/ajax/libs/three.js/r128/three.min.js:5
[    7034ms] [WARNING] THREE.MeshLambertMaterial: 'roughness' is not a property of this material. @ https://cdnjs.cloudflare.com/ajax/libs/three.js/r128/three.min.js:5
[    7034ms] [WARNING] THREE.MeshLambertMaterial: 'roughness' is not a property of this material. @ https://cdnjs.cloudflare.com/ajax/libs/three.js/r128/three.min.js:5
[    7034ms] [WARNING] THREE.MeshLambertMaterial: 'roughness' is not a property of this material. @ https://cdnjs.cloudflare.com/ajax/libs/three.js/r128/three.min.js:5
[    7034ms] [WARNING] THREE.MeshLambertMaterial: 'roughness' is not a property of this material. @ https://cdnjs.cloudflare.com/ajax/libs/three.js/r128/three.min.js:5
[    7034ms] [WARNING] THREE.MeshLambertMaterial: 'roughness' is not a property of this material. @ https://cdnjs.cloudflare.com/ajax/libs/three.js/r128/three.min.js:5
[    7034ms] [WARNING] THREE.MeshLambertMaterial: 'roughness' is not a property of this material. @ https://cdnjs.cloudflare.com/ajax/libs/three.js/r128/three.min.js:5
[    7034ms] [WARNING] THREE.MeshLambertMaterial: 'roughness' is not a property of this material. @ https://cdnjs.cloudflare.com/ajax/libs/three.js/r128/three.min.js:5
[    7034ms] [WARNING] THREE.MeshLambertMaterial: 'roughness' is not a property of this material. @ https://cdnjs.cloudflare.com/ajax/libs/three.js/r128/three.min.js:5
[    7035ms] [WARNING] THREE.MeshLambertMaterial: 'roughness' is not a property of this material. @ https://cdnjs.cloudflare.com/ajax/libs/three.js/r128/three.min.js:5
[    7035ms] [WARNING] THREE.MeshLambertMaterial: 'roughness' is not a property of this material. @ https://cdnjs.cloudflare.com/ajax/libs/three.js/r128/three.min.js:5
[    7035ms] [WARNING] THREE.MeshLambertMaterial: 'roughness' is not a property of this material. @ https://cdnjs.cloudflare.com/ajax/libs/three.js/r128/three.min.js:5
[    7035ms] [WARNING] THREE.MeshLambertMaterial: 'roughness' is not a property of this material. @ https://cdnjs.cloudflare.com/ajax/libs/three.js/r128/three.min.js:5
[    7035ms] [WARNING] THREE.MeshLambertMaterial: 'roughness' is not a property of this material. @ https://cdnjs.cloudflare.com/ajax/libs/three.js/r128/three.min.js:5
[    7035ms] [WARNING] THREE.MeshLambertMaterial: 'roughness' is not a property of this material. @ https://cdnjs.cloudflare.com/ajax/libs/three.js/r128/three.min.js:5
[    7035ms] [WARNING] THREE.MeshLambertMaterial: 'roughness' is not a property of this material. @ https://cdnjs.cloudflare.com/ajax/libs/three.js/r128/three.min.js:5
[    7035ms] [WARNING] THREE.MeshLambertMaterial: 'roughness' is not a property of this material. @ https://cdnjs.cloudflare.com/ajax/libs/three.js/r128/three.min.js:5
[    7035ms] [WARNING] THREE.MeshLambertMaterial: 'roughness' is not a property of this material. @ https://cdnjs.cloudflare.com/ajax/libs/three.js/r128/three.min.js:5
[    7035ms] [WARNING] THREE.MeshLambertMaterial: 'roughness' is not a property of this material. @ https://cdnjs.cloudflare.com/ajax/libs/three.js/r128/three.min.js:5
[    7036ms] [WARNING] THREE.MeshLambertMaterial: 'roughness' is not a property of this material. @ https://cdnjs.cloudflare.com/ajax/libs/three.js/r128/three.min.js:5
[    7036ms] [WARNING] THREE.MeshLambertMaterial: 'roughness' is not a property of this material. @ https://cdnjs.cloudflare.com/ajax/libs/three.js/r128/three.min.js:5
[    7036ms] [WARNING] THREE.MeshLambertMaterial: 'roughness' is not a property of this material. @ https://cdnjs.cloudflare.com/ajax/libs/three.js/r128/three.min.js:5
[    7036ms] [WARNING] THREE.MeshLambertMaterial: 'roughness' is not a property of this material. @ https://cdnjs.cloudflare.com/ajax/libs/three.js/r128/three.min.js:5
[    7036ms] [WARNING] THREE.MeshLambertMaterial: 'roughness' is not a property of this material. @ https://cdnjs.cloudflare.com/ajax/libs/three.js/r128/three.min.js:5
[    7036ms] [WARNING] THREE.MeshLambertMaterial: 'roughness' is not a property of this material. @ https://cdnjs.cloudflare.com/ajax/libs/three.js/r128/three.min.js:5
[    7036ms] [WARNING] THREE.MeshLambertMaterial: 'roughness' is not a property of this material. @ https://cdnjs.cloudflare.com/ajax/libs/three.js/r128/three.min.js:5
[    7036ms] [WARNING] THREE.MeshLambertMaterial: 'roughness' is not a property of this material. @ https://cdnjs.cloudflare.com/ajax/libs/three.js/r128/three.min.js:5
[    7036ms] [WARNING] THREE.MeshLambertMaterial: 'roughness' is not a property of this material. @ https://cdnjs.cloudflare.com/ajax/libs/three.js/r128/three.min.js:5
[    7036ms] [WARNING] THREE.MeshLambertMaterial: 'roughness' is not a property of this material. @ https://cdnjs.cloudflare.com/ajax/libs/three.js/r128/three.min.js:5
[    7036ms] [WARNING] THREE.MeshLambertMaterial: 'roughness' is not a property of this material. @ https://cdnjs.cloudflare.com/ajax/libs/three.js/r128/three.min.js:5
[    7037ms] [WARNING] THREE.MeshLambertMaterial: 'roughness' is not a property of this material. @ https://cdnjs.cloudflare.com/ajax/libs/three.js/r128/three.min.js:5
[    7037ms] [WARNING] THREE.MeshLambertMaterial: 'roughness' is not a property of this material. @ https://cdnjs.cloudflare.com/ajax/libs/three.js/r128/three.min.js:5
[    7037ms] [WARNING] THREE.MeshLambertMaterial: 'roughness' is not a property of this material. @ https://cdnjs.cloudflare.com/ajax/libs/three.js/r128/three.min.js:5
[    7037ms] [WARNING] THREE.MeshLambertMaterial: 'roughness' is not a property of this material. @ https://cdnjs.cloudflare.com/ajax/libs/three.js/r128/three.min.js:5
[    7037ms] [WARNING] THREE.MeshLambertMaterial: 'roughness' is not a property of this material. @ https://cdnjs.cloudflare.com/ajax/libs/three.js/r128/three.min.js:5
[    7037ms] [WARNING] THREE.MeshLambertMaterial: 'roughness' is not a property of this material. @ https://cdnjs.cloudflare.com/ajax/libs/three.js/r128/three.min.js:5
[    7037ms] [WARNING] THREE.MeshLambertMaterial: 'roughness' is not a property of this material. @ https://cdnjs.cloudflare.com/ajax/libs/three.js/r128/three.min.js:5
[    7037ms] [WARNING] THREE.MeshLambertMaterial: 'roughness' is not a property of this material. @ https://cdnjs.cloudflare.com/ajax/libs/three.js/r128/three.min.js:5
[    7037ms] [WARNING] THREE.MeshLambertMaterial: 'roughness' is not a property of this material. @ https://cdnjs.cloudflare.com/ajax/libs/three.js/r128/three.min.js:5
[    7037ms] [WARNING] THREE.MeshLambertMaterial: 'roughness' is not a property of this material. @ https://cdnjs.cloudflare.com/ajax/libs/three.js/r128/three.min.js:5
[    7037ms] [WARNING] THREE.MeshLambertMaterial: 'roughness' is not a property of this material. @ https://cdnjs.cloudflare.com/ajax/libs/three.js/r128/three.min.js:5
[    7037ms] [WARNING] THREE.MeshLambertMaterial: 'roughness' is not a property of this material. @ https://cdnjs.cloudflare.com/ajax/libs/three.js/r128/three.min.js:5
[    7037ms] [WARNING] THREE.MeshLambertMaterial: 'roughness' is not a property of this material. @ https://cdnjs.cloudflare.com/ajax/libs/three.js/r128/three.min.js:5
[    7037ms] [WARNING] THREE.MeshLambertMaterial: 'roughness' is not a property of this material. @ https://cdnjs.cloudflare.com/ajax/libs/three.js/r128/three.min.js:5
[    7037ms] [WARNING] THREE.MeshLambertMaterial: 'roughness' is not a property of this material. @ https://cdnjs.cloudflare.com/ajax/libs/three.js/r128/three.min.js:5
[    7037ms] [WARNING] THREE.MeshLambertMaterial: 'roughness' is not a property of this material. @ https://cdnjs.cloudflare.com/ajax/libs/three.js/r128/three.min.js:5
[    7037ms] [WARNING] THREE.MeshLambertMaterial: 'roughness' is not a property of this material. @ https://cdnjs.cloudflare.com/ajax/libs/three.js/r128/three.min.js:5
[    7038ms] [WARNING] THREE.MeshLambertMaterial: 'roughness' is not a property of this material. @ https://cdnjs.cloudflare.com/ajax/libs/three.js/r128/three.min.js:5
[    7038ms] [WARNING] THREE.MeshLambertMaterial: 'roughness' is not a property of this material. @ https://cdnjs.cloudflare.com/ajax/libs/three.js/r128/three.min.js:5
[    7038ms] [WARNING] THREE.MeshLambertMaterial: 'roughness' is not a property of this material. @ https://cdnjs.cloudflare.com/ajax/libs/three.js/r128/three.min.js:5
[    7038ms] [WARNING] THREE.MeshLambertMaterial: 'roughness' is not a property of this material. @ https://cdnjs.cloudflare.com/ajax/libs/three.js/r128/three.min.js:5
[    7038ms] [WARNING] THREE.MeshLambertMaterial: 'roughness' is not a property of this material. @ https://cdnjs.cloudflare.com/ajax/libs/three.js/r128/three.min.js:5
[    7038ms] [WARNING] THREE.MeshLambertMaterial: 'roughness' is not a property of this material. @ https://cdnjs.cloudflare.com/ajax/libs/three.js/r128/three.min.js:5
[    7038ms] [WARNING] THREE.MeshLambertMaterial: 'roughness' is not a property of this material. @ https://cdnjs.cloudflare.com/ajax/libs/three.js/r128/three.min.js:5
[    7038ms] [WARNING] THREE.MeshLambertMaterial: 'roughness' is not a property of this material. @ https://cdnjs.cloudflare.com/ajax/libs/three.js/r128/three.min.js:5
[    7042ms] [WARNING] THREE.MeshLambertMaterial: 'metalness' is not a property of this material. @ https://cdnjs.cloudflare.com/ajax/libs/three.js/r128/three.min.js:5
[    7043ms] [WARNING] THREE.MeshLambertMaterial: 'roughness' is not a property of this material. @ https://cdnjs.cloudflare.com/ajax/libs/three.js/r128/three.min.js:5
[    7043ms] [WARNING] THREE.MeshLambertMaterial: 'metalness' is not a property of this material. @ https://cdnjs.cloudflare.com/ajax/libs/three.js/r128/three.min.js:5
[    7043ms] [WARNING] THREE.MeshLambertMaterial: 'roughness' is not a property of this material. @ https://cdnjs.cloudflare.com/ajax/libs/three.js/r128/three.min.js:5
[    7043ms] [WARNING] THREE.MeshLambertMaterial: 'metalness' is not a property of this material. @ https://cdnjs.cloudflare.com/ajax/libs/three.js/r128/three.min.js:5
[    7043ms] [WARNING] THREE.MeshLambertMaterial: 'roughness' is not a property of this material. @ https://cdnjs.cloudflare.com/ajax/libs/three.js/r128/three.min.js:5
[    7043ms] [WARNING] THREE.MeshLambertMaterial: 'metalness' is not a property of this material. @ https://cdnjs.cloudflare.com/ajax/libs/three.js/r128/three.min.js:5
[    7043ms] [WARNING] THREE.MeshLambertMaterial: 'roughness' is not a property of this material. @ https://cdnjs.cloudflare.com/ajax/libs/three.js/r128/three.min.js:5
[    7044ms] [WARNING] THREE.MeshLambertMaterial: 'metalness' is not a property of this material. @ https://cdnjs.cloudflare.com/ajax/libs/three.js/r128/three.min.js:5
[    7044ms] [WARNING] THREE.MeshLambertMaterial: 'roughness' is not a property of this material. @ https://cdnjs.cloudflare.com/ajax/libs/three.js/r128/three.min.js:5
[    7044ms] [WARNING] THREE.MeshLambertMaterial: 'metalness' is not a property of this material. @ https://cdnjs.cloudflare.com/ajax/libs/three.js/r128/three.min.js:5
[    7044ms] [WARNING] THREE.MeshLambertMaterial: 'roughness' is not a property of this material. @ https://cdnjs.cloudflare.com/ajax/libs/three.js/r128/three.min.js:5
[    7044ms] [WARNING] THREE.MeshLambertMaterial: 'metalness' is not a property of this material. @ https://cdnjs.cloudflare.com/ajax/libs/three.js/r128/three.min.js:5
[    7044ms] [WARNING] THREE.MeshLambertMaterial: 'roughness' is not a property of this material. @ https://cdnjs.cloudflare.com/ajax/libs/three.js/r128/three.min.js:5
[    7045ms] [WARNING] THREE.MeshLambertMaterial: 'roughness' is not a property of this material. @ https://cdnjs.cloudflare.com/ajax/libs/three.js/r128/three.min.js:5
[    7045ms] [WARNING] THREE.MeshLambertMaterial: 'roughness' is not a property of this material. @ https://cdnjs.cloudflare.com/ajax/libs/three.js/r128/three.min.js:5
[    7045ms] [WARNING] THREE.MeshLambertMaterial: 'metalness' is not a property of this material. @ https://cdnjs.cloudflare.com/ajax/libs/three.js/r128/three.min.js:5
[    7045ms] [WARNING] THREE.MeshLambertMaterial: 'roughness' is not a property of this material. @ https://cdnjs.cloudflare.com/ajax/libs/three.js/r128/three.min.js:5
[    7045ms] [WARNING] THREE.MeshLambertMaterial: 'metalness' is not a property of this material. @ https://cdnjs.cloudflare.com/ajax/libs/three.js/r128/three.min.js:5
[    7045ms] [WARNING] THREE.MeshLambertMaterial: 'roughness' is not a property of this material. @ https://cdnjs.cloudflare.com/ajax/libs/three.js/r128/three.min.js:5
[    7046ms] [WARNING] THREE.MeshLambertMaterial: 'roughness' is not a property of this material. @ https://cdnjs.cloudflare.com/ajax/libs/three.js/r128/three.min.js:5
[    7046ms] [WARNING] THREE.MeshLambertMaterial: 'metalness' is not a property of this material. @ https://cdnjs.cloudflare.com/ajax/libs/three.js/r128/three.min.js:5
[    7046ms] [WARNING] THREE.MeshLambertMaterial: 'roughness' is not a property of this material. @ https://cdnjs.cloudflare.com/ajax/libs/three.js/r128/three.min.js:5
[    7046ms] [WARNING] THREE.MeshLambertMaterial: 'metalness' is not a property of this material. @ https://cdnjs.cloudflare.com/ajax/libs/three.js/r128/three.min.js:5
[    7046ms] [WARNING] THREE.MeshLambertMaterial: 'roughness' is not a property of this material. @ https://cdnjs.cloudflare.com/ajax/libs/three.js/r128/three.min.js:5
[    7046ms] [WARNING] THREE.MeshLambertMaterial: 'roughness' is not a property of this material. @ https://cdnjs.cloudflare.com/ajax/libs/three.js/r128/three.min.js:5
[    7046ms] [WARNING] THREE.MeshLambertMaterial: 'metalness' is not a property of this material. @ https://cdnjs.cloudflare.com/ajax/libs/three.js/r128/three.min.js:5
[    7047ms] [WARNING] THREE.MeshLambertMaterial: 'roughness' is not a property of this material. @ https://cdnjs.cloudflare.com/ajax/libs/three.js/r128/three.min.js:5
[    7047ms] [WARNING] THREE.MeshLambertMaterial: 'metalness' is not a property of this material. @ https://cdnjs.cloudflare.com/ajax/libs/three.js/r128/three.min.js:5
[    7047ms] [WARNING] THREE.MeshLambertMaterial: 'roughness' is not a property of this material. @ https://cdnjs.cloudflare.com/ajax/libs/three.js/r128/three.min.js:5
[    7047ms] [WARNING] THREE.MeshLambertMaterial: 'roughness' is not a property of this material. @ https://cdnjs.cloudflare.com/ajax/libs/three.js/r128/three.min.js:5
[    7047ms] [WARNING] THREE.MeshLambertMaterial: 'metalness' is not a property of this material. @ https://cdnjs.cloudflare.com/ajax/libs/three.js/r128/three.min.js:5
[    7047ms] [WARNING] THREE.MeshLambertMaterial: 'roughness' is not a property of this material. @ https://cdnjs.cloudflare.com/ajax/libs/three.js/r128/three.min.js:5
[    7047ms] [WARNING] THREE.MeshLambertMaterial: 'metalness' is not a property of this material. @ https://cdnjs.cloudflare.com/ajax/libs/three.js/r128/three.min.js:5
[    7047ms] [WARNING] THREE.MeshLambertMaterial: 'roughness' is not a property of this material. @ https://cdnjs.cloudflare.com/ajax/libs/three.js/r128/three.min.js:5
[    7047ms] [WARNING] THREE.MeshLambertMaterial: 'metalness' is not a property of this material. @ https://cdnjs.cloudflare.com/ajax/libs/three.js/r128/three.min.js:5
[    7047ms] [WARNING] THREE.MeshLambertMaterial: 'roughness' is not a property of this material. @ https://cdnjs.cloudflare.com/ajax/libs/three.js/r128/three.min.js:5
[    7047ms] [WARNING] THREE.MeshLambertMaterial: 'metalness' is not a property of this material. @ https://cdnjs.cloudflare.com/ajax/libs/three.js/r128/three.min.js:5
[    7047ms] [WARNING] THREE.MeshLambertMaterial: 'roughness' is not a property of this material. @ https://cdnjs.cloudflare.com/ajax/libs/three.js/r128/three.min.js:5
[    7047ms] [WARNING] THREE.MeshLambertMaterial: 'metalness' is not a property of this material. @ https://cdnjs.cloudflare.com/ajax/libs/three.js/r128/three.min.js:5
[    7047ms] [WARNING] THREE.MeshLambertMaterial: 'roughness' is not a property of this material. @ https://cdnjs.cloudflare.com/ajax/libs/three.js/r128/three.min.js:5
[    7047ms] [WARNING] THREE.MeshLambertMaterial: 'metalness' is not a property of this material. @ https://cdnjs.cloudflare.com/ajax/libs/three.js/r128/three.min.js:5
[    7048ms] [WARNING] THREE.MeshLambertMaterial: 'roughness' is not a property of this material. @ https://cdnjs.cloudflare.com/ajax/libs/three.js/r128/three.min.js:5
[    7048ms] [WARNING] THREE.MeshLambertMaterial: 'metalness' is not a property of this material. @ https://cdnjs.cloudflare.com/ajax/libs/three.js/r128/three.min.js:5
[    7048ms] [WARNING] THREE.MeshLambertMaterial: 'roughness' is not a property of this material. @ https://cdnjs.cloudflare.com/ajax/libs/three.js/r128/three.min.js:5
[    7048ms] [WARNING] THREE.MeshLambertMaterial: 'metalness' is not a property of this material. @ https://cdnjs.cloudflare.com/ajax/libs/three.js/r128/three.min.js:5
[    7048ms] [WARNING] THREE.MeshLambertMaterial: 'roughness' is not a property of this material. @ https://cdnjs.cloudflare.com/ajax/libs/three.js/r128/three.min.js:5
[    7048ms] [WARNING] THREE.MeshLambertMaterial: 'metalness' is not a property of this material. @ https://cdnjs.cloudflare.com/ajax/libs/three.js/r128/three.min.js:5
[    7048ms] [WARNING] THREE.MeshLambertMaterial: 'roughness' is not a property of this material. @ https://cdnjs.cloudflare.com/ajax/libs/three.js/r128/three.min.js:5
[    7048ms] [WARNING] THREE.MeshLambertMaterial: 'metalness' is not a property of this material. @ https://cdnjs.cloudflare.com/ajax/libs/three.js/r128/three.min.js:5
[    7048ms] [WARNING] THREE.MeshLambertMaterial: 'roughness' is not a property of this material. @ https://cdnjs.cloudflare.com/ajax/libs/three.js/r128/three.min.js:5
[    7048ms] [WARNING] THREE.MeshLambertMaterial: 'roughness' is not a property of this material. @ https://cdnjs.cloudflare.com/ajax/libs/three.js/r128/three.min.js:5
[    7049ms] [WARNING] THREE.MeshLambertMaterial: 'roughness' is not a property of this material. @ https://cdnjs.cloudflare.com/ajax/libs/three.js/r128/three.min.js:5
[    7049ms] [WARNING] THREE.MeshLambertMaterial: 'metalness' is not a property of this material. @ https://cdnjs.cloudflare.com/ajax/libs/three.js/r128/three.min.js:5
[    7049ms] [WARNING] THREE.MeshLambertMaterial: 'roughness' is not a property of this material. @ https://cdnjs.cloudflare.com/ajax/libs/three.js/r128/three.min.js:5
[    7049ms] [WARNING] THREE.MeshLambertMaterial: 'metalness' is not a property of this material. @ https://cdnjs.cloudflare.com/ajax/libs/three.js/r128/three.min.js:5
[    7049ms] [WARNING] THREE.MeshLambertMaterial: 'roughness' is not a property of this material. @ https://cdnjs.cloudflare.com/ajax/libs/three.js/r128/three.min.js:5
[    7050ms] [WARNING] THREE.MeshLambertMaterial: 'roughness' is not a property of this material. @ https://cdnjs.cloudflare.com/ajax/libs/three.js/r128/three.min.js:5
[    7050ms] [WARNING] THREE.MeshLambertMaterial: 'metalness' is not a property of this material. @ https://cdnjs.cloudflare.com/ajax/libs/three.js/r128/three.min.js:5
[    7050ms] [WARNING] THREE.MeshLambertMaterial: 'roughness' is not a property of this material. @ https://cdnjs.cloudflare.com/ajax/libs/three.js/r128/three.min.js:5
[    7050ms] [WARNING] THREE.MeshLambertMaterial: 'metalness' is not a property of this material. @ https://cdnjs.cloudflare.com/ajax/libs/three.js/r128/three.min.js:5
[    7050ms] [WARNING] THREE.MeshLambertMaterial: 'roughness' is not a property of this material. @ https://cdnjs.cloudflare.com/ajax/libs/three.js/r128/three.min.js:5
[    7050ms] [WARNING] THREE.MeshLambertMaterial: 'roughness' is not a property of this material. @ https://cdnjs.cloudflare.com/ajax/libs/three.js/r128/three.min.js:5
[    7050ms] [WARNING] THREE.MeshLambertMaterial: 'metalness' is not a property of this material. @ https://cdnjs.cloudflare.com/ajax/libs/three.js/r128/three.min.js:5
[    7050ms] [WARNING] THREE.MeshLambertMaterial: 'roughness' is not a property of this material. @ https://cdnjs.cloudflare.com/ajax/libs/three.js/r128/three.min.js:5
[    7050ms] [WARNING] THREE.MeshLambertMaterial: 'metalness' is not a property of this material. @ https://cdnjs.cloudflare.com/ajax/libs/three.js/r128/three.min.js:5
[    7050ms] [WARNING] THREE.MeshLambertMaterial: 'roughness' is not a property of this material. @ https://cdnjs.cloudflare.com/ajax/libs/three.js/r128/three.min.js:5
[    7050ms] [WARNING] THREE.MeshLambertMaterial: 'roughness' is not a property of this material. @ https://cdnjs.cloudflare.com/ajax/libs/three.js/r128/three.min.js:5
[    7051ms] [WARNING] THREE.MeshLambertMaterial: 'metalness' is not a property of this material. @ https://cdnjs.cloudflare.com/ajax/libs/three.js/r128/three.min.js:5
[    7051ms] [WARNING] THREE.MeshLambertMaterial: 'roughness' is not a property of this material. @ https://cdnjs.cloudflare.com/ajax/libs/three.js/r128/three.min.js:5
[    7051ms] [WARNING] THREE.MeshLambertMaterial: 'metalness' is not a property of this material. @ https://cdnjs.cloudflare.com/ajax/libs/three.js/r128/three.min.js:5
[    7051ms] [WARNING] THREE.MeshLambertMaterial: 'roughness' is not a property of this material. @ https://cdnjs.cloudflare.com/ajax/libs/three.js/r128/three.min.js:5
[    7051ms] [WARNING] THREE.MeshLambertMaterial: 'metalness' is not a property of this material. @ https://cdnjs.cloudflare.com/ajax/libs/three.js/r128/three.min.js:5
[    7051ms] [WARNING] THREE.MeshLambertMaterial: 'roughness' is not a property of this material. @ https://cdnjs.cloudflare.com/ajax/libs/three.js/r128/three.min.js:5
[    7051ms] [WARNING] THREE.MeshLambertMaterial: 'metalness' is not a property of this material. @ https://cdnjs.cloudflare.com/ajax/libs/three.js/r128/three.min.js:5
[    7051ms] [WARNING] THREE.MeshLambertMaterial: 'roughness' is not a property of this material. @ https://cdnjs.cloudflare.com/ajax/libs/three.js/r128/three.min.js:5
[    7051ms] [WARNING] THREE.MeshLambertMaterial: 'metalness' is not a property of this material. @ https://cdnjs.cloudflare.com/ajax/libs/three.js/r128/three.min.js:5
[    7051ms] [WARNING] THREE.MeshLambertMaterial: 'roughness' is not a property of this material. @ https://cdnjs.cloudflare.com/ajax/libs/three.js/r128/three.min.js:5
[    7051ms] [WARNING] THREE.MeshLambertMaterial: 'metalness' is not a property of this material. @ https://cdnjs.cloudflare.com/ajax/libs/three.js/r128/three.min.js:5
[    7051ms] [WARNING] THREE.MeshLambertMaterial: 'roughness' is not a property of this material. @ https://cdnjs.cloudflare.com/ajax/libs/three.js/r128/three.min.js:5
[    7052ms] [WARNING] THREE.MeshLambertMaterial: 'metalness' is not a property of this material. @ https://cdnjs.cloudflare.com/ajax/libs/three.js/r128/three.min.js:5
[    7052ms] [WARNING] THREE.MeshLambertMaterial: 'roughness' is not a property of this material. @ https://cdnjs.cloudflare.com/ajax/libs/three.js/r128/three.min.js:5
[    7053ms] [WARNING] THREE.MeshLambertMaterial: 'metalness' is not a property of this material. @ https://cdnjs.cloudflare.com/ajax/libs/three.js/r128/three.min.js:5
[    7053ms] [WARNING] THREE.MeshLambertMaterial: 'roughness' is not a property of this material. @ https://cdnjs.cloudflare.com/ajax/libs/three.js/r128/three.min.js:5
[    7053ms] [WARNING] THREE.MeshLambertMaterial: 'metalness' is not a property of this material. @ https://cdnjs.cloudflare.com/ajax/libs/three.js/r128/three.min.js:5
[    7053ms] [WARNING] THREE.MeshLambertMaterial: 'roughness' is not a property of this material. @ https://cdnjs.cloudflare.com/ajax/libs/three.js/r128/three.min.js:5
[    7053ms] [WARNING] THREE.MeshLambertMaterial: 'roughness' is not a property of this material. @ https://cdnjs.cloudflare.com/ajax/libs/three.js/r128/three.min.js:5
[    7054ms] [WARNING] THREE.MeshLambertMaterial: 'roughness' is not a property of this material. @ https://cdnjs.cloudflare.com/ajax/libs/three.js/r128/three.min.js:5
[    7054ms] [WARNING] THREE.MeshLambertMaterial: 'metalness' is not a property of this material. @ https://cdnjs.cloudflare.com/ajax/libs/three.js/r128/three.min.js:5
[    7054ms] [WARNING] THREE.MeshLambertMaterial: 'roughness' is not a property of this material. @ https://cdnjs.cloudflare.com/ajax/libs/three.js/r128/three.min.js:5
[    7054ms] [WARNING] THREE.MeshLambertMaterial: 'metalness' is not a property of this material. @ https://cdnjs.cloudflare.com/ajax/libs/three.js/r128/three.min.js:5
[    7054ms] [WARNING] THREE.MeshLambertMaterial: 'roughness' is not a property of this material. @ https://cdnjs.cloudflare.com/ajax/libs/three.js/r128/three.min.js:5
[    7054ms] [WARNING] THREE.MeshLambertMaterial: 'roughness' is not a property of this material. @ https://cdnjs.cloudflare.com/ajax/libs/three.js/r128/three.min.js:5
[    7054ms] [WARNING] THREE.MeshLambertMaterial: 'metalness' is not a property of this material. @ https://cdnjs.cloudflare.com/ajax/libs/three.js/r128/three.min.js:5
[    7054ms] [WARNING] THREE.MeshLambertMaterial: 'roughness' is not a property of this material. @ https://cdnjs.cloudflare.com/ajax/libs/three.js/r128/three.min.js:5
[    7054ms] [WARNING] THREE.MeshLambertMaterial: 'metalness' is not a property of this material. @ https://cdnjs.cloudflare.com/ajax/libs/three.js/r128/three.min.js:5
[    7054ms] [WARNING] THREE.MeshLambertMaterial: 'roughness' is not a property of this material. @ https://cdnjs.cloudflare.com/ajax/libs/three.js/r128/three.min.js:5
[    7054ms] [WARNING] THREE.MeshLambertMaterial: 'roughness' is not a property of this material. @ https://cdnjs.cloudflare.com/ajax/libs/three.js/r128/three.min.js:5
[    7055ms] [WARNING] THREE.MeshLambertMaterial: 'metalness' is not a property of this material. @ https://cdnjs.cloudflare.com/ajax/libs/three.js/r128/three.min.js:5
[    7055ms] [WARNING] THREE.MeshLambertMaterial: 'roughness' is not a property of this material. @ https://cdnjs.cloudflare.com/ajax/libs/three.js/r128/three.min.js:5
[    7055ms] [WARNING] THREE.MeshLambertMaterial: 'metalness' is not a property of this material. @ https://cdnjs.cloudflare.com/ajax/libs/three.js/r128/three.min.js:5
[    7055ms] [WARNING] THREE.MeshLambertMaterial: 'roughness' is not a property of this material. @ https://cdnjs.cloudflare.com/ajax/libs/three.js/r128/three.min.js:5
[    7055ms] [WARNING] THREE.MeshLambertMaterial: 'roughness' is not a property of this material. @ https://cdnjs.cloudflare.com/ajax/libs/three.js/r128/three.min.js:5
[    7055ms] [WARNING] THREE.MeshLambertMaterial: 'metalness' is not a property of this material. @ https://cdnjs.cloudflare.com/ajax/libs/three.js/r128/three.min.js:5
[    7055ms] [WARNING] THREE.MeshLambertMaterial: 'roughness' is not a property of this material. @ https://cdnjs.cloudflare.com/ajax/libs/three.js/r128/three.min.js:5
[    7055ms] [WARNING] THREE.MeshLambertMaterial: 'metalness' is not a property of this material. @ https://cdnjs.cloudflare.com/ajax/libs/three.js/r128/three.min.js:5
[    7055ms] [WARNING] THREE.MeshLambertMaterial: 'roughness' is not a property of this material. @ https://cdnjs.cloudflare.com/ajax/libs/three.js/r128/three.min.js:5
[    7055ms] [WARNING] THREE.MeshLambertMaterial: 'metalness' is not a property of this material. @ https://cdnjs.cloudflare.com/ajax/libs/three.js/r128/three.min.js:5
[    7055ms] [WARNING] THREE.MeshLambertMaterial: 'roughness' is not a property of this material. @ https://cdnjs.cloudflare.com/ajax/libs/three.js/r128/three.min.js:5
[    7055ms] [WARNING] THREE.MeshLambertMaterial: 'metalness' is not a property of this material. @ https://cdnjs.cloudflare.com/ajax/libs/three.js/r128/three.min.js:5
[    7055ms] [WARNING] THREE.MeshLambertMaterial: 'roughness' is not a property of this material. @ https://cdnjs.cloudflare.com/ajax/libs/three.js/r128/three.min.js:5
[    7055ms] [WARNING] THREE.MeshLambertMaterial: 'metalness' is not a property of this material. @ https://cdnjs.cloudflare.com/ajax/libs/three.js/r128/three.min.js:5
[    7055ms] [WARNING] THREE.MeshLambertMaterial: 'roughness' is not a property of this material. @ https://cdnjs.cloudflare.com/ajax/libs/three.js/r128/three.min.js:5
[    7056ms] [WARNING] THREE.MeshLambertMaterial: 'metalness' is not a property of this material. @ https://cdnjs.cloudflare.com/ajax/libs/three.js/r128/three.min.js:5
[    7056ms] [WARNING] THREE.MeshLambertMaterial: 'roughness' is not a property of this material. @ https://cdnjs.cloudflare.com/ajax/libs/three.js/r128/three.min.js:5
[    7056ms] [WARNING] THREE.MeshLambertMaterial: 'metalness' is not a property of this material. @ https://cdnjs.cloudflare.com/ajax/libs/three.js/r128/three.min.js:5
[    7056ms] [WARNING] THREE.MeshLambertMaterial: 'roughness' is not a property of this material. @ https://cdnjs.cloudflare.com/ajax/libs/three.js/r128/three.min.js:5
[    7056ms] [WARNING] THREE.MeshLambertMaterial: 'metalness' is not a property of this material. @ https://cdnjs.cloudflare.com/ajax/libs/three.js/r128/three.min.js:5
[    7056ms] [WARNING] THREE.MeshLambertMaterial: 'roughness' is not a property of this material. @ https://cdnjs.cloudflare.com/ajax/libs/three.js/r128/three.min.js:5
[    7056ms] [WARNING] THREE.MeshLambertMaterial: 'metalness' is not a property of this material. @ https://cdnjs.cloudflare.com/ajax/libs/three.js/r128/three.min.js:5
[    7056ms] [WARNING] THREE.MeshLambertMaterial: 'roughness' is not a property of this material. @ https://cdnjs.cloudflare.com/ajax/libs/three.js/r128/three.min.js:5
[    7056ms] [WARNING] THREE.MeshLambertMaterial: 'metalness' is not a property of this material. @ https://cdnjs.cloudflare.com/ajax/libs/three.js/r128/three.min.js:5
[    7056ms] [WARNING] THREE.MeshLambertMaterial: 'metalness' is not a property of this material. @ https://cdnjs.cloudflare.com/ajax/libs/three.js/r128/three.min.js:5
[    7056ms] [WARNING] THREE.MeshLambertMaterial: 'roughness' is not a property of this material. @ https://cdnjs.cloudflare.com/ajax/libs/three.js/r128/three.min.js:5
[    7056ms] [WARNING] THREE.MeshLambertMaterial: 'roughness' is not a property of this material. @ https://cdnjs.cloudflare.com/ajax/libs/three.js/r128/three.min.js:5
[    7057ms] [WARNING] THREE.MeshLambertMaterial: 'roughness' is not a property of this material. @ https://cdnjs.cloudflare.com/ajax/libs/three.js/r128/three.min.js:5
[    7057ms] [WARNING] THREE.MeshLambertMaterial: 'metalness' is not a property of this material. @ https://cdnjs.cloudflare.com/ajax/libs/three.js/r128/three.min.js:5
[    7057ms] [WARNING] THREE.MeshLambertMaterial: 'roughness' is not a property of this material. @ https://cdnjs.cloudflare.com/ajax/libs/three.js/r128/three.min.js:5
[    7057ms] [WARNING] THREE.MeshLambertMaterial: 'metalness' is not a property of this material. @ https://cdnjs.cloudflare.com/ajax/libs/three.js/r128/three.min.js:5
[    7057ms] [WARNING] THREE.MeshLambertMaterial: 'roughness' is not a property of this material. @ https://cdnjs.cloudflare.com/ajax/libs/three.js/r128/three.min.js:5
[    7057ms] [WARNING] THREE.MeshLambertMaterial: 'roughness' is not a property of this material. @ https://cdnjs.cloudflare.com/ajax/libs/three.js/r128/three.min.js:5
[    7057ms] [WARNING] THREE.MeshLambertMaterial: 'metalness' is not a property of this material. @ https://cdnjs.cloudflare.com/ajax/libs/three.js/r128/three.min.js:5
[    7057ms] [WARNING] THREE.MeshLambertMaterial: 'roughness' is not a property of this material. @ https://cdnjs.cloudflare.com/ajax/libs/three.js/r128/three.min.js:5
[    7057ms] [WARNING] THREE.MeshLambertMaterial: 'metalness' is not a property of this material. @ https://cdnjs.cloudflare.com/ajax/libs/three.js/r128/three.min.js:5
[    7057ms] [WARNING] THREE.MeshLambertMaterial: 'roughness' is not a property of this material. @ https://cdnjs.cloudflare.com/ajax/libs/three.js/r128/three.min.js:5
[    7057ms] [WARNING] THREE.MeshLambertMaterial: 'roughness' is not a property of this material. @ https://cdnjs.cloudflare.com/ajax/libs/three.js/r128/three.min.js:5
[    7057ms] [WARNING] THREE.MeshLambertMaterial: 'metalness' is not a property of this material. @ https://cdnjs.cloudflare.com/ajax/libs/three.js/r128/three.min.js:5
[    7057ms] [WARNING] THREE.MeshLambertMaterial: 'roughness' is not a property of this material. @ https://cdnjs.cloudflare.com/ajax/libs/three.js/r128/three.min.js:5
[    7057ms] [WARNING] THREE.MeshLambertMaterial: 'metalness' is not a property of this material. @ https://cdnjs.cloudflare.com/ajax/libs/three.js/r128/three.min.js:5
[    7057ms] [WARNING] THREE.MeshLambertMaterial: 'roughness' is not a property of this material. @ https://cdnjs.cloudflare.com/ajax/libs/three.js/r128/three.min.js:5
[    7057ms] [WARNING] THREE.MeshLambertMaterial: 'roughness' is not a property of this material. @ https://cdnjs.cloudflare.com/ajax/libs/three.js/r128/three.min.js:5
[    7058ms] [WARNING] THREE.MeshLambertMaterial: 'metalness' is not a property of this material. @ https://cdnjs.cloudflare.com/ajax/libs/three.js/r128/three.min.js:5
[    7058ms] [WARNING] THREE.MeshLambertMaterial: 'roughness' is not a property of this material. @ https://cdnjs.cloudflare.com/ajax/libs/three.js/r128/three.min.js:5
[    7058ms] [WARNING] THREE.MeshLambertMaterial: 'metalness' is not a property of this material. @ https://cdnjs.cloudflare.com/ajax/libs/three.js/r128/three.min.js:5
[    7058ms] [WARNING] THREE.MeshLambertMaterial: 'roughness' is not a property of this material. @ https://cdnjs.cloudflare.com/ajax/libs/three.js/r128/three.min.js:5
[    7058ms] [WARNING] THREE.MeshLambertMaterial: 'metalness' is not a property of this material. @ https://cdnjs.cloudflare.com/ajax/libs/three.js/r128/three.min.js:5
[    7058ms] [WARNING] THREE.MeshLambertMaterial: 'roughness' is not a property of this material. @ https://cdnjs.cloudflare.com/ajax/libs/three.js/r128/three.min.js:5
[    7058ms] [WARNING] THREE.MeshLambertMaterial: 'metalness' is not a property of this material. @ https://cdnjs.cloudflare.com/ajax/libs/three.js/r128/three.min.js:5
[    7058ms] [WARNING] THREE.MeshLambertMaterial: 'roughness' is not a property of this material. @ https://cdnjs.cloudflare.com/ajax/libs/three.js/r128/three.min.js:5
[    7058ms] [WARNING] THREE.MeshLambertMaterial: 'metalness' is not a property of this material. @ https://cdnjs.cloudflare.com/ajax/libs/three.js/r128/three.min.js:5
[    7058ms] [WARNING] THREE.MeshLambertMaterial: 'roughness' is not a property of this material. @ https://cdnjs.cloudflare.com/ajax/libs/three.js/r128/three.min.js:5
[    7058ms] [WARNING] THREE.MeshLambertMaterial: 'metalness' is not a property of this material. @ https://cdnjs.cloudflare.com/ajax/libs/three.js/r128/three.min.js:5
[    7058ms] [WARNING] THREE.MeshLambertMaterial: 'roughness' is not a property of this material. @ https://cdnjs.cloudflare.com/ajax/libs/three.js/r128/three.min.js:5
[    7058ms] [WARNING] THREE.MeshLambertMaterial: 'metalness' is not a property of this material. @ https://cdnjs.cloudflare.com/ajax/libs/three.js/r128/three.min.js:5
[    7058ms] [WARNING] THREE.MeshLambertMaterial: 'roughness' is not a property of this material. @ https://cdnjs.cloudflare.com/ajax/libs/three.js/r128/three.min.js:5
[    7059ms] [WARNING] THREE.MeshLambertMaterial: 'metalness' is not a property of this material. @ https://cdnjs.cloudflare.com/ajax/libs/three.js/r128/three.min.js:5
[    7059ms] [WARNING] THREE.MeshLambertMaterial: 'roughness' is not a property of this material. @ https://cdnjs.cloudflare.com/ajax/libs/three.js/r128/three.min.js:5
[    7059ms] [WARNING] THREE.MeshLambertMaterial: 'metalness' is not a property of this material. @ https://cdnjs.cloudflare.com/ajax/libs/three.js/r128/three.min.js:5
[    7059ms] [WARNING] THREE.MeshLambertMaterial: 'roughness' is not a property of this material. @ https://cdnjs.cloudflare.com/ajax/libs/three.js/r128/three.min.js:5
[    7059ms] [WARNING] THREE.MeshLambertMaterial: 'metalness' is not a property of this material. @ https://cdnjs.cloudflare.com/ajax/libs/three.js/r128/three.min.js:5
[    7059ms] [WARNING] THREE.MeshLambertMaterial: 'roughness' is not a property of this material. @ https://cdnjs.cloudflare.com/ajax/libs/three.js/r128/three.min.js:5
[    7060ms] [WARNING] THREE.MeshLambertMaterial: 'roughness' is not a property of this material. @ https://cdnjs.cloudflare.com/ajax/libs/three.js/r128/three.min.js:5
[    7060ms] [WARNING] THREE.MeshLambertMaterial: 'roughness' is not a property of this material. @ https://cdnjs.cloudflare.com/ajax/libs/three.js/r128/three.min.js:5
[    7060ms] [WARNING] THREE.MeshLambertMaterial: 'metalness' is not a property of this material. @ https://cdnjs.cloudflare.com/ajax/libs/three.js/r128/three.min.js:5
[    7060ms] [WARNING] THREE.MeshLambertMaterial: 'roughness' is not a property of this material. @ https://cdnjs.cloudflare.com/ajax/libs/three.js/r128/three.min.js:5
[    7060ms] [WARNING] THREE.MeshLambertMaterial: 'metalness' is not a property of this material. @ https://cdnjs.cloudflare.com/ajax/libs/three.js/r128/three.min.js:5
[    7060ms] [WARNING] THREE.MeshLambertMaterial: 'roughness' is not a property of this material. @ https://cdnjs.cloudflare.com/ajax/libs/three.js/r128/three.min.js:5
[    7060ms] [WARNING] THREE.MeshLambertMaterial: 'roughness' is not a property of this material. @ https://cdnjs.cloudflare.com/ajax/libs/three.js/r128/three.min.js:5
[    7060ms] [WARNING] THREE.MeshLambertMaterial: 'metalness' is not a property of this material. @ https://cdnjs.cloudflare.com/ajax/libs/three.js/r128/three.min.js:5
[    7060ms] [WARNING] THREE.MeshLambertMaterial: 'roughness' is not a property of this material. @ https://cdnjs.cloudflare.com/ajax/libs/three.js/r128/three.min.js:5
[    7060ms] [WARNING] THREE.MeshLambertMaterial: 'metalness' is not a property of this material. @ https://cdnjs.cloudflare.com/ajax/libs/three.js/r128/three.min.js:5
[    7060ms] [WARNING] THREE.MeshLambertMaterial: 'roughness' is not a property of this material. @ https://cdnjs.cloudflare.com/ajax/libs/three.js/r128/three.min.js:5
[    7061ms] [WARNING] THREE.MeshLambertMaterial: 'roughness' is not a property of this material. @ https://cdnjs.cloudflare.com/ajax/libs/three.js/r128/three.min.js:5
[    7061ms] [WARNING] THREE.MeshLambertMaterial: 'metalness' is not a property of this material. @ https://cdnjs.cloudflare.com/ajax/libs/three.js/r128/three.min.js:5
[    7061ms] [WARNING] THREE.MeshLambertMaterial: 'roughness' is not a property of this material. @ https://cdnjs.cloudflare.com/ajax/libs/three.js/r128/three.min.js:5
[    7061ms] [WARNING] THREE.MeshLambertMaterial: 'metalness' is not a property of this material. @ https://cdnjs.cloudflare.com/ajax/libs/three.js/r128/three.min.js:5
[    7061ms] [WARNING] THREE.MeshLambertMaterial: 'roughness' is not a property of this material. @ https://cdnjs.cloudflare.com/ajax/libs/three.js/r128/three.min.js:5
[    7061ms] [WARNING] THREE.MeshLambertMaterial: 'roughness' is not a property of this material. @ https://cdnjs.cloudflare.com/ajax/libs/three.js/r128/three.min.js:5
[    7061ms] [WARNING] THREE.MeshLambertMaterial: 'metalness' is not a property of this material. @ https://cdnjs.cloudflare.com/ajax/libs/three.js/r128/three.min.js:5
[    7061ms] [WARNING] THREE.MeshLambertMaterial: 'roughness' is not a property of this material. @ https://cdnjs.cloudflare.com/ajax/libs/three.js/r128/three.min.js:5
[    7061ms] [WARNING] THREE.MeshLambertMaterial: 'metalness' is not a property of this material. @ https://cdnjs.cloudflare.com/ajax/libs/three.js/r128/three.min.js:5
[    7061ms] [WARNING] THREE.MeshLambertMaterial: 'roughness' is not a property of this material. @ https://cdnjs.cloudflare.com/ajax/libs/three.js/r128/three.min.js:5
[    7061ms] [WARNING] THREE.MeshLambertMaterial: 'metalness' is not a property of this material. @ https://cdnjs.cloudflare.com/ajax/libs/three.js/r128/three.min.js:5
[    7061ms] [WARNING] THREE.MeshLambertMaterial: 'roughness' is not a property of this material. @ https://cdnjs.cloudflare.com/ajax/libs/three.js/r128/three.min.js:5
[    7061ms] [WARNING] THREE.MeshLambertMaterial: 'metalness' is not a property of this material. @ https://cdnjs.cloudflare.com/ajax/libs/three.js/r128/three.min.js:5
[    7061ms] [WARNING] THREE.MeshLambertMaterial: 'roughness' is not a property of this material. @ https://cdnjs.cloudflare.com/ajax/libs/three.js/r128/three.min.js:5
[    7061ms] [WARNING] THREE.MeshLambertMaterial: 'metalness' is not a property of this material. @ https://cdnjs.cloudflare.com/ajax/libs/three.js/r128/three.min.js:5
[    7061ms] [WARNING] THREE.MeshLambertMaterial: 'roughness' is not a property of this material. @ https://cdnjs.cloudflare.com/ajax/libs/three.js/r128/three.min.js:5
[    7061ms] [WARNING] THREE.MeshLambertMaterial: 'metalness' is not a property of this material. @ https://cdnjs.cloudflare.com/ajax/libs/three.js/r128/three.min.js:5
[    7062ms] [WARNING] THREE.MeshLambertMaterial: 'roughness' is not a property of this material. @ https://cdnjs.cloudflare.com/ajax/libs/three.js/r128/three.min.js:5
[    7062ms] [WARNING] THREE.MeshLambertMaterial: 'metalness' is not a property of this material. @ https://cdnjs.cloudflare.com/ajax/libs/three.js/r128/three.min.js:5
[    7062ms] [WARNING] THREE.MeshLambertMaterial: 'roughness' is not a property of this material. @ https://cdnjs.cloudflare.com/ajax/libs/three.js/r128/three.min.js:5
[    7062ms] [WARNING] THREE.MeshLambertMaterial: 'metalness' is not a property of this material. @ https://cdnjs.cloudflare.com/ajax/libs/three.js/r128/three.min.js:5
[    7062ms] [WARNING] THREE.MeshLambertMaterial: 'roughness' is not a property of this material. @ https://cdnjs.cloudflare.com/ajax/libs/three.js/r128/three.min.js:5
[    7062ms] [WARNING] THREE.MeshLambertMaterial: 'metalness' is not a property of this material. @ https://cdnjs.cloudflare.com/ajax/libs/three.js/r128/three.min.js:5
[    7062ms] [WARNING] THREE.MeshLambertMaterial: 'roughness' is not a property of this material. @ https://cdnjs.cloudflare.com/ajax/libs/three.js/r128/three.min.js:5
[    7062ms] [WARNING] THREE.MeshLambertMaterial: 'roughness' is not a property of this material. @ https://cdnjs.cloudflare.com/ajax/libs/three.js/r128/three.min.js:5
[    7062ms] [WARNING] THREE.MeshLambertMaterial: 'roughness' is not a property of this material. @ https://cdnjs.cloudflare.com/ajax/libs/three.js/r128/three.min.js:5
[    7062ms] [WARNING] THREE.MeshLambertMaterial: 'metalness' is not a property of this material. @ https://cdnjs.cloudflare.com/ajax/libs/three.js/r128/three.min.js:5
[    7063ms] [WARNING] THREE.MeshLambertMaterial: 'roughness' is not a property of this material. @ https://cdnjs.cloudflare.com/ajax/libs/three.js/r128/three.min.js:5
[    7063ms] [WARNING] THREE.MeshLambertMaterial: 'metalness' is not a property of this material. @ https://cdnjs.cloudflare.com/ajax/libs/three.js/r128/three.min.js:5
[    7063ms] [WARNING] THREE.MeshLambertMaterial: 'roughness' is not a property of this material. @ https://cdnjs.cloudflare.com/ajax/libs/three.js/r128/three.min.js:5
[    7063ms] [WARNING] THREE.MeshLambertMaterial: 'roughness' is not a property of this material. @ https://cdnjs.cloudflare.com/ajax/libs/three.js/r128/three.min.js:5
[    7063ms] [WARNING] THREE.MeshLambertMaterial: 'metalness' is not a property of this material. @ https://cdnjs.cloudflare.com/ajax/libs/three.js/r128/three.min.js:5
[    7063ms] [WARNING] THREE.MeshLambertMaterial: 'roughness' is not a property of this material. @ https://cdnjs.cloudflare.com/ajax/libs/three.js/r128/three.min.js:5
[    7063ms] [WARNING] THREE.MeshLambertMaterial: 'metalness' is not a property of this material. @ https://cdnjs.cloudflare.com/ajax/libs/three.js/r128/three.min.js:5
[    7063ms] [WARNING] THREE.MeshLambertMaterial: 'roughness' is not a property of this material. @ https://cdnjs.cloudflare.com/ajax/libs/three.js/r128/three.min.js:5
[    7063ms] [WARNING] THREE.MeshLambertMaterial: 'roughness' is not a property of this material. @ https://cdnjs.cloudflare.com/ajax/libs/three.js/r128/three.min.js:5
[    7063ms] [WARNING] THREE.MeshLambertMaterial: 'metalness' is not a property of this material. @ https://cdnjs.cloudflare.com/ajax/libs/three.js/r128/three.min.js:5
[    7063ms] [WARNING] THREE.MeshLambertMaterial: 'roughness' is not a property of this material. @ https://cdnjs.cloudflare.com/ajax/libs/three.js/r128/three.min.js:5
[    7063ms] [WARNING] THREE.MeshLambertMaterial: 'metalness' is not a property of this material. @ https://cdnjs.cloudflare.com/ajax/libs/three.js/r128/three.min.js:5
[    7063ms] [WARNING] THREE.MeshLambertMaterial: 'roughness' is not a property of this material. @ https://cdnjs.cloudflare.com/ajax/libs/three.js/r128/three.min.js:5
[    7063ms] [WARNING] THREE.MeshLambertMaterial: 'roughness' is not a property of this material. @ https://cdnjs.cloudflare.com/ajax/libs/three.js/r128/three.min.js:5
[    7063ms] [WARNING] THREE.MeshLambertMaterial: 'metalness' is not a property of this material. @ https://cdnjs.cloudflare.com/ajax/libs/three.js/r128/three.min.js:5
[    7063ms] [WARNING] THREE.MeshLambertMaterial: 'roughness' is not a property of this material. @ https://cdnjs.cloudflare.com/ajax/libs/three.js/r128/three.min.js:5
[    7064ms] [WARNING] THREE.MeshLambertMaterial: 'metalness' is not a property of this material. @ https://cdnjs.cloudflare.com/ajax/libs/three.js/r128/three.min.js:5
[    7064ms] [WARNING] THREE.MeshLambertMaterial: 'roughness' is not a property of this material. @ https://cdnjs.cloudflare.com/ajax/libs/three.js/r128/three.min.js:5
[    7067ms] [WARNING] THREE.MeshLambertMaterial: 'metalness' is not a property of this material. @ https://cdnjs.cloudflare.com/ajax/libs/three.js/r128/three.min.js:5
[    7067ms] [WARNING] THREE.MeshLambertMaterial: 'roughness' is not a property of this material. @ https://cdnjs.cloudflare.com/ajax/libs/three.js/r128/three.min.js:5
[    7067ms] [WARNING] THREE.MeshLambertMaterial: 'metalness' is not a property of this material. @ https://cdnjs.cloudflare.com/ajax/libs/three.js/r128/three.min.js:5
[    7068ms] [WARNING] THREE.MeshLambertMaterial: 'roughness' is not a property of this material. @ https://cdnjs.cloudflare.com/ajax/libs/three.js/r128/three.min.js:5
[    7068ms] [WARNING] THREE.MeshLambertMaterial: 'metalness' is not a property of this material. @ https://cdnjs.cloudflare.com/ajax/libs/three.js/r128/three.min.js:5
[    7068ms] [WARNING] THREE.MeshLambertMaterial: 'roughness' is not a property of this material. @ https://cdnjs.cloudflare.com/ajax/libs/three.js/r128/three.min.js:5
[    7068ms] [WARNING] THREE.MeshLambertMaterial: 'metalness' is not a property of this material. @ https://cdnjs.cloudflare.com/ajax/libs/three.js/r128/three.min.js:5
[    7068ms] [WARNING] THREE.MeshLambertMaterial: 'roughness' is not a property of this material. @ https://cdnjs.cloudflare.com/ajax/libs/three.js/r128/three.min.js:5
[    7068ms] [WARNING] THREE.MeshLambertMaterial: 'metalness' is not a property of this material. @ https://cdnjs.cloudflare.com/ajax/libs/three.js/r128/three.min.js:5
[    7068ms] [WARNING] THREE.MeshLambertMaterial: 'roughness' is not a property of this material. @ https://cdnjs.cloudflare.com/ajax/libs/three.js/r128/three.min.js:5
[    7068ms] [WARNING] THREE.MeshLambertMaterial: 'metalness' is not a property of this material. @ https://cdnjs.cloudflare.com/ajax/libs/three.js/r128/three.min.js:5
[    7068ms] [WARNING] THREE.MeshLambertMaterial: 'roughness' is not a property of this material. @ https://cdnjs.cloudflare.com/ajax/libs/three.js/r128/three.min.js:5
[    7068ms] [WARNING] THREE.MeshLambertMaterial: 'metalness' is not a property of this material. @ https://cdnjs.cloudflare.com/ajax/libs/three.js/r128/three.min.js:5
[    7068ms] [WARNING] THREE.MeshLambertMaterial: 'roughness' is not a property of this material. @ https://cdnjs.cloudflare.com/ajax/libs/three.js/r128/three.min.js:5
[    7068ms] [WARNING] THREE.MeshLambertMaterial: 'metalness' is not a property of this material. @ https://cdnjs.cloudflare.com/ajax/libs/three.js/r128/three.min.js:5
[    7068ms] [WARNING] THREE.MeshLambertMaterial: 'roughness' is not a property of this material. @ https://cdnjs.cloudflare.com/ajax/libs/three.js/r128/three.min.js:5
[    7068ms] [WARNING] THREE.MeshLambertMaterial: 'metalness' is not a property of this material. @ https://cdnjs.cloudflare.com/ajax/libs/three.js/r128/three.min.js:5
[    7069ms] [WARNING] THREE.MeshLambertMaterial: 'roughness' is not a property of this material. @ https://cdnjs.cloudflare.com/ajax/libs/three.js/r128/three.min.js:5
[    7069ms] [WARNING] THREE.MeshLambertMaterial: 'metalness' is not a property of this material. @ https://cdnjs.cloudflare.com/ajax/libs/three.js/r128/three.min.js:5
[    7069ms] [WARNING] THREE.MeshLambertMaterial: 'roughness' is not a property of this material. @ https://cdnjs.cloudflare.com/ajax/libs/three.js/r128/three.min.js:5
[    7069ms] [WARNING] THREE.MeshLambertMaterial: 'metalness' is not a property of this material. @ https://cdnjs.cloudflare.com/ajax/libs/three.js/r128/three.min.js:5
[    7069ms] [WARNING] THREE.MeshLambertMaterial: 'roughness' is not a property of this material. @ https://cdnjs.cloudflare.com/ajax/libs/three.js/r128/three.min.js:5
[    7069ms] [WARNING] THREE.MeshLambertMaterial: 'metalness' is not a property of this material. @ https://cdnjs.cloudflare.com/ajax/libs/three.js/r128/three.min.js:5
[    7069ms] [WARNING] THREE.MeshLambertMaterial: 'roughness' is not a property of this material. @ https://cdnjs.cloudflare.com/ajax/libs/three.js/r128/three.min.js:5
[    7069ms] [WARNING] THREE.MeshLambertMaterial: 'metalness' is not a property of this material. @ https://cdnjs.cloudflare.com/ajax/libs/three.js/r128/three.min.js:5
[    7069ms] [WARNING] THREE.MeshLambertMaterial: 'roughness' is not a property of this material. @ https://cdnjs.cloudflare.com/ajax/libs/three.js/r128/three.min.js:5
[    7069ms] [WARNING] THREE.MeshLambertMaterial: 'metalness' is not a property of this material. @ https://cdnjs.cloudflare.com/ajax/libs/three.js/r128/three.min.js:5
[    7069ms] [WARNING] THREE.MeshLambertMaterial: 'roughness' is not a property of this material. @ https://cdnjs.cloudflare.com/ajax/libs/three.js/r128/three.min.js:5
[    7069ms] [WARNING] THREE.MeshLambertMaterial: 'metalness' is not a property of this material. @ https://cdnjs.cloudflare.com/ajax/libs/three.js/r128/three.min.js:5
[    7069ms] [WARNING] THREE.MeshLambertMaterial: 'roughness' is not a property of this material. @ https://cdnjs.cloudflare.com/ajax/libs/three.js/r128/three.min.js:5
[    7069ms] [WARNING] THREE.MeshLambertMaterial: 'metalness' is not a property of this material. @ https://cdnjs.cloudflare.com/ajax/libs/three.js/r128/three.min.js:5
[    7069ms] [WARNING] THREE.MeshLambertMaterial: 'roughness' is not a property of this material. @ https://cdnjs.cloudflare.com/ajax/libs/three.js/r128/three.min.js:5
[    7070ms] [WARNING] THREE.MeshLambertMaterial: 'metalness' is not a property of this material. @ https://cdnjs.cloudflare.com/ajax/libs/three.js/r128/three.min.js:5
[    7070ms] [WARNING] THREE.MeshLambertMaterial: 'roughness' is not a property of this material. @ https://cdnjs.cloudflare.com/ajax/libs/three.js/r128/three.min.js:5
[    7070ms] [WARNING] THREE.MeshLambertMaterial: 'metalness' is not a property of this material. @ https://cdnjs.cloudflare.com/ajax/libs/three.js/r128/three.min.js:5
[    7070ms] [WARNING] THREE.MeshLambertMaterial: 'roughness' is not a property of this material. @ https://cdnjs.cloudflare.com/ajax/libs/three.js/r128/three.min.js:5
[    7070ms] [WARNING] THREE.MeshLambertMaterial: 'metalness' is not a property of this material. @ https://cdnjs.cloudflare.com/ajax/libs/three.js/r128/three.min.js:5
[    7070ms] [WARNING] THREE.MeshLambertMaterial: 'roughness' is not a property of this material. @ https://cdnjs.cloudflare.com/ajax/libs/three.js/r128/three.min.js:5
[    7070ms] [WARNING] THREE.MeshLambertMaterial: 'metalness' is not a property of this material. @ https://cdnjs.cloudflare.com/ajax/libs/three.js/r128/three.min.js:5
[    7070ms] [WARNING] THREE.MeshLambertMaterial: 'roughness' is not a property of this material. @ https://cdnjs.cloudflare.com/ajax/libs/three.js/r128/three.min.js:5
[    7070ms] [WARNING] THREE.MeshLambertMaterial: 'metalness' is not a property of this material. @ https://cdnjs.cloudflare.com/ajax/libs/three.js/r128/three.min.js:5
[    7070ms] [WARNING] THREE.MeshLambertMaterial: 'roughness' is not a property of this material. @ https://cdnjs.cloudflare.com/ajax/libs/three.js/r128/three.min.js:5
[    7070ms] [WARNING] THREE.MeshLambertMaterial: 'metalness' is not a property of this material. @ https://cdnjs.cloudflare.com/ajax/libs/three.js/r128/three.min.js:5
[    7070ms] [WARNING] THREE.MeshLambertMaterial: 'roughness' is not a property of this material. @ https://cdnjs.cloudflare.com/ajax/libs/three.js/r128/three.min.js:5
[    7070ms] [WARNING] THREE.MeshLambertMaterial: 'metalness' is not a property of this material. @ https://cdnjs.cloudflare.com/ajax/libs/three.js/r128/three.min.js:5
[    7070ms] [WARNING] THREE.MeshLambertMaterial: 'roughness' is not a property of this material. @ https://cdnjs.cloudflare.com/ajax/libs/three.js/r128/three.min.js:5
[    7070ms] [WARNING] THREE.MeshLambertMaterial: 'metalness' is not a property of this material. @ https://cdnjs.cloudflare.com/ajax/libs/three.js/r128/three.min.js:5
[    7070ms] [WARNING] THREE.MeshLambertMaterial: 'roughness' is not a property of this material. @ https://cdnjs.cloudflare.com/ajax/libs/three.js/r128/three.min.js:5
[    7071ms] [WARNING] THREE.MeshLambertMaterial: 'metalness' is not a property of this material. @ https://cdnjs.cloudflare.com/ajax/libs/three.js/r128/three.min.js:5
[    7071ms] [WARNING] THREE.MeshLambertMaterial: 'roughness' is not a property of this material. @ https://cdnjs.cloudflare.com/ajax/libs/three.js/r128/three.min.js:5
[    7071ms] [WARNING] THREE.MeshLambertMaterial: 'metalness' is not a property of this material. @ https://cdnjs.cloudflare.com/ajax/libs/three.js/r128/three.min.js:5
[    7071ms] [WARNING] THREE.MeshLambertMaterial: 'roughness' is not a property of this material. @ https://cdnjs.cloudflare.com/ajax/libs/three.js/r128/three.min.js:5
[    7071ms] [WARNING] THREE.MeshLambertMaterial: 'metalness' is not a property of this material. @ https://cdnjs.cloudflare.com/ajax/libs/three.js/r128/three.min.js:5
[    7071ms] [WARNING] THREE.MeshLambertMaterial: 'roughness' is not a property of this material. @ https://cdnjs.cloudflare.com/ajax/libs/three.js/r128/three.min.js:5
[    7071ms] [WARNING] THREE.MeshLambertMaterial: 'metalness' is not a property of this material. @ https://cdnjs.cloudflare.com/ajax/libs/three.js/r128/three.min.js:5
[    7071ms] [WARNING] THREE.MeshLambertMaterial: 'roughness' is not a property of this material. @ https://cdnjs.cloudflare.com/ajax/libs/three.js/r128/three.min.js:5
[    7071ms] [WARNING] THREE.MeshLambertMaterial: 'metalness' is not a property of this material. @ https://cdnjs.cloudflare.com/ajax/libs/three.js/r128/three.min.js:5
[    7071ms] [WARNING] THREE.MeshLambertMaterial: 'roughness' is not a property of this material. @ https://cdnjs.cloudflare.com/ajax/libs/three.js/r128/three.min.js:5
[    7071ms] [WARNING] THREE.MeshLambertMaterial: 'metalness' is not a property of this material. @ https://cdnjs.cloudflare.com/ajax/libs/three.js/r128/three.min.js:5
[    7072ms] [WARNING] THREE.MeshLambertMaterial: 'roughness' is not a property of this material. @ https://cdnjs.cloudflare.com/ajax/libs/three.js/r128/three.min.js:5
[    7072ms] [WARNING] THREE.MeshLambertMaterial: 'metalness' is not a property of this material. @ https://cdnjs.cloudflare.com/ajax/libs/three.js/r128/three.min.js:5
[    7072ms] [WARNING] THREE.MeshLambertMaterial: 'roughness' is not a property of this material. @ https://cdnjs.cloudflare.com/ajax/libs/three.js/r128/three.min.js:5
[    7072ms] [WARNING] THREE.MeshLambertMaterial: 'metalness' is not a property of this material. @ https://cdnjs.cloudflare.com/ajax/libs/three.js/r128/three.min.js:5
[    7072ms] [WARNING] THREE.MeshLambertMaterial: 'roughness' is not a property of this material. @ https://cdnjs.cloudflare.com/ajax/libs/three.js/r128/three.min.js:5
[    7072ms] [WARNING] THREE.MeshLambertMaterial: 'metalness' is not a property of this material. @ https://cdnjs.cloudflare.com/ajax/libs/three.js/r128/three.min.js:5
[    7072ms] [WARNING] THREE.MeshLambertMaterial: 'roughness' is not a property of this material. @ https://cdnjs.cloudflare.com/ajax/libs/three.js/r128/three.min.js:5
[    7072ms] [WARNING] THREE.MeshLambertMaterial: 'metalness' is not a property of this material. @ https://cdnjs.cloudflare.com/ajax/libs/three.js/r128/three.min.js:5
[    7072ms] [WARNING] THREE.MeshLambertMaterial: 'roughness' is not a property of this material. @ https://cdnjs.cloudflare.com/ajax/libs/three.js/r128/three.min.js:5
[    7072ms] [WARNING] THREE.MeshLambertMaterial: 'metalness' is not a property of this material. @ https://cdnjs.cloudflare.com/ajax/libs/three.js/r128/three.min.js:5
[    7072ms] [WARNING] THREE.MeshLambertMaterial: 'roughness' is not a property of this material. @ https://cdnjs.cloudflare.com/ajax/libs/three.js/r128/three.min.js:5
[    7072ms] [WARNING] THREE.MeshLambertMaterial: 'metalness' is not a property of this material. @ https://cdnjs.cloudflare.com/ajax/libs/three.js/r128/three.min.js:5
[    7072ms] [WARNING] THREE.MeshLambertMaterial: 'roughness' is not a property of this material. @ https://cdnjs.cloudflare.com/ajax/libs/three.js/r128/three.min.js:5
[    7072ms] [WARNING] THREE.MeshLambertMaterial: 'metalness' is not a property of this material. @ https://cdnjs.cloudflare.com/ajax/libs/three.js/r128/three.min.js:5
[    7073ms] [WARNING] THREE.MeshLambertMaterial: 'roughness' is not a property of this material. @ https://cdnjs.cloudflare.com/ajax/libs/three.js/r128/three.min.js:5
[    7073ms] [WARNING] THREE.MeshLambertMaterial: 'metalness' is not a property of this material. @ https://cdnjs.cloudflare.com/ajax/libs/three.js/r128/three.min.js:5
[    7073ms] [WARNING] THREE.MeshLambertMaterial: 'roughness' is not a property of this material. @ https://cdnjs.cloudflare.com/ajax/libs/three.js/r128/three.min.js:5
[    7073ms] [WARNING] THREE.MeshLambertMaterial: 'metalness' is not a property of this material. @ https://cdnjs.cloudflare.com/ajax/libs/three.js/r128/three.min.js:5
[    7073ms] [WARNING] THREE.MeshLambertMaterial: 'roughness' is not a property of this material. @ https://cdnjs.cloudflare.com/ajax/libs/three.js/r128/three.min.js:5
[    7073ms] [WARNING] THREE.MeshLambertMaterial: 'metalness' is not a property of this material. @ https://cdnjs.cloudflare.com/ajax/libs/three.js/r128/three.min.js:5
[    7073ms] [WARNING] THREE.MeshLambertMaterial: 'roughness' is not a property of this material. @ https://cdnjs.cloudflare.com/ajax/libs/three.js/r128/three.min.js:5
[    7073ms] [WARNING] THREE.MeshLambertMaterial: 'metalness' is not a property of this material. @ https://cdnjs.cloudflare.com/ajax/libs/three.js/r128/three.min.js:5
[    7073ms] [WARNING] THREE.MeshLambertMaterial: 'roughness' is not a property of this material. @ https://cdnjs.cloudflare.com/ajax/libs/three.js/r128/three.min.js:5
[    7073ms] [WARNING] THREE.MeshLambertMaterial: 'metalness' is not a property of this material. @ https://cdnjs.cloudflare.com/ajax/libs/three.js/r128/three.min.js:5
[    7073ms] [WARNING] THREE.MeshLambertMaterial: 'roughness' is not a property of this material. @ https://cdnjs.cloudflare.com/ajax/libs/three.js/r128/three.min.js:5
[    7073ms] [WARNING] THREE.MeshLambertMaterial: 'metalness' is not a property of this material. @ https://cdnjs.cloudflare.com/ajax/libs/three.js/r128/three.min.js:5
[    7073ms] [WARNING] THREE.MeshLambertMaterial: 'roughness' is not a property of this material. @ https://cdnjs.cloudflare.com/ajax/libs/three.js/r128/three.min.js:5
[    7073ms] [WARNING] THREE.MeshLambertMaterial: 'metalness' is not a property of this material. @ https://cdnjs.cloudflare.com/ajax/libs/three.js/r128/three.min.js:5
[    7073ms] [WARNING] THREE.MeshLambertMaterial: 'roughness' is not a property of this material. @ https://cdnjs.cloudflare.com/ajax/libs/three.js/r128/three.min.js:5
[    7074ms] [WARNING] THREE.MeshLambertMaterial: 'metalness' is not a property of this material. @ https://cdnjs.cloudflare.com/ajax/libs/three.js/r128/three.min.js:5
[    7074ms] [WARNING] THREE.MeshLambertMaterial: 'roughness' is not a property of this material. @ https://cdnjs.cloudflare.com/ajax/libs/three.js/r128/three.min.js:5
[    7074ms] [WARNING] THREE.MeshLambertMaterial: 'metalness' is not a property of this material. @ https://cdnjs.cloudflare.com/ajax/libs/three.js/r128/three.min.js:5
[    7074ms] [WARNING] THREE.MeshLambertMaterial: 'roughness' is not a property of this material. @ https://cdnjs.cloudflare.com/ajax/libs/three.js/r128/three.min.js:5
[    7074ms] [WARNING] THREE.MeshLambertMaterial: 'metalness' is not a property of this material. @ https://cdnjs.cloudflare.com/ajax/libs/three.js/r128/three.min.js:5
[    7074ms] [WARNING] THREE.MeshLambertMaterial: 'roughness' is not a property of this material. @ https://cdnjs.cloudflare.com/ajax/libs/three.js/r128/three.min.js:5
[   11794ms] [WARNING] THREE.MeshLambertMaterial: 'metalness' is not a property of this material. @ https://cdnjs.cloudflare.com/ajax/libs/three.js/r128/three.min.js:5
[   11794ms] [WARNING] THREE.MeshLambertMaterial: 'roughness' is not a property of this material. @ https://cdnjs.cloudflare.com/ajax/libs/three.js/r128/three.min.js:5
[   12943ms] [WARNING] THREE.MeshLambertMaterial: 'metalness' is not a property of this material. @ https://cdnjs.cloudflare.com/ajax/libs/three.js/r128/three.min.js:5
[   12943ms] [WARNING] THREE.MeshLambertMaterial: 'roughness' is not a property of this material. @ https://cdnjs.cloudflare.com/ajax/libs/three.js/r128/three.min.js:5
[   38859ms] [WARNING] THREE.MeshLambertMaterial: 'metalness' is not a property of this material. @ https://cdnjs.cloudflare.com/ajax/libs/three.js/r128/three.min.js:5
[   38859ms] [WARNING] THREE.MeshLambertMaterial: 'roughness' is not a property of this material. @ https://cdnjs.cloudflare.com/ajax/libs/three.js/r128/three.min.js:5
[   60528ms] [WARNING] THREE.MeshLambertMaterial: 'metalness' is not a property of this material. @ https://cdnjs.cloudflare.com/ajax/libs/three.js/r128/three.min.js:5
[   60528ms] [WARNING] THREE.MeshLambertMaterial: 'roughness' is not a property of this material. @ https://cdnjs.cloudflare.com/ajax/libs/three.js/r128/three.min.js:5
[   65794ms] [WARNING] THREE.MeshLambertMaterial: 'metalness' is not a property of this material. @ https://cdnjs.cloudflare.com/ajax/libs/three.js/r128/three.min.js:5
[   65794ms] [WARNING] THREE.MeshLambertMaterial: 'roughness' is not a property of this material. @ https://cdnjs.cloudflare.com/ajax/libs/three.js/r128/three.min.js:5
[   68694ms] [WARNING] THREE.MeshLambertMaterial: 'metalness' is not a property of this material. @ https://cdnjs.cloudflare.com/ajax/libs/three.js/r128/three.min.js:5
[   68694ms] [WARNING] THREE.MeshLambertMaterial: 'roughness' is not a property of this material. @ https://cdnjs.cloudflare.com/ajax/libs/three.js/r128/three.min.js:5
[   68694ms] [WARNING] THREE.MeshLambertMaterial: 'metalness' is not a property of this material. @ https://cdnjs.cloudflare.com/ajax/libs/three.js/r128/three.min.js:5
[   68694ms] [WARNING] THREE.MeshLambertMaterial: 'roughness' is not a property of this material. @ https://cdnjs.cloudflare.com/ajax/libs/three.js/r128/three.min.js:5
[   71860ms] [WARNING] THREE.MeshLambertMaterial: 'metalness' is not a property of this material. @ https://cdnjs.cloudflare.com/ajax/libs/three.js/r128/three.min.js:5
[   71861ms] [WARNING] THREE.MeshLambertMaterial: 'roughness' is not a property of this material. @ https://cdnjs.cloudflare.com/ajax/libs/three.js/r128/three.min.js:5
[   80759ms] [WARNING] THREE.MeshLambertMaterial: 'metalness' is not a property of this material. @ https://cdnjs.cloudflare.com/ajax/libs/three.js/r128/three.min.js:5
[   80759ms] [WARNING] THREE.MeshLambertMaterial: 'roughness' is not a property of this material. @ https://cdnjs.cloudflare.com/ajax/libs/three.js/r128/three.min.js:5
[   80759ms] [WARNING] THREE.MeshLambertMaterial: 'metalness' is not a property of this material. @ https://cdnjs.cloudflare.com/ajax/libs/three.js/r128/three.min.js:5
[   80759ms] [WARNING] THREE.MeshLambertMaterial: 'roughness' is not a property of this material. @ https://cdnjs.cloudflare.com/ajax/libs/three.js/r128/three.min.js:5
